[2026-07-30T18:10:17.157+0000] {processor.py:186} INFO - Started process (PID=161) to work on /opt/airflow/dags/finascore_pipeline_dag.py
[2026-07-30T18:10:17.158+0000] {processor.py:914} INFO - Processing file /opt/airflow/dags/finascore_pipeline_dag.py for tasks to queue
[2026-07-30T18:10:17.160+0000] {logging_mixin.py:190} INFO - [2026-07-30T18:10:17.159+0000] {dagbag.py:588} INFO - Filling up the DagBag from /opt/airflow/dags/finascore_pipeline_dag.py
[2026-07-30T18:10:17.223+0000] {processor.py:925} INFO - DAG(s) 'finascore_ml_pipeline' retrieved from /opt/airflow/dags/finascore_pipeline_dag.py
[2026-07-30T18:10:18.029+0000] {logging_mixin.py:190} INFO - [2026-07-30T18:10:18.028+0000] {override.py:1932} INFO - Created Permission View: can delete on DAG:finascore_ml_pipeline
[2026-07-30T18:10:18.036+0000] {logging_mixin.py:190} INFO - [2026-07-30T18:10:18.036+0000] {override.py:1932} INFO - Created Permission View: can read on DAG:finascore_ml_pipeline
[2026-07-30T18:10:18.044+0000] {logging_mixin.py:190} INFO - [2026-07-30T18:10:18.044+0000] {override.py:1932} INFO - Created Permission View: can edit on DAG:finascore_ml_pipeline
[2026-07-30T18:10:18.052+0000] {logging_mixin.py:190} INFO - [2026-07-30T18:10:18.051+0000] {override.py:1932} INFO - Created Permission View: menu access on DAG Run:finascore_ml_pipeline
[2026-07-30T18:10:18.059+0000] {logging_mixin.py:190} INFO - [2026-07-30T18:10:18.058+0000] {override.py:1932} INFO - Created Permission View: can create on DAG Run:finascore_ml_pipeline
[2026-07-30T18:10:18.072+0000] {logging_mixin.py:190} INFO - [2026-07-30T18:10:18.072+0000] {override.py:1932} INFO - Created Permission View: can read on DAG Run:finascore_ml_pipeline
[2026-07-30T18:10:18.080+0000] {logging_mixin.py:190} INFO - [2026-07-30T18:10:18.079+0000] {override.py:1932} INFO - Created Permission View: can delete on DAG Run:finascore_ml_pipeline
[2026-07-30T18:10:18.080+0000] {logging_mixin.py:190} INFO - [2026-07-30T18:10:18.080+0000] {dag.py:3239} INFO - Sync 1 DAGs
[2026-07-30T18:10:18.097+0000] {logging_mixin.py:190} INFO - [2026-07-30T18:10:18.097+0000] {dag.py:3262} INFO - Creating ORM DAG for finascore_ml_pipeline
[2026-07-30T18:10:18.115+0000] {logging_mixin.py:190} INFO - [2026-07-30T18:10:18.115+0000] {dag.py:4180} INFO - Setting next_dagrun for finascore_ml_pipeline to 2026-07-19 00:00:00+00:00, run_after=2026-07-26 00:00:00+00:00
[2026-07-30T18:10:18.137+0000] {processor.py:208} INFO - Processing /opt/airflow/dags/finascore_pipeline_dag.py took 0.989 seconds
[2026-07-30T18:10:48.321+0000] {processor.py:186} INFO - Started process (PID=166) to work on /opt/airflow/dags/finascore_pipeline_dag.py
[2026-07-30T18:10:48.330+0000] {processor.py:914} INFO - Processing file /opt/airflow/dags/finascore_pipeline_dag.py for tasks to queue
[2026-07-30T18:10:48.331+0000] {logging_mixin.py:190} INFO - [2026-07-30T18:10:48.331+0000] {dagbag.py:588} INFO - Filling up the DagBag from /opt/airflow/dags/finascore_pipeline_dag.py
[2026-07-30T18:10:48.347+0000] {processor.py:925} INFO - DAG(s) 'finascore_ml_pipeline' retrieved from /opt/airflow/dags/finascore_pipeline_dag.py
[2026-07-30T18:10:48.412+0000] {logging_mixin.py:190} INFO - [2026-07-30T18:10:48.412+0000] {dag.py:3239} INFO - Sync 1 DAGs
[2026-07-30T18:10:48.436+0000] {logging_mixin.py:190} INFO - [2026-07-30T18:10:48.436+0000] {dag.py:4180} INFO - Setting next_dagrun for finascore_ml_pipeline to 2026-07-19 00:00:00+00:00, run_after=2026-07-26 00:00:00+00:00
[2026-07-30T18:10:48.468+0000] {processor.py:208} INFO - Processing /opt/airflow/dags/finascore_pipeline_dag.py took 0.154 seconds
[2026-07-30T18:11:18.634+0000] {processor.py:186} INFO - Started process (PID=174) to work on /opt/airflow/dags/finascore_pipeline_dag.py
[2026-07-30T18:11:18.635+0000] {processor.py:914} INFO - Processing file /opt/airflow/dags/finascore_pipeline_dag.py for tasks to queue
[2026-07-30T18:11:18.637+0000] {logging_mixin.py:190} INFO - [2026-07-30T18:11:18.637+0000] {dagbag.py:588} INFO - Filling up the DagBag from /opt/airflow/dags/finascore_pipeline_dag.py
[2026-07-30T18:11:18.656+0000] {processor.py:925} INFO - DAG(s) 'finascore_ml_pipeline' retrieved from /opt/airflow/dags/finascore_pipeline_dag.py
[2026-07-30T18:11:18.708+0000] {logging_mixin.py:190} INFO - [2026-07-30T18:11:18.707+0000] {dag.py:3239} INFO - Sync 1 DAGs
[2026-07-30T18:11:18.738+0000] {logging_mixin.py:190} INFO - [2026-07-30T18:11:18.738+0000] {dag.py:4180} INFO - Setting next_dagrun for finascore_ml_pipeline to 2026-07-26 00:00:00+00:00, run_after=2026-08-02 00:00:00+00:00
[2026-07-30T18:11:18.939+0000] {processor.py:208} INFO - Processing /opt/airflow/dags/finascore_pipeline_dag.py took 0.314 seconds
[2026-07-30T18:11:49.122+0000] {processor.py:186} INFO - Started process (PID=184) to work on /opt/airflow/dags/finascore_pipeline_dag.py
[2026-07-30T18:11:49.123+0000] {processor.py:914} INFO - Processing file /opt/airflow/dags/finascore_pipeline_dag.py for tasks to queue
[2026-07-30T18:11:49.125+0000] {logging_mixin.py:190} INFO - [2026-07-30T18:11:49.124+0000] {dagbag.py:588} INFO - Filling up the DagBag from /opt/airflow/dags/finascore_pipeline_dag.py
[2026-07-30T18:11:49.148+0000] {processor.py:925} INFO - DAG(s) 'finascore_ml_pipeline' retrieved from /opt/airflow/dags/finascore_pipeline_dag.py
[2026-07-30T18:11:49.203+0000] {logging_mixin.py:190} INFO - [2026-07-30T18:11:49.203+0000] {dag.py:3239} INFO - Sync 1 DAGs
[2026-07-30T18:11:49.591+0000] {logging_mixin.py:190} INFO - [2026-07-30T18:11:49.591+0000] {dag.py:4180} INFO - Setting next_dagrun for finascore_ml_pipeline to 2026-07-26 00:00:00+00:00, run_after=2026-08-02 00:00:00+00:00
[2026-07-30T18:11:49.658+0000] {processor.py:208} INFO - Processing /opt/airflow/dags/finascore_pipeline_dag.py took 0.543 seconds
[2026-07-30T18:12:19.859+0000] {processor.py:186} INFO - Started process (PID=189) to work on /opt/airflow/dags/finascore_pipeline_dag.py
[2026-07-30T18:12:19.861+0000] {processor.py:914} INFO - Processing file /opt/airflow/dags/finascore_pipeline_dag.py for tasks to queue
[2026-07-30T18:12:19.862+0000] {logging_mixin.py:190} INFO - [2026-07-30T18:12:19.862+0000] {dagbag.py:588} INFO - Filling up the DagBag from /opt/airflow/dags/finascore_pipeline_dag.py
[2026-07-30T18:12:19.874+0000] {processor.py:925} INFO - DAG(s) 'finascore_ml_pipeline' retrieved from /opt/airflow/dags/finascore_pipeline_dag.py
[2026-07-30T18:12:20.059+0000] {logging_mixin.py:190} INFO - [2026-07-30T18:12:20.059+0000] {dag.py:3239} INFO - Sync 1 DAGs
[2026-07-30T18:12:20.079+0000] {logging_mixin.py:190} INFO - [2026-07-30T18:12:20.079+0000] {dag.py:4180} INFO - Setting next_dagrun for finascore_ml_pipeline to 2026-07-26 00:00:00+00:00, run_after=2026-08-02 00:00:00+00:00
[2026-07-30T18:12:20.095+0000] {processor.py:208} INFO - Processing /opt/airflow/dags/finascore_pipeline_dag.py took 0.242 seconds
[2026-07-30T18:12:50.253+0000] {processor.py:186} INFO - Started process (PID=194) to work on /opt/airflow/dags/finascore_pipeline_dag.py
[2026-07-30T18:12:50.255+0000] {processor.py:914} INFO - Processing file /opt/airflow/dags/finascore_pipeline_dag.py for tasks to queue
[2026-07-30T18:12:50.256+0000] {logging_mixin.py:190} INFO - [2026-07-30T18:12:50.256+0000] {dagbag.py:588} INFO - Filling up the DagBag from /opt/airflow/dags/finascore_pipeline_dag.py
[2026-07-30T18:12:50.429+0000] {processor.py:925} INFO - DAG(s) 'finascore_ml_pipeline' retrieved from /opt/airflow/dags/finascore_pipeline_dag.py
[2026-07-30T18:12:50.459+0000] {logging_mixin.py:190} INFO - [2026-07-30T18:12:50.459+0000] {dag.py:3239} INFO - Sync 1 DAGs
[2026-07-30T18:12:50.481+0000] {logging_mixin.py:190} INFO - [2026-07-30T18:12:50.481+0000] {dag.py:4180} INFO - Setting next_dagrun for finascore_ml_pipeline to 2026-07-26 00:00:00+00:00, run_after=2026-08-02 00:00:00+00:00
[2026-07-30T18:12:50.498+0000] {processor.py:208} INFO - Processing /opt/airflow/dags/finascore_pipeline_dag.py took 0.250 seconds
[2026-07-30T18:13:20.931+0000] {processor.py:186} INFO - Started process (PID=199) to work on /opt/airflow/dags/finascore_pipeline_dag.py
[2026-07-30T18:13:20.933+0000] {processor.py:914} INFO - Processing file /opt/airflow/dags/finascore_pipeline_dag.py for tasks to queue
[2026-07-30T18:13:20.934+0000] {logging_mixin.py:190} INFO - [2026-07-30T18:13:20.933+0000] {dagbag.py:588} INFO - Filling up the DagBag from /opt/airflow/dags/finascore_pipeline_dag.py
[2026-07-30T18:13:20.953+0000] {processor.py:925} INFO - DAG(s) 'finascore_ml_pipeline' retrieved from /opt/airflow/dags/finascore_pipeline_dag.py
[2026-07-30T18:13:21.001+0000] {logging_mixin.py:190} INFO - [2026-07-30T18:13:21.001+0000] {dag.py:3239} INFO - Sync 1 DAGs
[2026-07-30T18:13:21.047+0000] {logging_mixin.py:190} INFO - [2026-07-30T18:13:21.046+0000] {dag.py:4180} INFO - Setting next_dagrun for finascore_ml_pipeline to 2026-07-26 00:00:00+00:00, run_after=2026-08-02 00:00:00+00:00
[2026-07-30T18:13:21.075+0000] {processor.py:208} INFO - Processing /opt/airflow/dags/finascore_pipeline_dag.py took 0.153 seconds
[2026-07-30T18:13:51.235+0000] {processor.py:186} INFO - Started process (PID=204) to work on /opt/airflow/dags/finascore_pipeline_dag.py
[2026-07-30T18:13:51.237+0000] {processor.py:914} INFO - Processing file /opt/airflow/dags/finascore_pipeline_dag.py for tasks to queue
[2026-07-30T18:13:51.238+0000] {logging_mixin.py:190} INFO - [2026-07-30T18:13:51.237+0000] {dagbag.py:588} INFO - Filling up the DagBag from /opt/airflow/dags/finascore_pipeline_dag.py
[2026-07-30T18:13:51.250+0000] {processor.py:925} INFO - DAG(s) 'finascore_ml_pipeline' retrieved from /opt/airflow/dags/finascore_pipeline_dag.py
[2026-07-30T18:13:51.281+0000] {logging_mixin.py:190} INFO - [2026-07-30T18:13:51.281+0000] {dag.py:3239} INFO - Sync 1 DAGs
[2026-07-30T18:13:51.310+0000] {logging_mixin.py:190} INFO - [2026-07-30T18:13:51.310+0000] {dag.py:4180} INFO - Setting next_dagrun for finascore_ml_pipeline to 2026-07-26 00:00:00+00:00, run_after=2026-08-02 00:00:00+00:00
[2026-07-30T18:13:51.339+0000] {processor.py:208} INFO - Processing /opt/airflow/dags/finascore_pipeline_dag.py took 0.110 seconds
[2026-07-30T18:14:21.376+0000] {processor.py:186} INFO - Started process (PID=209) to work on /opt/airflow/dags/finascore_pipeline_dag.py
[2026-07-30T18:14:21.377+0000] {processor.py:914} INFO - Processing file /opt/airflow/dags/finascore_pipeline_dag.py for tasks to queue
[2026-07-30T18:14:21.379+0000] {logging_mixin.py:190} INFO - [2026-07-30T18:14:21.378+0000] {dagbag.py:588} INFO - Filling up the DagBag from /opt/airflow/dags/finascore_pipeline_dag.py
[2026-07-30T18:14:21.391+0000] {processor.py:925} INFO - DAG(s) 'finascore_ml_pipeline' retrieved from /opt/airflow/dags/finascore_pipeline_dag.py
[2026-07-30T18:14:21.423+0000] {logging_mixin.py:190} INFO - [2026-07-30T18:14:21.423+0000] {dag.py:3239} INFO - Sync 1 DAGs
[2026-07-30T18:14:21.445+0000] {logging_mixin.py:190} INFO - [2026-07-30T18:14:21.445+0000] {dag.py:4180} INFO - Setting next_dagrun for finascore_ml_pipeline to 2026-07-26 00:00:00+00:00, run_after=2026-08-02 00:00:00+00:00
[2026-07-30T18:14:21.461+0000] {processor.py:208} INFO - Processing /opt/airflow/dags/finascore_pipeline_dag.py took 0.092 seconds
[2026-07-30T18:14:51.629+0000] {processor.py:186} INFO - Started process (PID=214) to work on /opt/airflow/dags/finascore_pipeline_dag.py
[2026-07-30T18:14:51.630+0000] {processor.py:914} INFO - Processing file /opt/airflow/dags/finascore_pipeline_dag.py for tasks to queue
[2026-07-30T18:14:51.631+0000] {logging_mixin.py:190} INFO - [2026-07-30T18:14:51.631+0000] {dagbag.py:588} INFO - Filling up the DagBag from /opt/airflow/dags/finascore_pipeline_dag.py
[2026-07-30T18:14:51.644+0000] {processor.py:925} INFO - DAG(s) 'finascore_ml_pipeline' retrieved from /opt/airflow/dags/finascore_pipeline_dag.py
[2026-07-30T18:14:51.676+0000] {logging_mixin.py:190} INFO - [2026-07-30T18:14:51.675+0000] {dag.py:3239} INFO - Sync 1 DAGs
[2026-07-30T18:14:51.698+0000] {logging_mixin.py:190} INFO - [2026-07-30T18:14:51.697+0000] {dag.py:4180} INFO - Setting next_dagrun for finascore_ml_pipeline to 2026-07-26 00:00:00+00:00, run_after=2026-08-02 00:00:00+00:00
[2026-07-30T18:14:51.717+0000] {processor.py:208} INFO - Processing /opt/airflow/dags/finascore_pipeline_dag.py took 0.095 seconds
[2026-07-30T18:15:21.783+0000] {processor.py:186} INFO - Started process (PID=219) to work on /opt/airflow/dags/finascore_pipeline_dag.py
[2026-07-30T18:15:21.784+0000] {processor.py:914} INFO - Processing file /opt/airflow/dags/finascore_pipeline_dag.py for tasks to queue
[2026-07-30T18:15:21.786+0000] {logging_mixin.py:190} INFO - [2026-07-30T18:15:21.785+0000] {dagbag.py:588} INFO - Filling up the DagBag from /opt/airflow/dags/finascore_pipeline_dag.py
[2026-07-30T18:15:21.798+0000] {processor.py:925} INFO - DAG(s) 'finascore_ml_pipeline' retrieved from /opt/airflow/dags/finascore_pipeline_dag.py
[2026-07-30T18:15:21.830+0000] {logging_mixin.py:190} INFO - [2026-07-30T18:15:21.830+0000] {dag.py:3239} INFO - Sync 1 DAGs
[2026-07-30T18:15:21.854+0000] {logging_mixin.py:190} INFO - [2026-07-30T18:15:21.854+0000] {dag.py:4180} INFO - Setting next_dagrun for finascore_ml_pipeline to 2026-07-26 00:00:00+00:00, run_after=2026-08-02 00:00:00+00:00
[2026-07-30T18:15:21.868+0000] {processor.py:208} INFO - Processing /opt/airflow/dags/finascore_pipeline_dag.py took 0.093 seconds
[2026-07-30T18:15:51.984+0000] {processor.py:186} INFO - Started process (PID=224) to work on /opt/airflow/dags/finascore_pipeline_dag.py
[2026-07-30T18:15:51.986+0000] {processor.py:914} INFO - Processing file /opt/airflow/dags/finascore_pipeline_dag.py for tasks to queue
[2026-07-30T18:15:51.987+0000] {logging_mixin.py:190} INFO - [2026-07-30T18:15:51.987+0000] {dagbag.py:588} INFO - Filling up the DagBag from /opt/airflow/dags/finascore_pipeline_dag.py
[2026-07-30T18:15:51.999+0000] {processor.py:925} INFO - DAG(s) 'finascore_ml_pipeline' retrieved from /opt/airflow/dags/finascore_pipeline_dag.py
[2026-07-30T18:15:52.030+0000] {logging_mixin.py:190} INFO - [2026-07-30T18:15:52.030+0000] {dag.py:3239} INFO - Sync 1 DAGs
[2026-07-30T18:15:52.052+0000] {logging_mixin.py:190} INFO - [2026-07-30T18:15:52.052+0000] {dag.py:4180} INFO - Setting next_dagrun for finascore_ml_pipeline to 2026-07-26 00:00:00+00:00, run_after=2026-08-02 00:00:00+00:00
[2026-07-30T18:15:52.068+0000] {processor.py:208} INFO - Processing /opt/airflow/dags/finascore_pipeline_dag.py took 0.091 seconds
[2026-07-30T18:16:22.130+0000] {processor.py:186} INFO - Started process (PID=229) to work on /opt/airflow/dags/finascore_pipeline_dag.py
[2026-07-30T18:16:22.131+0000] {processor.py:914} INFO - Processing file /opt/airflow/dags/finascore_pipeline_dag.py for tasks to queue
[2026-07-30T18:16:22.132+0000] {logging_mixin.py:190} INFO - [2026-07-30T18:16:22.132+0000] {dagbag.py:588} INFO - Filling up the DagBag from /opt/airflow/dags/finascore_pipeline_dag.py
[2026-07-30T18:16:22.145+0000] {processor.py:925} INFO - DAG(s) 'finascore_ml_pipeline' retrieved from /opt/airflow/dags/finascore_pipeline_dag.py
[2026-07-30T18:16:22.177+0000] {logging_mixin.py:190} INFO - [2026-07-30T18:16:22.176+0000] {dag.py:3239} INFO - Sync 1 DAGs
[2026-07-30T18:16:22.199+0000] {logging_mixin.py:190} INFO - [2026-07-30T18:16:22.199+0000] {dag.py:4180} INFO - Setting next_dagrun for finascore_ml_pipeline to 2026-07-26 00:00:00+00:00, run_after=2026-08-02 00:00:00+00:00
[2026-07-30T18:16:22.215+0000] {processor.py:208} INFO - Processing /opt/airflow/dags/finascore_pipeline_dag.py took 0.091 seconds
[2026-07-30T18:16:52.351+0000] {processor.py:186} INFO - Started process (PID=234) to work on /opt/airflow/dags/finascore_pipeline_dag.py
[2026-07-30T18:16:52.353+0000] {processor.py:914} INFO - Processing file /opt/airflow/dags/finascore_pipeline_dag.py for tasks to queue
[2026-07-30T18:16:52.354+0000] {logging_mixin.py:190} INFO - [2026-07-30T18:16:52.353+0000] {dagbag.py:588} INFO - Filling up the DagBag from /opt/airflow/dags/finascore_pipeline_dag.py
[2026-07-30T18:16:52.365+0000] {processor.py:925} INFO - DAG(s) 'finascore_ml_pipeline' retrieved from /opt/airflow/dags/finascore_pipeline_dag.py
[2026-07-30T18:16:52.397+0000] {logging_mixin.py:190} INFO - [2026-07-30T18:16:52.397+0000] {dag.py:3239} INFO - Sync 1 DAGs
[2026-07-30T18:16:52.421+0000] {logging_mixin.py:190} INFO - [2026-07-30T18:16:52.421+0000] {dag.py:4180} INFO - Setting next_dagrun for finascore_ml_pipeline to 2026-07-26 00:00:00+00:00, run_after=2026-08-02 00:00:00+00:00
[2026-07-30T18:16:52.436+0000] {processor.py:208} INFO - Processing /opt/airflow/dags/finascore_pipeline_dag.py took 0.093 seconds
[2026-07-30T18:17:22.505+0000] {processor.py:186} INFO - Started process (PID=239) to work on /opt/airflow/dags/finascore_pipeline_dag.py
[2026-07-30T18:17:22.507+0000] {processor.py:914} INFO - Processing file /opt/airflow/dags/finascore_pipeline_dag.py for tasks to queue
[2026-07-30T18:17:22.508+0000] {logging_mixin.py:190} INFO - [2026-07-30T18:17:22.507+0000] {dagbag.py:588} INFO - Filling up the DagBag from /opt/airflow/dags/finascore_pipeline_dag.py
[2026-07-30T18:17:22.521+0000] {processor.py:925} INFO - DAG(s) 'finascore_ml_pipeline' retrieved from /opt/airflow/dags/finascore_pipeline_dag.py
[2026-07-30T18:17:22.554+0000] {logging_mixin.py:190} INFO - [2026-07-30T18:17:22.553+0000] {dag.py:3239} INFO - Sync 1 DAGs
[2026-07-30T18:17:22.580+0000] {logging_mixin.py:190} INFO - [2026-07-30T18:17:22.579+0000] {dag.py:4180} INFO - Setting next_dagrun for finascore_ml_pipeline to 2026-07-26 00:00:00+00:00, run_after=2026-08-02 00:00:00+00:00
[2026-07-30T18:17:22.596+0000] {processor.py:208} INFO - Processing /opt/airflow/dags/finascore_pipeline_dag.py took 0.097 seconds
[2026-07-30T18:17:52.709+0000] {processor.py:186} INFO - Started process (PID=244) to work on /opt/airflow/dags/finascore_pipeline_dag.py
[2026-07-30T18:17:52.710+0000] {processor.py:914} INFO - Processing file /opt/airflow/dags/finascore_pipeline_dag.py for tasks to queue
[2026-07-30T18:17:52.712+0000] {logging_mixin.py:190} INFO - [2026-07-30T18:17:52.711+0000] {dagbag.py:588} INFO - Filling up the DagBag from /opt/airflow/dags/finascore_pipeline_dag.py
[2026-07-30T18:17:52.725+0000] {processor.py:925} INFO - DAG(s) 'finascore_ml_pipeline' retrieved from /opt/airflow/dags/finascore_pipeline_dag.py
[2026-07-30T18:17:52.764+0000] {logging_mixin.py:190} INFO - [2026-07-30T18:17:52.764+0000] {dag.py:3239} INFO - Sync 1 DAGs
[2026-07-30T18:17:52.810+0000] {logging_mixin.py:190} INFO - [2026-07-30T18:17:52.809+0000] {dag.py:4180} INFO - Setting next_dagrun for finascore_ml_pipeline to 2026-07-26 00:00:00+00:00, run_after=2026-08-02 00:00:00+00:00
[2026-07-30T18:17:52.832+0000] {processor.py:208} INFO - Processing /opt/airflow/dags/finascore_pipeline_dag.py took 0.129 seconds
[2026-07-30T18:18:22.870+0000] {processor.py:186} INFO - Started process (PID=249) to work on /opt/airflow/dags/finascore_pipeline_dag.py
[2026-07-30T18:18:22.871+0000] {processor.py:914} INFO - Processing file /opt/airflow/dags/finascore_pipeline_dag.py for tasks to queue
[2026-07-30T18:18:22.873+0000] {logging_mixin.py:190} INFO - [2026-07-30T18:18:22.873+0000] {dagbag.py:588} INFO - Filling up the DagBag from /opt/airflow/dags/finascore_pipeline_dag.py
[2026-07-30T18:18:22.885+0000] {processor.py:925} INFO - DAG(s) 'finascore_ml_pipeline' retrieved from /opt/airflow/dags/finascore_pipeline_dag.py
[2026-07-30T18:18:22.919+0000] {logging_mixin.py:190} INFO - [2026-07-30T18:18:22.919+0000] {dag.py:3239} INFO - Sync 1 DAGs
[2026-07-30T18:18:22.944+0000] {logging_mixin.py:190} INFO - [2026-07-30T18:18:22.944+0000] {dag.py:4180} INFO - Setting next_dagrun for finascore_ml_pipeline to 2026-07-26 00:00:00+00:00, run_after=2026-08-02 00:00:00+00:00
[2026-07-30T18:18:22.960+0000] {processor.py:208} INFO - Processing /opt/airflow/dags/finascore_pipeline_dag.py took 0.097 seconds
[2026-07-30T18:18:53.112+0000] {processor.py:186} INFO - Started process (PID=254) to work on /opt/airflow/dags/finascore_pipeline_dag.py
[2026-07-30T18:18:53.113+0000] {processor.py:914} INFO - Processing file /opt/airflow/dags/finascore_pipeline_dag.py for tasks to queue
[2026-07-30T18:18:53.114+0000] {logging_mixin.py:190} INFO - [2026-07-30T18:18:53.114+0000] {dagbag.py:588} INFO - Filling up the DagBag from /opt/airflow/dags/finascore_pipeline_dag.py
[2026-07-30T18:18:53.126+0000] {processor.py:925} INFO - DAG(s) 'finascore_ml_pipeline' retrieved from /opt/airflow/dags/finascore_pipeline_dag.py
[2026-07-30T18:18:53.158+0000] {logging_mixin.py:190} INFO - [2026-07-30T18:18:53.158+0000] {dag.py:3239} INFO - Sync 1 DAGs
[2026-07-30T18:18:53.180+0000] {logging_mixin.py:190} INFO - [2026-07-30T18:18:53.180+0000] {dag.py:4180} INFO - Setting next_dagrun for finascore_ml_pipeline to 2026-07-26 00:00:00+00:00, run_after=2026-08-02 00:00:00+00:00
[2026-07-30T18:18:53.196+0000] {processor.py:208} INFO - Processing /opt/airflow/dags/finascore_pipeline_dag.py took 0.092 seconds
[2026-07-30T18:19:23.249+0000] {processor.py:186} INFO - Started process (PID=259) to work on /opt/airflow/dags/finascore_pipeline_dag.py
[2026-07-30T18:19:23.251+0000] {processor.py:914} INFO - Processing file /opt/airflow/dags/finascore_pipeline_dag.py for tasks to queue
[2026-07-30T18:19:23.252+0000] {logging_mixin.py:190} INFO - [2026-07-30T18:19:23.252+0000] {dagbag.py:588} INFO - Filling up the DagBag from /opt/airflow/dags/finascore_pipeline_dag.py
[2026-07-30T18:19:23.264+0000] {processor.py:925} INFO - DAG(s) 'finascore_ml_pipeline' retrieved from /opt/airflow/dags/finascore_pipeline_dag.py
[2026-07-30T18:19:23.297+0000] {logging_mixin.py:190} INFO - [2026-07-30T18:19:23.297+0000] {dag.py:3239} INFO - Sync 1 DAGs
[2026-07-30T18:19:23.320+0000] {logging_mixin.py:190} INFO - [2026-07-30T18:19:23.319+0000] {dag.py:4180} INFO - Setting next_dagrun for finascore_ml_pipeline to 2026-07-26 00:00:00+00:00, run_after=2026-08-02 00:00:00+00:00
[2026-07-30T18:19:23.337+0000] {processor.py:208} INFO - Processing /opt/airflow/dags/finascore_pipeline_dag.py took 0.094 seconds
[2026-07-30T18:19:53.481+0000] {processor.py:186} INFO - Started process (PID=264) to work on /opt/airflow/dags/finascore_pipeline_dag.py
[2026-07-30T18:19:53.483+0000] {processor.py:914} INFO - Processing file /opt/airflow/dags/finascore_pipeline_dag.py for tasks to queue
[2026-07-30T18:19:53.484+0000] {logging_mixin.py:190} INFO - [2026-07-30T18:19:53.484+0000] {dagbag.py:588} INFO - Filling up the DagBag from /opt/airflow/dags/finascore_pipeline_dag.py
[2026-07-30T18:19:53.496+0000] {processor.py:925} INFO - DAG(s) 'finascore_ml_pipeline' retrieved from /opt/airflow/dags/finascore_pipeline_dag.py
[2026-07-30T18:19:53.529+0000] {logging_mixin.py:190} INFO - [2026-07-30T18:19:53.529+0000] {dag.py:3239} INFO - Sync 1 DAGs
[2026-07-30T18:19:53.552+0000] {logging_mixin.py:190} INFO - [2026-07-30T18:19:53.552+0000] {dag.py:4180} INFO - Setting next_dagrun for finascore_ml_pipeline to 2026-07-26 00:00:00+00:00, run_after=2026-08-02 00:00:00+00:00
[2026-07-30T18:19:53.569+0000] {processor.py:208} INFO - Processing /opt/airflow/dags/finascore_pipeline_dag.py took 0.095 seconds
[2026-07-30T18:20:23.635+0000] {processor.py:186} INFO - Started process (PID=269) to work on /opt/airflow/dags/finascore_pipeline_dag.py
[2026-07-30T18:20:23.637+0000] {processor.py:914} INFO - Processing file /opt/airflow/dags/finascore_pipeline_dag.py for tasks to queue
[2026-07-30T18:20:23.638+0000] {logging_mixin.py:190} INFO - [2026-07-30T18:20:23.638+0000] {dagbag.py:588} INFO - Filling up the DagBag from /opt/airflow/dags/finascore_pipeline_dag.py
[2026-07-30T18:20:23.650+0000] {processor.py:925} INFO - DAG(s) 'finascore_ml_pipeline' retrieved from /opt/airflow/dags/finascore_pipeline_dag.py
[2026-07-30T18:20:23.683+0000] {logging_mixin.py:190} INFO - [2026-07-30T18:20:23.683+0000] {dag.py:3239} INFO - Sync 1 DAGs
[2026-07-30T18:20:23.708+0000] {logging_mixin.py:190} INFO - [2026-07-30T18:20:23.708+0000] {dag.py:4180} INFO - Setting next_dagrun for finascore_ml_pipeline to 2026-07-26 00:00:00+00:00, run_after=2026-08-02 00:00:00+00:00
[2026-07-30T18:20:23.724+0000] {processor.py:208} INFO - Processing /opt/airflow/dags/finascore_pipeline_dag.py took 0.094 seconds
[2026-07-30T18:20:53.850+0000] {processor.py:186} INFO - Started process (PID=274) to work on /opt/airflow/dags/finascore_pipeline_dag.py
[2026-07-30T18:20:53.852+0000] {processor.py:914} INFO - Processing file /opt/airflow/dags/finascore_pipeline_dag.py for tasks to queue
[2026-07-30T18:20:53.853+0000] {logging_mixin.py:190} INFO - [2026-07-30T18:20:53.852+0000] {dagbag.py:588} INFO - Filling up the DagBag from /opt/airflow/dags/finascore_pipeline_dag.py
[2026-07-30T18:20:53.868+0000] {processor.py:925} INFO - DAG(s) 'finascore_ml_pipeline' retrieved from /opt/airflow/dags/finascore_pipeline_dag.py
[2026-07-30T18:20:53.901+0000] {logging_mixin.py:190} INFO - [2026-07-30T18:20:53.900+0000] {dag.py:3239} INFO - Sync 1 DAGs
[2026-07-30T18:20:53.922+0000] {logging_mixin.py:190} INFO - [2026-07-30T18:20:53.922+0000] {dag.py:4180} INFO - Setting next_dagrun for finascore_ml_pipeline to 2026-07-26 00:00:00+00:00, run_after=2026-08-02 00:00:00+00:00
[2026-07-30T18:20:53.939+0000] {processor.py:208} INFO - Processing /opt/airflow/dags/finascore_pipeline_dag.py took 0.095 seconds
[2026-07-30T18:21:24.001+0000] {processor.py:186} INFO - Started process (PID=279) to work on /opt/airflow/dags/finascore_pipeline_dag.py
[2026-07-30T18:21:24.002+0000] {processor.py:914} INFO - Processing file /opt/airflow/dags/finascore_pipeline_dag.py for tasks to queue
[2026-07-30T18:21:24.004+0000] {logging_mixin.py:190} INFO - [2026-07-30T18:21:24.004+0000] {dagbag.py:588} INFO - Filling up the DagBag from /opt/airflow/dags/finascore_pipeline_dag.py
[2026-07-30T18:21:24.016+0000] {processor.py:925} INFO - DAG(s) 'finascore_ml_pipeline' retrieved from /opt/airflow/dags/finascore_pipeline_dag.py
[2026-07-30T18:21:24.048+0000] {logging_mixin.py:190} INFO - [2026-07-30T18:21:24.047+0000] {dag.py:3239} INFO - Sync 1 DAGs
[2026-07-30T18:21:24.071+0000] {logging_mixin.py:190} INFO - [2026-07-30T18:21:24.071+0000] {dag.py:4180} INFO - Setting next_dagrun for finascore_ml_pipeline to 2026-07-26 00:00:00+00:00, run_after=2026-08-02 00:00:00+00:00
[2026-07-30T18:21:24.087+0000] {processor.py:208} INFO - Processing /opt/airflow/dags/finascore_pipeline_dag.py took 0.093 seconds
[2026-07-30T18:21:54.212+0000] {processor.py:186} INFO - Started process (PID=284) to work on /opt/airflow/dags/finascore_pipeline_dag.py
[2026-07-30T18:21:54.214+0000] {processor.py:914} INFO - Processing file /opt/airflow/dags/finascore_pipeline_dag.py for tasks to queue
[2026-07-30T18:21:54.215+0000] {logging_mixin.py:190} INFO - [2026-07-30T18:21:54.215+0000] {dagbag.py:588} INFO - Filling up the DagBag from /opt/airflow/dags/finascore_pipeline_dag.py
[2026-07-30T18:21:54.228+0000] {processor.py:925} INFO - DAG(s) 'finascore_ml_pipeline' retrieved from /opt/airflow/dags/finascore_pipeline_dag.py
[2026-07-30T18:21:54.259+0000] {logging_mixin.py:190} INFO - [2026-07-30T18:21:54.259+0000] {dag.py:3239} INFO - Sync 1 DAGs
[2026-07-30T18:21:54.281+0000] {logging_mixin.py:190} INFO - [2026-07-30T18:21:54.281+0000] {dag.py:4180} INFO - Setting next_dagrun for finascore_ml_pipeline to 2026-07-26 00:00:00+00:00, run_after=2026-08-02 00:00:00+00:00
[2026-07-30T18:21:54.299+0000] {processor.py:208} INFO - Processing /opt/airflow/dags/finascore_pipeline_dag.py took 0.093 seconds
[2026-07-30T18:22:24.368+0000] {processor.py:186} INFO - Started process (PID=289) to work on /opt/airflow/dags/finascore_pipeline_dag.py
[2026-07-30T18:22:24.370+0000] {processor.py:914} INFO - Processing file /opt/airflow/dags/finascore_pipeline_dag.py for tasks to queue
[2026-07-30T18:22:24.371+0000] {logging_mixin.py:190} INFO - [2026-07-30T18:22:24.370+0000] {dagbag.py:588} INFO - Filling up the DagBag from /opt/airflow/dags/finascore_pipeline_dag.py
[2026-07-30T18:22:24.383+0000] {processor.py:925} INFO - DAG(s) 'finascore_ml_pipeline' retrieved from /opt/airflow/dags/finascore_pipeline_dag.py
[2026-07-30T18:22:24.415+0000] {logging_mixin.py:190} INFO - [2026-07-30T18:22:24.415+0000] {dag.py:3239} INFO - Sync 1 DAGs
[2026-07-30T18:22:24.439+0000] {logging_mixin.py:190} INFO - [2026-07-30T18:22:24.438+0000] {dag.py:4180} INFO - Setting next_dagrun for finascore_ml_pipeline to 2026-07-26 00:00:00+00:00, run_after=2026-08-02 00:00:00+00:00
[2026-07-30T18:22:24.455+0000] {processor.py:208} INFO - Processing /opt/airflow/dags/finascore_pipeline_dag.py took 0.095 seconds
[2026-07-30T18:22:54.583+0000] {processor.py:186} INFO - Started process (PID=294) to work on /opt/airflow/dags/finascore_pipeline_dag.py
[2026-07-30T18:22:54.585+0000] {processor.py:914} INFO - Processing file /opt/airflow/dags/finascore_pipeline_dag.py for tasks to queue
[2026-07-30T18:22:54.586+0000] {logging_mixin.py:190} INFO - [2026-07-30T18:22:54.586+0000] {dagbag.py:588} INFO - Filling up the DagBag from /opt/airflow/dags/finascore_pipeline_dag.py
[2026-07-30T18:22:54.598+0000] {processor.py:925} INFO - DAG(s) 'finascore_ml_pipeline' retrieved from /opt/airflow/dags/finascore_pipeline_dag.py
[2026-07-30T18:22:54.630+0000] {logging_mixin.py:190} INFO - [2026-07-30T18:22:54.630+0000] {dag.py:3239} INFO - Sync 1 DAGs
[2026-07-30T18:22:54.653+0000] {logging_mixin.py:190} INFO - [2026-07-30T18:22:54.652+0000] {dag.py:4180} INFO - Setting next_dagrun for finascore_ml_pipeline to 2026-07-26 00:00:00+00:00, run_after=2026-08-02 00:00:00+00:00
[2026-07-30T18:22:54.669+0000] {processor.py:208} INFO - Processing /opt/airflow/dags/finascore_pipeline_dag.py took 0.092 seconds
[2026-07-30T18:23:24.729+0000] {processor.py:186} INFO - Started process (PID=299) to work on /opt/airflow/dags/finascore_pipeline_dag.py
[2026-07-30T18:23:24.731+0000] {processor.py:914} INFO - Processing file /opt/airflow/dags/finascore_pipeline_dag.py for tasks to queue
[2026-07-30T18:23:24.732+0000] {logging_mixin.py:190} INFO - [2026-07-30T18:23:24.732+0000] {dagbag.py:588} INFO - Filling up the DagBag from /opt/airflow/dags/finascore_pipeline_dag.py
[2026-07-30T18:23:24.745+0000] {processor.py:925} INFO - DAG(s) 'finascore_ml_pipeline' retrieved from /opt/airflow/dags/finascore_pipeline_dag.py
[2026-07-30T18:23:24.779+0000] {logging_mixin.py:190} INFO - [2026-07-30T18:23:24.778+0000] {dag.py:3239} INFO - Sync 1 DAGs
[2026-07-30T18:23:24.803+0000] {logging_mixin.py:190} INFO - [2026-07-30T18:23:24.803+0000] {dag.py:4180} INFO - Setting next_dagrun for finascore_ml_pipeline to 2026-07-26 00:00:00+00:00, run_after=2026-08-02 00:00:00+00:00
[2026-07-30T18:23:24.819+0000] {processor.py:208} INFO - Processing /opt/airflow/dags/finascore_pipeline_dag.py took 0.096 seconds
[2026-07-30T18:23:54.962+0000] {processor.py:186} INFO - Started process (PID=304) to work on /opt/airflow/dags/finascore_pipeline_dag.py
[2026-07-30T18:23:54.963+0000] {processor.py:914} INFO - Processing file /opt/airflow/dags/finascore_pipeline_dag.py for tasks to queue
[2026-07-30T18:23:54.964+0000] {logging_mixin.py:190} INFO - [2026-07-30T18:23:54.964+0000] {dagbag.py:588} INFO - Filling up the DagBag from /opt/airflow/dags/finascore_pipeline_dag.py
[2026-07-30T18:23:54.976+0000] {processor.py:925} INFO - DAG(s) 'finascore_ml_pipeline' retrieved from /opt/airflow/dags/finascore_pipeline_dag.py
[2026-07-30T18:23:55.009+0000] {logging_mixin.py:190} INFO - [2026-07-30T18:23:55.009+0000] {dag.py:3239} INFO - Sync 1 DAGs
[2026-07-30T18:23:55.033+0000] {logging_mixin.py:190} INFO - [2026-07-30T18:23:55.033+0000] {dag.py:4180} INFO - Setting next_dagrun for finascore_ml_pipeline to 2026-07-26 00:00:00+00:00, run_after=2026-08-02 00:00:00+00:00
[2026-07-30T18:23:55.050+0000] {processor.py:208} INFO - Processing /opt/airflow/dags/finascore_pipeline_dag.py took 0.096 seconds
[2026-07-30T18:24:25.115+0000] {processor.py:186} INFO - Started process (PID=309) to work on /opt/airflow/dags/finascore_pipeline_dag.py
[2026-07-30T18:24:25.117+0000] {processor.py:914} INFO - Processing file /opt/airflow/dags/finascore_pipeline_dag.py for tasks to queue
[2026-07-30T18:24:25.119+0000] {logging_mixin.py:190} INFO - [2026-07-30T18:24:25.118+0000] {dagbag.py:588} INFO - Filling up the DagBag from /opt/airflow/dags/finascore_pipeline_dag.py
[2026-07-30T18:24:25.136+0000] {processor.py:925} INFO - DAG(s) 'finascore_ml_pipeline' retrieved from /opt/airflow/dags/finascore_pipeline_dag.py
[2026-07-30T18:24:25.172+0000] {logging_mixin.py:190} INFO - [2026-07-30T18:24:25.172+0000] {dag.py:3239} INFO - Sync 1 DAGs
[2026-07-30T18:24:25.203+0000] {logging_mixin.py:190} INFO - [2026-07-30T18:24:25.202+0000] {dag.py:4180} INFO - Setting next_dagrun for finascore_ml_pipeline to 2026-07-26 00:00:00+00:00, run_after=2026-08-02 00:00:00+00:00
[2026-07-30T18:24:25.222+0000] {processor.py:208} INFO - Processing /opt/airflow/dags/finascore_pipeline_dag.py took 0.115 seconds
[2026-07-30T18:24:55.331+0000] {processor.py:186} INFO - Started process (PID=314) to work on /opt/airflow/dags/finascore_pipeline_dag.py
[2026-07-30T18:24:55.332+0000] {processor.py:914} INFO - Processing file /opt/airflow/dags/finascore_pipeline_dag.py for tasks to queue
[2026-07-30T18:24:55.334+0000] {logging_mixin.py:190} INFO - [2026-07-30T18:24:55.334+0000] {dagbag.py:588} INFO - Filling up the DagBag from /opt/airflow/dags/finascore_pipeline_dag.py
[2026-07-30T18:24:55.351+0000] {processor.py:925} INFO - DAG(s) 'finascore_ml_pipeline' retrieved from /opt/airflow/dags/finascore_pipeline_dag.py
[2026-07-30T18:24:55.385+0000] {logging_mixin.py:190} INFO - [2026-07-30T18:24:55.385+0000] {dag.py:3239} INFO - Sync 1 DAGs
[2026-07-30T18:24:55.421+0000] {logging_mixin.py:190} INFO - [2026-07-30T18:24:55.421+0000] {dag.py:4180} INFO - Setting next_dagrun for finascore_ml_pipeline to 2026-07-26 00:00:00+00:00, run_after=2026-08-02 00:00:00+00:00
[2026-07-30T18:24:55.441+0000] {processor.py:208} INFO - Processing /opt/airflow/dags/finascore_pipeline_dag.py took 0.118 seconds
[2026-07-30T18:25:25.521+0000] {processor.py:186} INFO - Started process (PID=319) to work on /opt/airflow/dags/finascore_pipeline_dag.py
[2026-07-30T18:25:25.522+0000] {processor.py:914} INFO - Processing file /opt/airflow/dags/finascore_pipeline_dag.py for tasks to queue
[2026-07-30T18:25:25.524+0000] {logging_mixin.py:190} INFO - [2026-07-30T18:25:25.523+0000] {dagbag.py:588} INFO - Filling up the DagBag from /opt/airflow/dags/finascore_pipeline_dag.py
[2026-07-30T18:25:25.537+0000] {processor.py:925} INFO - DAG(s) 'finascore_ml_pipeline' retrieved from /opt/airflow/dags/finascore_pipeline_dag.py
[2026-07-30T18:25:25.570+0000] {logging_mixin.py:190} INFO - [2026-07-30T18:25:25.570+0000] {dag.py:3239} INFO - Sync 1 DAGs
[2026-07-30T18:25:25.594+0000] {logging_mixin.py:190} INFO - [2026-07-30T18:25:25.594+0000] {dag.py:4180} INFO - Setting next_dagrun for finascore_ml_pipeline to 2026-07-26 00:00:00+00:00, run_after=2026-08-02 00:00:00+00:00
[2026-07-30T18:25:25.611+0000] {processor.py:208} INFO - Processing /opt/airflow/dags/finascore_pipeline_dag.py took 0.098 seconds
[2026-07-30T18:25:55.720+0000] {processor.py:186} INFO - Started process (PID=324) to work on /opt/airflow/dags/finascore_pipeline_dag.py
[2026-07-30T18:25:55.722+0000] {processor.py:914} INFO - Processing file /opt/airflow/dags/finascore_pipeline_dag.py for tasks to queue
[2026-07-30T18:25:55.723+0000] {logging_mixin.py:190} INFO - [2026-07-30T18:25:55.723+0000] {dagbag.py:588} INFO - Filling up the DagBag from /opt/airflow/dags/finascore_pipeline_dag.py
[2026-07-30T18:25:55.740+0000] {processor.py:925} INFO - DAG(s) 'finascore_ml_pipeline' retrieved from /opt/airflow/dags/finascore_pipeline_dag.py
[2026-07-30T18:25:55.772+0000] {logging_mixin.py:190} INFO - [2026-07-30T18:25:55.772+0000] {dag.py:3239} INFO - Sync 1 DAGs
[2026-07-30T18:25:55.795+0000] {logging_mixin.py:190} INFO - [2026-07-30T18:25:55.795+0000] {dag.py:4180} INFO - Setting next_dagrun for finascore_ml_pipeline to 2026-07-26 00:00:00+00:00, run_after=2026-08-02 00:00:00+00:00
[2026-07-30T18:25:55.811+0000] {processor.py:208} INFO - Processing /opt/airflow/dags/finascore_pipeline_dag.py took 0.098 seconds
[2026-07-30T18:26:25.886+0000] {processor.py:186} INFO - Started process (PID=329) to work on /opt/airflow/dags/finascore_pipeline_dag.py
[2026-07-30T18:26:25.888+0000] {processor.py:914} INFO - Processing file /opt/airflow/dags/finascore_pipeline_dag.py for tasks to queue
[2026-07-30T18:26:25.889+0000] {logging_mixin.py:190} INFO - [2026-07-30T18:26:25.889+0000] {dagbag.py:588} INFO - Filling up the DagBag from /opt/airflow/dags/finascore_pipeline_dag.py
[2026-07-30T18:26:25.902+0000] {processor.py:925} INFO - DAG(s) 'finascore_ml_pipeline' retrieved from /opt/airflow/dags/finascore_pipeline_dag.py
[2026-07-30T18:26:25.932+0000] {logging_mixin.py:190} INFO - [2026-07-30T18:26:25.932+0000] {dag.py:3239} INFO - Sync 1 DAGs
[2026-07-30T18:26:25.954+0000] {logging_mixin.py:190} INFO - [2026-07-30T18:26:25.953+0000] {dag.py:4180} INFO - Setting next_dagrun for finascore_ml_pipeline to 2026-07-26 00:00:00+00:00, run_after=2026-08-02 00:00:00+00:00
[2026-07-30T18:26:25.968+0000] {processor.py:208} INFO - Processing /opt/airflow/dags/finascore_pipeline_dag.py took 0.088 seconds
[2026-07-30T18:26:56.106+0000] {processor.py:186} INFO - Started process (PID=334) to work on /opt/airflow/dags/finascore_pipeline_dag.py
[2026-07-30T18:26:56.110+0000] {processor.py:914} INFO - Processing file /opt/airflow/dags/finascore_pipeline_dag.py for tasks to queue
[2026-07-30T18:26:56.112+0000] {logging_mixin.py:190} INFO - [2026-07-30T18:26:56.111+0000] {dagbag.py:588} INFO - Filling up the DagBag from /opt/airflow/dags/finascore_pipeline_dag.py
[2026-07-30T18:26:56.139+0000] {processor.py:925} INFO - DAG(s) 'finascore_ml_pipeline' retrieved from /opt/airflow/dags/finascore_pipeline_dag.py
[2026-07-30T18:26:56.200+0000] {logging_mixin.py:190} INFO - [2026-07-30T18:26:56.200+0000] {dag.py:3239} INFO - Sync 1 DAGs
[2026-07-30T18:26:56.244+0000] {logging_mixin.py:190} INFO - [2026-07-30T18:26:56.244+0000] {dag.py:4180} INFO - Setting next_dagrun for finascore_ml_pipeline to 2026-07-26 00:00:00+00:00, run_after=2026-08-02 00:00:00+00:00
[2026-07-30T18:26:56.275+0000] {processor.py:208} INFO - Processing /opt/airflow/dags/finascore_pipeline_dag.py took 0.191 seconds
[2026-07-30T18:27:26.470+0000] {processor.py:186} INFO - Started process (PID=339) to work on /opt/airflow/dags/finascore_pipeline_dag.py
[2026-07-30T18:27:26.471+0000] {processor.py:914} INFO - Processing file /opt/airflow/dags/finascore_pipeline_dag.py for tasks to queue
[2026-07-30T18:27:26.473+0000] {logging_mixin.py:190} INFO - [2026-07-30T18:27:26.472+0000] {dagbag.py:588} INFO - Filling up the DagBag from /opt/airflow/dags/finascore_pipeline_dag.py
[2026-07-30T18:27:26.497+0000] {processor.py:925} INFO - DAG(s) 'finascore_ml_pipeline' retrieved from /opt/airflow/dags/finascore_pipeline_dag.py
[2026-07-30T18:27:26.540+0000] {logging_mixin.py:190} INFO - [2026-07-30T18:27:26.539+0000] {dag.py:3239} INFO - Sync 1 DAGs
[2026-07-30T18:27:26.574+0000] {logging_mixin.py:190} INFO - [2026-07-30T18:27:26.574+0000] {dag.py:4180} INFO - Setting next_dagrun for finascore_ml_pipeline to 2026-07-26 00:00:00+00:00, run_after=2026-08-02 00:00:00+00:00
[2026-07-30T18:27:26.596+0000] {processor.py:208} INFO - Processing /opt/airflow/dags/finascore_pipeline_dag.py took 0.136 seconds
[2026-07-30T18:27:56.648+0000] {processor.py:186} INFO - Started process (PID=344) to work on /opt/airflow/dags/finascore_pipeline_dag.py
[2026-07-30T18:27:56.650+0000] {processor.py:914} INFO - Processing file /opt/airflow/dags/finascore_pipeline_dag.py for tasks to queue
[2026-07-30T18:27:56.651+0000] {logging_mixin.py:190} INFO - [2026-07-30T18:27:56.651+0000] {dagbag.py:588} INFO - Filling up the DagBag from /opt/airflow/dags/finascore_pipeline_dag.py
[2026-07-30T18:27:56.683+0000] {processor.py:925} INFO - DAG(s) 'finascore_ml_pipeline' retrieved from /opt/airflow/dags/finascore_pipeline_dag.py
[2026-07-30T18:27:56.761+0000] {logging_mixin.py:190} INFO - [2026-07-30T18:27:56.760+0000] {dag.py:3239} INFO - Sync 1 DAGs
[2026-07-30T18:27:56.797+0000] {logging_mixin.py:190} INFO - [2026-07-30T18:27:56.797+0000] {dag.py:4180} INFO - Setting next_dagrun for finascore_ml_pipeline to 2026-07-26 00:00:00+00:00, run_after=2026-08-02 00:00:00+00:00
[2026-07-30T18:27:56.824+0000] {processor.py:208} INFO - Processing /opt/airflow/dags/finascore_pipeline_dag.py took 0.184 seconds
[2026-07-30T18:28:26.918+0000] {processor.py:186} INFO - Started process (PID=349) to work on /opt/airflow/dags/finascore_pipeline_dag.py
[2026-07-30T18:28:26.919+0000] {processor.py:914} INFO - Processing file /opt/airflow/dags/finascore_pipeline_dag.py for tasks to queue
[2026-07-30T18:28:26.920+0000] {logging_mixin.py:190} INFO - [2026-07-30T18:28:26.919+0000] {dagbag.py:588} INFO - Filling up the DagBag from /opt/airflow/dags/finascore_pipeline_dag.py
[2026-07-30T18:28:26.936+0000] {processor.py:925} INFO - DAG(s) 'finascore_ml_pipeline' retrieved from /opt/airflow/dags/finascore_pipeline_dag.py
[2026-07-30T18:28:27.014+0000] {logging_mixin.py:190} INFO - [2026-07-30T18:28:27.014+0000] {dag.py:3239} INFO - Sync 1 DAGs
[2026-07-30T18:28:27.048+0000] {logging_mixin.py:190} INFO - [2026-07-30T18:28:27.048+0000] {dag.py:4180} INFO - Setting next_dagrun for finascore_ml_pipeline to 2026-07-26 00:00:00+00:00, run_after=2026-08-02 00:00:00+00:00
[2026-07-30T18:28:27.069+0000] {processor.py:208} INFO - Processing /opt/airflow/dags/finascore_pipeline_dag.py took 0.157 seconds
[2026-07-30T18:28:57.134+0000] {processor.py:186} INFO - Started process (PID=354) to work on /opt/airflow/dags/finascore_pipeline_dag.py
[2026-07-30T18:28:57.135+0000] {processor.py:914} INFO - Processing file /opt/airflow/dags/finascore_pipeline_dag.py for tasks to queue
[2026-07-30T18:28:57.137+0000] {logging_mixin.py:190} INFO - [2026-07-30T18:28:57.136+0000] {dagbag.py:588} INFO - Filling up the DagBag from /opt/airflow/dags/finascore_pipeline_dag.py
[2026-07-30T18:28:57.151+0000] {processor.py:925} INFO - DAG(s) 'finascore_ml_pipeline' retrieved from /opt/airflow/dags/finascore_pipeline_dag.py
[2026-07-30T18:28:57.205+0000] {logging_mixin.py:190} INFO - [2026-07-30T18:28:57.205+0000] {dag.py:3239} INFO - Sync 1 DAGs
[2026-07-30T18:28:57.228+0000] {logging_mixin.py:190} INFO - [2026-07-30T18:28:57.228+0000] {dag.py:4180} INFO - Setting next_dagrun for finascore_ml_pipeline to 2026-07-26 00:00:00+00:00, run_after=2026-08-02 00:00:00+00:00
[2026-07-30T18:28:57.244+0000] {processor.py:208} INFO - Processing /opt/airflow/dags/finascore_pipeline_dag.py took 0.117 seconds
[2026-07-30T18:29:27.357+0000] {processor.py:186} INFO - Started process (PID=359) to work on /opt/airflow/dags/finascore_pipeline_dag.py
[2026-07-30T18:29:27.358+0000] {processor.py:914} INFO - Processing file /opt/airflow/dags/finascore_pipeline_dag.py for tasks to queue
[2026-07-30T18:29:27.359+0000] {logging_mixin.py:190} INFO - [2026-07-30T18:29:27.358+0000] {dagbag.py:588} INFO - Filling up the DagBag from /opt/airflow/dags/finascore_pipeline_dag.py
[2026-07-30T18:29:27.371+0000] {processor.py:925} INFO - DAG(s) 'finascore_ml_pipeline' retrieved from /opt/airflow/dags/finascore_pipeline_dag.py
[2026-07-30T18:29:27.407+0000] {logging_mixin.py:190} INFO - [2026-07-30T18:29:27.407+0000] {dag.py:3239} INFO - Sync 1 DAGs
[2026-07-30T18:29:27.451+0000] {logging_mixin.py:190} INFO - [2026-07-30T18:29:27.451+0000] {dag.py:4180} INFO - Setting next_dagrun for finascore_ml_pipeline to 2026-07-26 00:00:00+00:00, run_after=2026-08-02 00:00:00+00:00
[2026-07-30T18:29:27.475+0000] {processor.py:208} INFO - Processing /opt/airflow/dags/finascore_pipeline_dag.py took 0.126 seconds
[2026-07-30T18:29:57.554+0000] {processor.py:186} INFO - Started process (PID=364) to work on /opt/airflow/dags/finascore_pipeline_dag.py
[2026-07-30T18:29:57.556+0000] {processor.py:914} INFO - Processing file /opt/airflow/dags/finascore_pipeline_dag.py for tasks to queue
[2026-07-30T18:29:57.557+0000] {logging_mixin.py:190} INFO - [2026-07-30T18:29:57.557+0000] {dagbag.py:588} INFO - Filling up the DagBag from /opt/airflow/dags/finascore_pipeline_dag.py
[2026-07-30T18:29:57.571+0000] {processor.py:925} INFO - DAG(s) 'finascore_ml_pipeline' retrieved from /opt/airflow/dags/finascore_pipeline_dag.py
[2026-07-30T18:29:57.607+0000] {logging_mixin.py:190} INFO - [2026-07-30T18:29:57.607+0000] {dag.py:3239} INFO - Sync 1 DAGs
[2026-07-30T18:29:57.635+0000] {logging_mixin.py:190} INFO - [2026-07-30T18:29:57.635+0000] {dag.py:4180} INFO - Setting next_dagrun for finascore_ml_pipeline to 2026-07-26 00:00:00+00:00, run_after=2026-08-02 00:00:00+00:00
[2026-07-30T18:29:57.654+0000] {processor.py:208} INFO - Processing /opt/airflow/dags/finascore_pipeline_dag.py took 0.107 seconds
[2026-07-30T18:30:27.800+0000] {processor.py:186} INFO - Started process (PID=369) to work on /opt/airflow/dags/finascore_pipeline_dag.py
[2026-07-30T18:30:27.801+0000] {processor.py:914} INFO - Processing file /opt/airflow/dags/finascore_pipeline_dag.py for tasks to queue
[2026-07-30T18:30:27.802+0000] {logging_mixin.py:190} INFO - [2026-07-30T18:30:27.802+0000] {dagbag.py:588} INFO - Filling up the DagBag from /opt/airflow/dags/finascore_pipeline_dag.py
[2026-07-30T18:30:27.816+0000] {processor.py:925} INFO - DAG(s) 'finascore_ml_pipeline' retrieved from /opt/airflow/dags/finascore_pipeline_dag.py
[2026-07-30T18:30:27.848+0000] {logging_mixin.py:190} INFO - [2026-07-30T18:30:27.847+0000] {dag.py:3239} INFO - Sync 1 DAGs
[2026-07-30T18:30:27.870+0000] {logging_mixin.py:190} INFO - [2026-07-30T18:30:27.869+0000] {dag.py:4180} INFO - Setting next_dagrun for finascore_ml_pipeline to 2026-07-26 00:00:00+00:00, run_after=2026-08-02 00:00:00+00:00
[2026-07-30T18:30:27.886+0000] {processor.py:208} INFO - Processing /opt/airflow/dags/finascore_pipeline_dag.py took 0.092 seconds
[2026-07-30T18:30:57.963+0000] {processor.py:186} INFO - Started process (PID=374) to work on /opt/airflow/dags/finascore_pipeline_dag.py
[2026-07-30T18:30:57.965+0000] {processor.py:914} INFO - Processing file /opt/airflow/dags/finascore_pipeline_dag.py for tasks to queue
[2026-07-30T18:30:57.966+0000] {logging_mixin.py:190} INFO - [2026-07-30T18:30:57.965+0000] {dagbag.py:588} INFO - Filling up the DagBag from /opt/airflow/dags/finascore_pipeline_dag.py
[2026-07-30T18:30:57.980+0000] {processor.py:925} INFO - DAG(s) 'finascore_ml_pipeline' retrieved from /opt/airflow/dags/finascore_pipeline_dag.py
[2026-07-30T18:30:58.017+0000] {logging_mixin.py:190} INFO - [2026-07-30T18:30:58.017+0000] {dag.py:3239} INFO - Sync 1 DAGs
[2026-07-30T18:30:58.041+0000] {logging_mixin.py:190} INFO - [2026-07-30T18:30:58.040+0000] {dag.py:4180} INFO - Setting next_dagrun for finascore_ml_pipeline to 2026-07-26 00:00:00+00:00, run_after=2026-08-02 00:00:00+00:00
[2026-07-30T18:30:58.058+0000] {processor.py:208} INFO - Processing /opt/airflow/dags/finascore_pipeline_dag.py took 0.102 seconds
[2026-07-30T18:31:28.177+0000] {processor.py:186} INFO - Started process (PID=379) to work on /opt/airflow/dags/finascore_pipeline_dag.py
[2026-07-30T18:31:28.178+0000] {processor.py:914} INFO - Processing file /opt/airflow/dags/finascore_pipeline_dag.py for tasks to queue
[2026-07-30T18:31:28.179+0000] {logging_mixin.py:190} INFO - [2026-07-30T18:31:28.179+0000] {dagbag.py:588} INFO - Filling up the DagBag from /opt/airflow/dags/finascore_pipeline_dag.py
[2026-07-30T18:31:28.212+0000] {processor.py:925} INFO - DAG(s) 'finascore_ml_pipeline' retrieved from /opt/airflow/dags/finascore_pipeline_dag.py
[2026-07-30T18:31:28.569+0000] {logging_mixin.py:190} INFO - [2026-07-30T18:31:28.569+0000] {dag.py:3239} INFO - Sync 1 DAGs
[2026-07-30T18:31:28.667+0000] {logging_mixin.py:190} INFO - [2026-07-30T18:31:28.667+0000] {dag.py:4180} INFO - Setting next_dagrun for finascore_ml_pipeline to 2026-07-26 00:00:00+00:00, run_after=2026-08-02 00:00:00+00:00
[2026-07-30T18:31:28.701+0000] {processor.py:208} INFO - Processing /opt/airflow/dags/finascore_pipeline_dag.py took 0.541 seconds
[2026-07-30T18:31:58.866+0000] {processor.py:186} INFO - Started process (PID=384) to work on /opt/airflow/dags/finascore_pipeline_dag.py
[2026-07-30T18:31:58.867+0000] {processor.py:914} INFO - Processing file /opt/airflow/dags/finascore_pipeline_dag.py for tasks to queue
[2026-07-30T18:31:58.869+0000] {logging_mixin.py:190} INFO - [2026-07-30T18:31:58.868+0000] {dagbag.py:588} INFO - Filling up the DagBag from /opt/airflow/dags/finascore_pipeline_dag.py
[2026-07-30T18:31:58.884+0000] {processor.py:925} INFO - DAG(s) 'finascore_ml_pipeline' retrieved from /opt/airflow/dags/finascore_pipeline_dag.py
[2026-07-30T18:31:58.923+0000] {logging_mixin.py:190} INFO - [2026-07-30T18:31:58.922+0000] {dag.py:3239} INFO - Sync 1 DAGs
[2026-07-30T18:31:58.953+0000] {logging_mixin.py:190} INFO - [2026-07-30T18:31:58.952+0000] {dag.py:4180} INFO - Setting next_dagrun for finascore_ml_pipeline to 2026-07-26 00:00:00+00:00, run_after=2026-08-02 00:00:00+00:00
[2026-07-30T18:31:58.972+0000] {processor.py:208} INFO - Processing /opt/airflow/dags/finascore_pipeline_dag.py took 0.113 seconds
[2026-07-30T18:32:29.003+0000] {processor.py:186} INFO - Started process (PID=389) to work on /opt/airflow/dags/finascore_pipeline_dag.py
[2026-07-30T18:32:29.004+0000] {processor.py:914} INFO - Processing file /opt/airflow/dags/finascore_pipeline_dag.py for tasks to queue
[2026-07-30T18:32:29.005+0000] {logging_mixin.py:190} INFO - [2026-07-30T18:32:29.005+0000] {dagbag.py:588} INFO - Filling up the DagBag from /opt/airflow/dags/finascore_pipeline_dag.py
[2026-07-30T18:32:29.017+0000] {processor.py:925} INFO - DAG(s) 'finascore_ml_pipeline' retrieved from /opt/airflow/dags/finascore_pipeline_dag.py
[2026-07-30T18:32:29.051+0000] {logging_mixin.py:190} INFO - [2026-07-30T18:32:29.051+0000] {dag.py:3239} INFO - Sync 1 DAGs
[2026-07-30T18:32:29.073+0000] {logging_mixin.py:190} INFO - [2026-07-30T18:32:29.073+0000] {dag.py:4180} INFO - Setting next_dagrun for finascore_ml_pipeline to 2026-07-26 00:00:00+00:00, run_after=2026-08-02 00:00:00+00:00
[2026-07-30T18:32:29.090+0000] {processor.py:208} INFO - Processing /opt/airflow/dags/finascore_pipeline_dag.py took 0.093 seconds
[2026-07-30T18:32:59.134+0000] {processor.py:186} INFO - Started process (PID=394) to work on /opt/airflow/dags/finascore_pipeline_dag.py
[2026-07-30T18:32:59.136+0000] {processor.py:914} INFO - Processing file /opt/airflow/dags/finascore_pipeline_dag.py for tasks to queue
[2026-07-30T18:32:59.138+0000] {logging_mixin.py:190} INFO - [2026-07-30T18:32:59.137+0000] {dagbag.py:588} INFO - Filling up the DagBag from /opt/airflow/dags/finascore_pipeline_dag.py
[2026-07-30T18:32:59.150+0000] {processor.py:925} INFO - DAG(s) 'finascore_ml_pipeline' retrieved from /opt/airflow/dags/finascore_pipeline_dag.py
[2026-07-30T18:32:59.182+0000] {logging_mixin.py:190} INFO - [2026-07-30T18:32:59.182+0000] {dag.py:3239} INFO - Sync 1 DAGs
[2026-07-30T18:32:59.216+0000] {logging_mixin.py:190} INFO - [2026-07-30T18:32:59.216+0000] {dag.py:4180} INFO - Setting next_dagrun for finascore_ml_pipeline to 2026-07-26 00:00:00+00:00, run_after=2026-08-02 00:00:00+00:00
[2026-07-30T18:32:59.236+0000] {processor.py:208} INFO - Processing /opt/airflow/dags/finascore_pipeline_dag.py took 0.107 seconds
[2026-07-30T18:33:29.392+0000] {processor.py:186} INFO - Started process (PID=399) to work on /opt/airflow/dags/finascore_pipeline_dag.py
[2026-07-30T18:33:29.392+0000] {processor.py:914} INFO - Processing file /opt/airflow/dags/finascore_pipeline_dag.py for tasks to queue
[2026-07-30T18:33:29.393+0000] {logging_mixin.py:190} INFO - [2026-07-30T18:33:29.393+0000] {dagbag.py:588} INFO - Filling up the DagBag from /opt/airflow/dags/finascore_pipeline_dag.py
[2026-07-30T18:33:29.405+0000] {processor.py:925} INFO - DAG(s) 'finascore_ml_pipeline' retrieved from /opt/airflow/dags/finascore_pipeline_dag.py
[2026-07-30T18:33:29.447+0000] {logging_mixin.py:190} INFO - [2026-07-30T18:33:29.447+0000] {dag.py:3239} INFO - Sync 1 DAGs
[2026-07-30T18:33:29.492+0000] {logging_mixin.py:190} INFO - [2026-07-30T18:33:29.492+0000] {dag.py:4180} INFO - Setting next_dagrun for finascore_ml_pipeline to 2026-07-26 00:00:00+00:00, run_after=2026-08-02 00:00:00+00:00
[2026-07-30T18:33:29.608+0000] {processor.py:208} INFO - Processing /opt/airflow/dags/finascore_pipeline_dag.py took 0.224 seconds
[2026-07-30T18:33:59.782+0000] {processor.py:186} INFO - Started process (PID=404) to work on /opt/airflow/dags/finascore_pipeline_dag.py
[2026-07-30T18:33:59.784+0000] {processor.py:914} INFO - Processing file /opt/airflow/dags/finascore_pipeline_dag.py for tasks to queue
[2026-07-30T18:33:59.786+0000] {logging_mixin.py:190} INFO - [2026-07-30T18:33:59.785+0000] {dagbag.py:588} INFO - Filling up the DagBag from /opt/airflow/dags/finascore_pipeline_dag.py
[2026-07-30T18:33:59.802+0000] {processor.py:925} INFO - DAG(s) 'finascore_ml_pipeline' retrieved from /opt/airflow/dags/finascore_pipeline_dag.py
[2026-07-30T18:33:59.846+0000] {logging_mixin.py:190} INFO - [2026-07-30T18:33:59.846+0000] {dag.py:3239} INFO - Sync 1 DAGs
[2026-07-30T18:33:59.881+0000] {logging_mixin.py:190} INFO - [2026-07-30T18:33:59.880+0000] {dag.py:4180} INFO - Setting next_dagrun for finascore_ml_pipeline to 2026-07-26 00:00:00+00:00, run_after=2026-08-02 00:00:00+00:00
[2026-07-30T18:33:59.905+0000] {processor.py:208} INFO - Processing /opt/airflow/dags/finascore_pipeline_dag.py took 0.130 seconds
[2026-07-30T18:34:30.061+0000] {processor.py:186} INFO - Started process (PID=409) to work on /opt/airflow/dags/finascore_pipeline_dag.py
[2026-07-30T18:34:30.063+0000] {processor.py:914} INFO - Processing file /opt/airflow/dags/finascore_pipeline_dag.py for tasks to queue
[2026-07-30T18:34:30.064+0000] {logging_mixin.py:190} INFO - [2026-07-30T18:34:30.063+0000] {dagbag.py:588} INFO - Filling up the DagBag from /opt/airflow/dags/finascore_pipeline_dag.py
[2026-07-30T18:34:30.076+0000] {processor.py:925} INFO - DAG(s) 'finascore_ml_pipeline' retrieved from /opt/airflow/dags/finascore_pipeline_dag.py
[2026-07-30T18:34:30.112+0000] {logging_mixin.py:190} INFO - [2026-07-30T18:34:30.111+0000] {dag.py:3239} INFO - Sync 1 DAGs
[2026-07-30T18:34:30.137+0000] {logging_mixin.py:190} INFO - [2026-07-30T18:34:30.137+0000] {dag.py:4180} INFO - Setting next_dagrun for finascore_ml_pipeline to 2026-07-26 00:00:00+00:00, run_after=2026-08-02 00:00:00+00:00
[2026-07-30T18:34:30.153+0000] {processor.py:208} INFO - Processing /opt/airflow/dags/finascore_pipeline_dag.py took 0.098 seconds
[2026-07-30T18:35:00.194+0000] {processor.py:186} INFO - Started process (PID=414) to work on /opt/airflow/dags/finascore_pipeline_dag.py
[2026-07-30T18:35:00.195+0000] {processor.py:914} INFO - Processing file /opt/airflow/dags/finascore_pipeline_dag.py for tasks to queue
[2026-07-30T18:35:00.196+0000] {logging_mixin.py:190} INFO - [2026-07-30T18:35:00.195+0000] {dagbag.py:588} INFO - Filling up the DagBag from /opt/airflow/dags/finascore_pipeline_dag.py
[2026-07-30T18:35:00.209+0000] {processor.py:925} INFO - DAG(s) 'finascore_ml_pipeline' retrieved from /opt/airflow/dags/finascore_pipeline_dag.py
[2026-07-30T18:35:00.243+0000] {logging_mixin.py:190} INFO - [2026-07-30T18:35:00.243+0000] {dag.py:3239} INFO - Sync 1 DAGs
[2026-07-30T18:35:00.265+0000] {logging_mixin.py:190} INFO - [2026-07-30T18:35:00.265+0000] {dag.py:4180} INFO - Setting next_dagrun for finascore_ml_pipeline to 2026-07-26 00:00:00+00:00, run_after=2026-08-02 00:00:00+00:00
[2026-07-30T18:35:00.284+0000] {processor.py:208} INFO - Processing /opt/airflow/dags/finascore_pipeline_dag.py took 0.097 seconds
[2026-07-30T18:35:30.454+0000] {processor.py:186} INFO - Started process (PID=419) to work on /opt/airflow/dags/finascore_pipeline_dag.py
[2026-07-30T18:35:30.456+0000] {processor.py:914} INFO - Processing file /opt/airflow/dags/finascore_pipeline_dag.py for tasks to queue
[2026-07-30T18:35:30.457+0000] {logging_mixin.py:190} INFO - [2026-07-30T18:35:30.457+0000] {dagbag.py:588} INFO - Filling up the DagBag from /opt/airflow/dags/finascore_pipeline_dag.py
[2026-07-30T18:35:30.469+0000] {processor.py:925} INFO - DAG(s) 'finascore_ml_pipeline' retrieved from /opt/airflow/dags/finascore_pipeline_dag.py
[2026-07-30T18:35:30.504+0000] {logging_mixin.py:190} INFO - [2026-07-30T18:35:30.504+0000] {dag.py:3239} INFO - Sync 1 DAGs
[2026-07-30T18:35:30.528+0000] {logging_mixin.py:190} INFO - [2026-07-30T18:35:30.527+0000] {dag.py:4180} INFO - Setting next_dagrun for finascore_ml_pipeline to 2026-07-26 00:00:00+00:00, run_after=2026-08-02 00:00:00+00:00
[2026-07-30T18:35:30.543+0000] {processor.py:208} INFO - Processing /opt/airflow/dags/finascore_pipeline_dag.py took 0.096 seconds
[2026-07-30T18:36:00.617+0000] {processor.py:186} INFO - Started process (PID=424) to work on /opt/airflow/dags/finascore_pipeline_dag.py
[2026-07-30T18:36:00.619+0000] {processor.py:914} INFO - Processing file /opt/airflow/dags/finascore_pipeline_dag.py for tasks to queue
[2026-07-30T18:36:00.621+0000] {logging_mixin.py:190} INFO - [2026-07-30T18:36:00.621+0000] {dagbag.py:588} INFO - Filling up the DagBag from /opt/airflow/dags/finascore_pipeline_dag.py
[2026-07-30T18:36:00.638+0000] {processor.py:925} INFO - DAG(s) 'finascore_ml_pipeline' retrieved from /opt/airflow/dags/finascore_pipeline_dag.py
[2026-07-30T18:36:00.686+0000] {logging_mixin.py:190} INFO - [2026-07-30T18:36:00.686+0000] {dag.py:3239} INFO - Sync 1 DAGs
[2026-07-30T18:36:00.716+0000] {logging_mixin.py:190} INFO - [2026-07-30T18:36:00.716+0000] {dag.py:4180} INFO - Setting next_dagrun for finascore_ml_pipeline to 2026-07-26 00:00:00+00:00, run_after=2026-08-02 00:00:00+00:00
[2026-07-30T18:36:00.736+0000] {processor.py:208} INFO - Processing /opt/airflow/dags/finascore_pipeline_dag.py took 0.129 seconds
[2026-07-30T18:36:30.829+0000] {processor.py:186} INFO - Started process (PID=429) to work on /opt/airflow/dags/finascore_pipeline_dag.py
[2026-07-30T18:36:30.829+0000] {processor.py:914} INFO - Processing file /opt/airflow/dags/finascore_pipeline_dag.py for tasks to queue
[2026-07-30T18:36:30.830+0000] {logging_mixin.py:190} INFO - [2026-07-30T18:36:30.830+0000] {dagbag.py:588} INFO - Filling up the DagBag from /opt/airflow/dags/finascore_pipeline_dag.py
[2026-07-30T18:36:30.844+0000] {processor.py:925} INFO - DAG(s) 'finascore_ml_pipeline' retrieved from /opt/airflow/dags/finascore_pipeline_dag.py
[2026-07-30T18:36:30.879+0000] {logging_mixin.py:190} INFO - [2026-07-30T18:36:30.879+0000] {dag.py:3239} INFO - Sync 1 DAGs
[2026-07-30T18:36:30.904+0000] {logging_mixin.py:190} INFO - [2026-07-30T18:36:30.903+0000] {dag.py:4180} INFO - Setting next_dagrun for finascore_ml_pipeline to 2026-07-26 00:00:00+00:00, run_after=2026-08-02 00:00:00+00:00
[2026-07-30T18:36:30.922+0000] {processor.py:208} INFO - Processing /opt/airflow/dags/finascore_pipeline_dag.py took 0.100 seconds
[2026-07-30T18:37:01.011+0000] {processor.py:186} INFO - Started process (PID=434) to work on /opt/airflow/dags/finascore_pipeline_dag.py
[2026-07-30T18:37:01.013+0000] {processor.py:914} INFO - Processing file /opt/airflow/dags/finascore_pipeline_dag.py for tasks to queue
[2026-07-30T18:37:01.014+0000] {logging_mixin.py:190} INFO - [2026-07-30T18:37:01.014+0000] {dagbag.py:588} INFO - Filling up the DagBag from /opt/airflow/dags/finascore_pipeline_dag.py
[2026-07-30T18:37:01.028+0000] {processor.py:925} INFO - DAG(s) 'finascore_ml_pipeline' retrieved from /opt/airflow/dags/finascore_pipeline_dag.py
[2026-07-30T18:37:01.067+0000] {logging_mixin.py:190} INFO - [2026-07-30T18:37:01.067+0000] {dag.py:3239} INFO - Sync 1 DAGs
[2026-07-30T18:37:01.103+0000] {logging_mixin.py:190} INFO - [2026-07-30T18:37:01.102+0000] {dag.py:4180} INFO - Setting next_dagrun for finascore_ml_pipeline to 2026-07-26 00:00:00+00:00, run_after=2026-08-02 00:00:00+00:00
[2026-07-30T18:37:01.124+0000] {processor.py:208} INFO - Processing /opt/airflow/dags/finascore_pipeline_dag.py took 0.119 seconds
[2026-07-30T18:37:31.200+0000] {processor.py:186} INFO - Started process (PID=439) to work on /opt/airflow/dags/finascore_pipeline_dag.py
[2026-07-30T18:37:31.201+0000] {processor.py:914} INFO - Processing file /opt/airflow/dags/finascore_pipeline_dag.py for tasks to queue
[2026-07-30T18:37:31.203+0000] {logging_mixin.py:190} INFO - [2026-07-30T18:37:31.202+0000] {dagbag.py:588} INFO - Filling up the DagBag from /opt/airflow/dags/finascore_pipeline_dag.py
[2026-07-30T18:37:31.222+0000] {processor.py:925} INFO - DAG(s) 'finascore_ml_pipeline' retrieved from /opt/airflow/dags/finascore_pipeline_dag.py
[2026-07-30T18:37:31.262+0000] {logging_mixin.py:190} INFO - [2026-07-30T18:37:31.262+0000] {dag.py:3239} INFO - Sync 1 DAGs
[2026-07-30T18:37:31.290+0000] {logging_mixin.py:190} INFO - [2026-07-30T18:37:31.290+0000] {dag.py:4180} INFO - Setting next_dagrun for finascore_ml_pipeline to 2026-07-26 00:00:00+00:00, run_after=2026-08-02 00:00:00+00:00
[2026-07-30T18:37:31.312+0000] {processor.py:208} INFO - Processing /opt/airflow/dags/finascore_pipeline_dag.py took 0.119 seconds
[2026-07-30T18:38:01.408+0000] {processor.py:186} INFO - Started process (PID=444) to work on /opt/airflow/dags/finascore_pipeline_dag.py
[2026-07-30T18:38:01.409+0000] {processor.py:914} INFO - Processing file /opt/airflow/dags/finascore_pipeline_dag.py for tasks to queue
[2026-07-30T18:38:01.411+0000] {logging_mixin.py:190} INFO - [2026-07-30T18:38:01.410+0000] {dagbag.py:588} INFO - Filling up the DagBag from /opt/airflow/dags/finascore_pipeline_dag.py
[2026-07-30T18:38:01.424+0000] {processor.py:925} INFO - DAG(s) 'finascore_ml_pipeline' retrieved from /opt/airflow/dags/finascore_pipeline_dag.py
[2026-07-30T18:38:01.461+0000] {logging_mixin.py:190} INFO - [2026-07-30T18:38:01.461+0000] {dag.py:3239} INFO - Sync 1 DAGs
[2026-07-30T18:38:01.488+0000] {logging_mixin.py:190} INFO - [2026-07-30T18:38:01.487+0000] {dag.py:4180} INFO - Setting next_dagrun for finascore_ml_pipeline to 2026-07-26 00:00:00+00:00, run_after=2026-08-02 00:00:00+00:00
[2026-07-30T18:38:01.532+0000] {processor.py:208} INFO - Processing /opt/airflow/dags/finascore_pipeline_dag.py took 0.130 seconds
[2026-07-30T18:38:31.611+0000] {processor.py:186} INFO - Started process (PID=449) to work on /opt/airflow/dags/finascore_pipeline_dag.py
[2026-07-30T18:38:31.612+0000] {processor.py:914} INFO - Processing file /opt/airflow/dags/finascore_pipeline_dag.py for tasks to queue
[2026-07-30T18:38:31.613+0000] {logging_mixin.py:190} INFO - [2026-07-30T18:38:31.612+0000] {dagbag.py:588} INFO - Filling up the DagBag from /opt/airflow/dags/finascore_pipeline_dag.py
[2026-07-30T18:38:31.625+0000] {processor.py:925} INFO - DAG(s) 'finascore_ml_pipeline' retrieved from /opt/airflow/dags/finascore_pipeline_dag.py
[2026-07-30T18:38:31.658+0000] {logging_mixin.py:190} INFO - [2026-07-30T18:38:31.658+0000] {dag.py:3239} INFO - Sync 1 DAGs
[2026-07-30T18:38:31.683+0000] {logging_mixin.py:190} INFO - [2026-07-30T18:38:31.683+0000] {dag.py:4180} INFO - Setting next_dagrun for finascore_ml_pipeline to 2026-07-26 00:00:00+00:00, run_after=2026-08-02 00:00:00+00:00
[2026-07-30T18:38:31.699+0000] {processor.py:208} INFO - Processing /opt/airflow/dags/finascore_pipeline_dag.py took 0.094 seconds
[2026-07-30T18:39:01.824+0000] {processor.py:186} INFO - Started process (PID=454) to work on /opt/airflow/dags/finascore_pipeline_dag.py
[2026-07-30T18:39:01.828+0000] {processor.py:914} INFO - Processing file /opt/airflow/dags/finascore_pipeline_dag.py for tasks to queue
[2026-07-30T18:39:01.830+0000] {logging_mixin.py:190} INFO - [2026-07-30T18:39:01.830+0000] {dagbag.py:588} INFO - Filling up the DagBag from /opt/airflow/dags/finascore_pipeline_dag.py
[2026-07-30T18:39:01.846+0000] {processor.py:925} INFO - DAG(s) 'finascore_ml_pipeline' retrieved from /opt/airflow/dags/finascore_pipeline_dag.py
[2026-07-30T18:39:01.881+0000] {logging_mixin.py:190} INFO - [2026-07-30T18:39:01.881+0000] {dag.py:3239} INFO - Sync 1 DAGs
[2026-07-30T18:39:01.904+0000] {logging_mixin.py:190} INFO - [2026-07-30T18:39:01.903+0000] {dag.py:4180} INFO - Setting next_dagrun for finascore_ml_pipeline to 2026-07-26 00:00:00+00:00, run_after=2026-08-02 00:00:00+00:00
[2026-07-30T18:39:01.954+0000] {processor.py:208} INFO - Processing /opt/airflow/dags/finascore_pipeline_dag.py took 0.137 seconds
[2026-07-30T18:39:31.987+0000] {processor.py:186} INFO - Started process (PID=459) to work on /opt/airflow/dags/finascore_pipeline_dag.py
[2026-07-30T18:39:31.987+0000] {processor.py:914} INFO - Processing file /opt/airflow/dags/finascore_pipeline_dag.py for tasks to queue
[2026-07-30T18:39:31.988+0000] {logging_mixin.py:190} INFO - [2026-07-30T18:39:31.988+0000] {dagbag.py:588} INFO - Filling up the DagBag from /opt/airflow/dags/finascore_pipeline_dag.py
[2026-07-30T18:39:32.003+0000] {processor.py:925} INFO - DAG(s) 'finascore_ml_pipeline' retrieved from /opt/airflow/dags/finascore_pipeline_dag.py
[2026-07-30T18:39:32.038+0000] {logging_mixin.py:190} INFO - [2026-07-30T18:39:32.038+0000] {dag.py:3239} INFO - Sync 1 DAGs
[2026-07-30T18:39:32.063+0000] {logging_mixin.py:190} INFO - [2026-07-30T18:39:32.063+0000] {dag.py:4180} INFO - Setting next_dagrun for finascore_ml_pipeline to 2026-07-26 00:00:00+00:00, run_after=2026-08-02 00:00:00+00:00
[2026-07-30T18:39:32.081+0000] {processor.py:208} INFO - Processing /opt/airflow/dags/finascore_pipeline_dag.py took 0.101 seconds
[2026-07-30T18:40:02.232+0000] {processor.py:186} INFO - Started process (PID=464) to work on /opt/airflow/dags/finascore_pipeline_dag.py
[2026-07-30T18:40:02.234+0000] {processor.py:914} INFO - Processing file /opt/airflow/dags/finascore_pipeline_dag.py for tasks to queue
[2026-07-30T18:40:02.236+0000] {logging_mixin.py:190} INFO - [2026-07-30T18:40:02.236+0000] {dagbag.py:588} INFO - Filling up the DagBag from /opt/airflow/dags/finascore_pipeline_dag.py
[2026-07-30T18:40:02.251+0000] {processor.py:925} INFO - DAG(s) 'finascore_ml_pipeline' retrieved from /opt/airflow/dags/finascore_pipeline_dag.py
[2026-07-30T18:40:02.283+0000] {logging_mixin.py:190} INFO - [2026-07-30T18:40:02.283+0000] {dag.py:3239} INFO - Sync 1 DAGs
[2026-07-30T18:40:02.305+0000] {logging_mixin.py:190} INFO - [2026-07-30T18:40:02.305+0000] {dag.py:4180} INFO - Setting next_dagrun for finascore_ml_pipeline to 2026-07-26 00:00:00+00:00, run_after=2026-08-02 00:00:00+00:00
[2026-07-30T18:40:02.320+0000] {processor.py:208} INFO - Processing /opt/airflow/dags/finascore_pipeline_dag.py took 0.095 seconds
[2026-07-30T18:40:32.388+0000] {processor.py:186} INFO - Started process (PID=469) to work on /opt/airflow/dags/finascore_pipeline_dag.py
[2026-07-30T18:40:32.389+0000] {processor.py:914} INFO - Processing file /opt/airflow/dags/finascore_pipeline_dag.py for tasks to queue
[2026-07-30T18:40:32.390+0000] {logging_mixin.py:190} INFO - [2026-07-30T18:40:32.390+0000] {dagbag.py:588} INFO - Filling up the DagBag from /opt/airflow/dags/finascore_pipeline_dag.py
[2026-07-30T18:40:32.403+0000] {processor.py:925} INFO - DAG(s) 'finascore_ml_pipeline' retrieved from /opt/airflow/dags/finascore_pipeline_dag.py
[2026-07-30T18:40:32.436+0000] {logging_mixin.py:190} INFO - [2026-07-30T18:40:32.436+0000] {dag.py:3239} INFO - Sync 1 DAGs
[2026-07-30T18:40:32.459+0000] {logging_mixin.py:190} INFO - [2026-07-30T18:40:32.459+0000] {dag.py:4180} INFO - Setting next_dagrun for finascore_ml_pipeline to 2026-07-26 00:00:00+00:00, run_after=2026-08-02 00:00:00+00:00
[2026-07-30T18:40:32.473+0000] {processor.py:208} INFO - Processing /opt/airflow/dags/finascore_pipeline_dag.py took 0.090 seconds
[2026-07-30T18:41:02.612+0000] {processor.py:186} INFO - Started process (PID=474) to work on /opt/airflow/dags/finascore_pipeline_dag.py
[2026-07-30T18:41:02.614+0000] {processor.py:914} INFO - Processing file /opt/airflow/dags/finascore_pipeline_dag.py for tasks to queue
[2026-07-30T18:41:02.616+0000] {logging_mixin.py:190} INFO - [2026-07-30T18:41:02.615+0000] {dagbag.py:588} INFO - Filling up the DagBag from /opt/airflow/dags/finascore_pipeline_dag.py
[2026-07-30T18:41:02.636+0000] {processor.py:925} INFO - DAG(s) 'finascore_ml_pipeline' retrieved from /opt/airflow/dags/finascore_pipeline_dag.py
[2026-07-30T18:41:02.674+0000] {logging_mixin.py:190} INFO - [2026-07-30T18:41:02.674+0000] {dag.py:3239} INFO - Sync 1 DAGs
[2026-07-30T18:41:02.715+0000] {logging_mixin.py:190} INFO - [2026-07-30T18:41:02.715+0000] {dag.py:4180} INFO - Setting next_dagrun for finascore_ml_pipeline to 2026-07-26 00:00:00+00:00, run_after=2026-08-02 00:00:00+00:00
[2026-07-30T18:41:02.733+0000] {processor.py:208} INFO - Processing /opt/airflow/dags/finascore_pipeline_dag.py took 0.129 seconds
[2026-07-30T18:41:32.879+0000] {processor.py:186} INFO - Started process (PID=479) to work on /opt/airflow/dags/finascore_pipeline_dag.py
[2026-07-30T18:41:32.880+0000] {processor.py:914} INFO - Processing file /opt/airflow/dags/finascore_pipeline_dag.py for tasks to queue
[2026-07-30T18:41:32.881+0000] {logging_mixin.py:190} INFO - [2026-07-30T18:41:32.881+0000] {dagbag.py:588} INFO - Filling up the DagBag from /opt/airflow/dags/finascore_pipeline_dag.py
[2026-07-30T18:41:32.900+0000] {processor.py:925} INFO - DAG(s) 'finascore_ml_pipeline' retrieved from /opt/airflow/dags/finascore_pipeline_dag.py
[2026-07-30T18:41:32.934+0000] {logging_mixin.py:190} INFO - [2026-07-30T18:41:32.934+0000] {dag.py:3239} INFO - Sync 1 DAGs
[2026-07-30T18:41:32.967+0000] {logging_mixin.py:190} INFO - [2026-07-30T18:41:32.966+0000] {dag.py:4180} INFO - Setting next_dagrun for finascore_ml_pipeline to 2026-07-26 00:00:00+00:00, run_after=2026-08-02 00:00:00+00:00
[2026-07-30T18:41:33.021+0000] {processor.py:208} INFO - Processing /opt/airflow/dags/finascore_pipeline_dag.py took 0.152 seconds
[2026-07-30T18:42:03.175+0000] {processor.py:186} INFO - Started process (PID=484) to work on /opt/airflow/dags/finascore_pipeline_dag.py
[2026-07-30T18:42:03.177+0000] {processor.py:914} INFO - Processing file /opt/airflow/dags/finascore_pipeline_dag.py for tasks to queue
[2026-07-30T18:42:03.178+0000] {logging_mixin.py:190} INFO - [2026-07-30T18:42:03.178+0000] {dagbag.py:588} INFO - Filling up the DagBag from /opt/airflow/dags/finascore_pipeline_dag.py
[2026-07-30T18:42:03.193+0000] {processor.py:925} INFO - DAG(s) 'finascore_ml_pipeline' retrieved from /opt/airflow/dags/finascore_pipeline_dag.py
[2026-07-30T18:42:03.228+0000] {logging_mixin.py:190} INFO - [2026-07-30T18:42:03.228+0000] {dag.py:3239} INFO - Sync 1 DAGs
[2026-07-30T18:42:03.255+0000] {logging_mixin.py:190} INFO - [2026-07-30T18:42:03.255+0000] {dag.py:4180} INFO - Setting next_dagrun for finascore_ml_pipeline to 2026-07-26 00:00:00+00:00, run_after=2026-08-02 00:00:00+00:00
[2026-07-30T18:42:03.277+0000] {processor.py:208} INFO - Processing /opt/airflow/dags/finascore_pipeline_dag.py took 0.108 seconds
[2026-07-30T18:42:33.310+0000] {processor.py:186} INFO - Started process (PID=489) to work on /opt/airflow/dags/finascore_pipeline_dag.py
[2026-07-30T18:42:33.311+0000] {processor.py:914} INFO - Processing file /opt/airflow/dags/finascore_pipeline_dag.py for tasks to queue
[2026-07-30T18:42:33.312+0000] {logging_mixin.py:190} INFO - [2026-07-30T18:42:33.312+0000] {dagbag.py:588} INFO - Filling up the DagBag from /opt/airflow/dags/finascore_pipeline_dag.py
[2026-07-30T18:42:33.325+0000] {processor.py:925} INFO - DAG(s) 'finascore_ml_pipeline' retrieved from /opt/airflow/dags/finascore_pipeline_dag.py
[2026-07-30T18:42:33.364+0000] {logging_mixin.py:190} INFO - [2026-07-30T18:42:33.364+0000] {dag.py:3239} INFO - Sync 1 DAGs
[2026-07-30T18:42:33.387+0000] {logging_mixin.py:190} INFO - [2026-07-30T18:42:33.387+0000] {dag.py:4180} INFO - Setting next_dagrun for finascore_ml_pipeline to 2026-07-26 00:00:00+00:00, run_after=2026-08-02 00:00:00+00:00
[2026-07-30T18:42:33.402+0000] {processor.py:208} INFO - Processing /opt/airflow/dags/finascore_pipeline_dag.py took 0.098 seconds
[2026-07-30T18:43:03.566+0000] {processor.py:186} INFO - Started process (PID=494) to work on /opt/airflow/dags/finascore_pipeline_dag.py
[2026-07-30T18:43:03.568+0000] {processor.py:914} INFO - Processing file /opt/airflow/dags/finascore_pipeline_dag.py for tasks to queue
[2026-07-30T18:43:03.569+0000] {logging_mixin.py:190} INFO - [2026-07-30T18:43:03.568+0000] {dagbag.py:588} INFO - Filling up the DagBag from /opt/airflow/dags/finascore_pipeline_dag.py
[2026-07-30T18:43:03.584+0000] {processor.py:925} INFO - DAG(s) 'finascore_ml_pipeline' retrieved from /opt/airflow/dags/finascore_pipeline_dag.py
[2026-07-30T18:43:03.615+0000] {logging_mixin.py:190} INFO - [2026-07-30T18:43:03.615+0000] {dag.py:3239} INFO - Sync 1 DAGs
[2026-07-30T18:43:03.639+0000] {logging_mixin.py:190} INFO - [2026-07-30T18:43:03.639+0000] {dag.py:4180} INFO - Setting next_dagrun for finascore_ml_pipeline to 2026-07-26 00:00:00+00:00, run_after=2026-08-02 00:00:00+00:00
[2026-07-30T18:43:03.653+0000] {processor.py:208} INFO - Processing /opt/airflow/dags/finascore_pipeline_dag.py took 0.094 seconds
[2026-07-30T18:43:33.713+0000] {processor.py:186} INFO - Started process (PID=499) to work on /opt/airflow/dags/finascore_pipeline_dag.py
[2026-07-30T18:43:33.714+0000] {processor.py:914} INFO - Processing file /opt/airflow/dags/finascore_pipeline_dag.py for tasks to queue
[2026-07-30T18:43:33.716+0000] {logging_mixin.py:190} INFO - [2026-07-30T18:43:33.716+0000] {dagbag.py:588} INFO - Filling up the DagBag from /opt/airflow/dags/finascore_pipeline_dag.py
[2026-07-30T18:43:33.732+0000] {processor.py:925} INFO - DAG(s) 'finascore_ml_pipeline' retrieved from /opt/airflow/dags/finascore_pipeline_dag.py
[2026-07-30T18:43:33.765+0000] {logging_mixin.py:190} INFO - [2026-07-30T18:43:33.764+0000] {dag.py:3239} INFO - Sync 1 DAGs
[2026-07-30T18:43:33.793+0000] {logging_mixin.py:190} INFO - [2026-07-30T18:43:33.793+0000] {dag.py:4180} INFO - Setting next_dagrun for finascore_ml_pipeline to 2026-07-26 00:00:00+00:00, run_after=2026-08-02 00:00:00+00:00
[2026-07-30T18:43:33.809+0000] {processor.py:208} INFO - Processing /opt/airflow/dags/finascore_pipeline_dag.py took 0.105 seconds
[2026-07-30T18:44:03.933+0000] {processor.py:186} INFO - Started process (PID=504) to work on /opt/airflow/dags/finascore_pipeline_dag.py
[2026-07-30T18:44:03.935+0000] {processor.py:914} INFO - Processing file /opt/airflow/dags/finascore_pipeline_dag.py for tasks to queue
[2026-07-30T18:44:03.936+0000] {logging_mixin.py:190} INFO - [2026-07-30T18:44:03.936+0000] {dagbag.py:588} INFO - Filling up the DagBag from /opt/airflow/dags/finascore_pipeline_dag.py
[2026-07-30T18:44:03.948+0000] {processor.py:925} INFO - DAG(s) 'finascore_ml_pipeline' retrieved from /opt/airflow/dags/finascore_pipeline_dag.py
[2026-07-30T18:44:03.982+0000] {logging_mixin.py:190} INFO - [2026-07-30T18:44:03.982+0000] {dag.py:3239} INFO - Sync 1 DAGs
[2026-07-30T18:44:04.009+0000] {logging_mixin.py:190} INFO - [2026-07-30T18:44:04.009+0000] {dag.py:4180} INFO - Setting next_dagrun for finascore_ml_pipeline to 2026-07-26 00:00:00+00:00, run_after=2026-08-02 00:00:00+00:00
[2026-07-30T18:44:04.025+0000] {processor.py:208} INFO - Processing /opt/airflow/dags/finascore_pipeline_dag.py took 0.100 seconds
[2026-07-30T18:44:34.075+0000] {processor.py:186} INFO - Started process (PID=509) to work on /opt/airflow/dags/finascore_pipeline_dag.py
[2026-07-30T18:44:34.076+0000] {processor.py:914} INFO - Processing file /opt/airflow/dags/finascore_pipeline_dag.py for tasks to queue
[2026-07-30T18:44:34.077+0000] {logging_mixin.py:190} INFO - [2026-07-30T18:44:34.077+0000] {dagbag.py:588} INFO - Filling up the DagBag from /opt/airflow/dags/finascore_pipeline_dag.py
[2026-07-30T18:44:34.090+0000] {processor.py:925} INFO - DAG(s) 'finascore_ml_pipeline' retrieved from /opt/airflow/dags/finascore_pipeline_dag.py
[2026-07-30T18:44:34.123+0000] {logging_mixin.py:190} INFO - [2026-07-30T18:44:34.123+0000] {dag.py:3239} INFO - Sync 1 DAGs
[2026-07-30T18:44:34.145+0000] {logging_mixin.py:190} INFO - [2026-07-30T18:44:34.145+0000] {dag.py:4180} INFO - Setting next_dagrun for finascore_ml_pipeline to 2026-07-26 00:00:00+00:00, run_after=2026-08-02 00:00:00+00:00
[2026-07-30T18:44:34.165+0000] {processor.py:208} INFO - Processing /opt/airflow/dags/finascore_pipeline_dag.py took 0.097 seconds
[2026-07-30T18:45:04.298+0000] {processor.py:186} INFO - Started process (PID=514) to work on /opt/airflow/dags/finascore_pipeline_dag.py
[2026-07-30T18:45:04.300+0000] {processor.py:914} INFO - Processing file /opt/airflow/dags/finascore_pipeline_dag.py for tasks to queue
[2026-07-30T18:45:04.301+0000] {logging_mixin.py:190} INFO - [2026-07-30T18:45:04.301+0000] {dagbag.py:588} INFO - Filling up the DagBag from /opt/airflow/dags/finascore_pipeline_dag.py
[2026-07-30T18:45:04.313+0000] {processor.py:925} INFO - DAG(s) 'finascore_ml_pipeline' retrieved from /opt/airflow/dags/finascore_pipeline_dag.py
[2026-07-30T18:45:04.353+0000] {logging_mixin.py:190} INFO - [2026-07-30T18:45:04.353+0000] {dag.py:3239} INFO - Sync 1 DAGs
[2026-07-30T18:45:04.378+0000] {logging_mixin.py:190} INFO - [2026-07-30T18:45:04.378+0000] {dag.py:4180} INFO - Setting next_dagrun for finascore_ml_pipeline to 2026-07-26 00:00:00+00:00, run_after=2026-08-02 00:00:00+00:00
[2026-07-30T18:45:04.393+0000] {processor.py:208} INFO - Processing /opt/airflow/dags/finascore_pipeline_dag.py took 0.102 seconds
[2026-07-30T18:45:34.450+0000] {processor.py:186} INFO - Started process (PID=519) to work on /opt/airflow/dags/finascore_pipeline_dag.py
[2026-07-30T18:45:34.451+0000] {processor.py:914} INFO - Processing file /opt/airflow/dags/finascore_pipeline_dag.py for tasks to queue
[2026-07-30T18:45:34.453+0000] {logging_mixin.py:190} INFO - [2026-07-30T18:45:34.452+0000] {dagbag.py:588} INFO - Filling up the DagBag from /opt/airflow/dags/finascore_pipeline_dag.py
[2026-07-30T18:45:34.469+0000] {processor.py:925} INFO - DAG(s) 'finascore_ml_pipeline' retrieved from /opt/airflow/dags/finascore_pipeline_dag.py
[2026-07-30T18:45:34.504+0000] {logging_mixin.py:190} INFO - [2026-07-30T18:45:34.504+0000] {dag.py:3239} INFO - Sync 1 DAGs
[2026-07-30T18:45:34.530+0000] {logging_mixin.py:190} INFO - [2026-07-30T18:45:34.529+0000] {dag.py:4180} INFO - Setting next_dagrun for finascore_ml_pipeline to 2026-07-26 00:00:00+00:00, run_after=2026-08-02 00:00:00+00:00
[2026-07-30T18:45:34.547+0000] {processor.py:208} INFO - Processing /opt/airflow/dags/finascore_pipeline_dag.py took 0.105 seconds
[2026-07-30T18:46:04.695+0000] {processor.py:186} INFO - Started process (PID=524) to work on /opt/airflow/dags/finascore_pipeline_dag.py
[2026-07-30T18:46:04.696+0000] {processor.py:914} INFO - Processing file /opt/airflow/dags/finascore_pipeline_dag.py for tasks to queue
[2026-07-30T18:46:04.697+0000] {logging_mixin.py:190} INFO - [2026-07-30T18:46:04.697+0000] {dagbag.py:588} INFO - Filling up the DagBag from /opt/airflow/dags/finascore_pipeline_dag.py
[2026-07-30T18:46:04.710+0000] {processor.py:925} INFO - DAG(s) 'finascore_ml_pipeline' retrieved from /opt/airflow/dags/finascore_pipeline_dag.py
[2026-07-30T18:46:04.741+0000] {logging_mixin.py:190} INFO - [2026-07-30T18:46:04.741+0000] {dag.py:3239} INFO - Sync 1 DAGs
[2026-07-30T18:46:04.763+0000] {logging_mixin.py:190} INFO - [2026-07-30T18:46:04.763+0000] {dag.py:4180} INFO - Setting next_dagrun for finascore_ml_pipeline to 2026-07-26 00:00:00+00:00, run_after=2026-08-02 00:00:00+00:00
[2026-07-30T18:46:04.780+0000] {processor.py:208} INFO - Processing /opt/airflow/dags/finascore_pipeline_dag.py took 0.091 seconds
[2026-07-30T18:46:34.839+0000] {processor.py:186} INFO - Started process (PID=529) to work on /opt/airflow/dags/finascore_pipeline_dag.py
[2026-07-30T18:46:34.840+0000] {processor.py:914} INFO - Processing file /opt/airflow/dags/finascore_pipeline_dag.py for tasks to queue
[2026-07-30T18:46:34.842+0000] {logging_mixin.py:190} INFO - [2026-07-30T18:46:34.842+0000] {dagbag.py:588} INFO - Filling up the DagBag from /opt/airflow/dags/finascore_pipeline_dag.py
[2026-07-30T18:46:34.854+0000] {processor.py:925} INFO - DAG(s) 'finascore_ml_pipeline' retrieved from /opt/airflow/dags/finascore_pipeline_dag.py
[2026-07-30T18:46:34.886+0000] {logging_mixin.py:190} INFO - [2026-07-30T18:46:34.886+0000] {dag.py:3239} INFO - Sync 1 DAGs
[2026-07-30T18:46:34.910+0000] {logging_mixin.py:190} INFO - [2026-07-30T18:46:34.910+0000] {dag.py:4180} INFO - Setting next_dagrun for finascore_ml_pipeline to 2026-07-26 00:00:00+00:00, run_after=2026-08-02 00:00:00+00:00
[2026-07-30T18:46:34.924+0000] {processor.py:208} INFO - Processing /opt/airflow/dags/finascore_pipeline_dag.py took 0.093 seconds
[2026-07-30T18:47:05.048+0000] {processor.py:186} INFO - Started process (PID=534) to work on /opt/airflow/dags/finascore_pipeline_dag.py
[2026-07-30T18:47:05.049+0000] {processor.py:914} INFO - Processing file /opt/airflow/dags/finascore_pipeline_dag.py for tasks to queue
[2026-07-30T18:47:05.050+0000] {logging_mixin.py:190} INFO - [2026-07-30T18:47:05.050+0000] {dagbag.py:588} INFO - Filling up the DagBag from /opt/airflow/dags/finascore_pipeline_dag.py
[2026-07-30T18:47:05.065+0000] {processor.py:925} INFO - DAG(s) 'finascore_ml_pipeline' retrieved from /opt/airflow/dags/finascore_pipeline_dag.py
[2026-07-30T18:47:05.099+0000] {logging_mixin.py:190} INFO - [2026-07-30T18:47:05.099+0000] {dag.py:3239} INFO - Sync 1 DAGs
[2026-07-30T18:47:05.121+0000] {logging_mixin.py:190} INFO - [2026-07-30T18:47:05.121+0000] {dag.py:4180} INFO - Setting next_dagrun for finascore_ml_pipeline to 2026-07-26 00:00:00+00:00, run_after=2026-08-02 00:00:00+00:00
[2026-07-30T18:47:05.138+0000] {processor.py:208} INFO - Processing /opt/airflow/dags/finascore_pipeline_dag.py took 0.098 seconds
[2026-07-30T18:47:35.197+0000] {processor.py:186} INFO - Started process (PID=539) to work on /opt/airflow/dags/finascore_pipeline_dag.py
[2026-07-30T18:47:35.199+0000] {processor.py:914} INFO - Processing file /opt/airflow/dags/finascore_pipeline_dag.py for tasks to queue
[2026-07-30T18:47:35.200+0000] {logging_mixin.py:190} INFO - [2026-07-30T18:47:35.200+0000] {dagbag.py:588} INFO - Filling up the DagBag from /opt/airflow/dags/finascore_pipeline_dag.py
[2026-07-30T18:47:35.212+0000] {processor.py:925} INFO - DAG(s) 'finascore_ml_pipeline' retrieved from /opt/airflow/dags/finascore_pipeline_dag.py
[2026-07-30T18:47:35.246+0000] {logging_mixin.py:190} INFO - [2026-07-30T18:47:35.245+0000] {dag.py:3239} INFO - Sync 1 DAGs
[2026-07-30T18:47:35.271+0000] {logging_mixin.py:190} INFO - [2026-07-30T18:47:35.271+0000] {dag.py:4180} INFO - Setting next_dagrun for finascore_ml_pipeline to 2026-07-26 00:00:00+00:00, run_after=2026-08-02 00:00:00+00:00
[2026-07-30T18:47:35.287+0000] {processor.py:208} INFO - Processing /opt/airflow/dags/finascore_pipeline_dag.py took 0.096 seconds
[2026-07-30T18:48:05.415+0000] {processor.py:186} INFO - Started process (PID=544) to work on /opt/airflow/dags/finascore_pipeline_dag.py
[2026-07-30T18:48:05.417+0000] {processor.py:914} INFO - Processing file /opt/airflow/dags/finascore_pipeline_dag.py for tasks to queue
[2026-07-30T18:48:05.419+0000] {logging_mixin.py:190} INFO - [2026-07-30T18:48:05.419+0000] {dagbag.py:588} INFO - Filling up the DagBag from /opt/airflow/dags/finascore_pipeline_dag.py
[2026-07-30T18:48:05.434+0000] {processor.py:925} INFO - DAG(s) 'finascore_ml_pipeline' retrieved from /opt/airflow/dags/finascore_pipeline_dag.py
[2026-07-30T18:48:05.477+0000] {logging_mixin.py:190} INFO - [2026-07-30T18:48:05.477+0000] {dag.py:3239} INFO - Sync 1 DAGs
[2026-07-30T18:48:05.511+0000] {logging_mixin.py:190} INFO - [2026-07-30T18:48:05.511+0000] {dag.py:4180} INFO - Setting next_dagrun for finascore_ml_pipeline to 2026-07-26 00:00:00+00:00, run_after=2026-08-02 00:00:00+00:00
[2026-07-30T18:48:05.551+0000] {processor.py:208} INFO - Processing /opt/airflow/dags/finascore_pipeline_dag.py took 0.146 seconds
[2026-07-30T18:48:35.713+0000] {processor.py:186} INFO - Started process (PID=549) to work on /opt/airflow/dags/finascore_pipeline_dag.py
[2026-07-30T18:48:35.714+0000] {processor.py:914} INFO - Processing file /opt/airflow/dags/finascore_pipeline_dag.py for tasks to queue
[2026-07-30T18:48:35.715+0000] {logging_mixin.py:190} INFO - [2026-07-30T18:48:35.715+0000] {dagbag.py:588} INFO - Filling up the DagBag from /opt/airflow/dags/finascore_pipeline_dag.py
[2026-07-30T18:48:35.729+0000] {processor.py:925} INFO - DAG(s) 'finascore_ml_pipeline' retrieved from /opt/airflow/dags/finascore_pipeline_dag.py
[2026-07-30T18:48:35.769+0000] {logging_mixin.py:190} INFO - [2026-07-30T18:48:35.769+0000] {dag.py:3239} INFO - Sync 1 DAGs
[2026-07-30T18:48:35.801+0000] {logging_mixin.py:190} INFO - [2026-07-30T18:48:35.800+0000] {dag.py:4180} INFO - Setting next_dagrun for finascore_ml_pipeline to 2026-07-26 00:00:00+00:00, run_after=2026-08-02 00:00:00+00:00
[2026-07-30T18:48:35.826+0000] {processor.py:208} INFO - Processing /opt/airflow/dags/finascore_pipeline_dag.py took 0.119 seconds
[2026-07-30T18:49:05.982+0000] {processor.py:186} INFO - Started process (PID=554) to work on /opt/airflow/dags/finascore_pipeline_dag.py
[2026-07-30T18:49:05.984+0000] {processor.py:914} INFO - Processing file /opt/airflow/dags/finascore_pipeline_dag.py for tasks to queue
[2026-07-30T18:49:05.985+0000] {logging_mixin.py:190} INFO - [2026-07-30T18:49:05.984+0000] {dagbag.py:588} INFO - Filling up the DagBag from /opt/airflow/dags/finascore_pipeline_dag.py
[2026-07-30T18:49:05.997+0000] {processor.py:925} INFO - DAG(s) 'finascore_ml_pipeline' retrieved from /opt/airflow/dags/finascore_pipeline_dag.py
[2026-07-30T18:49:06.030+0000] {logging_mixin.py:190} INFO - [2026-07-30T18:49:06.030+0000] {dag.py:3239} INFO - Sync 1 DAGs
[2026-07-30T18:49:06.052+0000] {logging_mixin.py:190} INFO - [2026-07-30T18:49:06.052+0000] {dag.py:4180} INFO - Setting next_dagrun for finascore_ml_pipeline to 2026-07-26 00:00:00+00:00, run_after=2026-08-02 00:00:00+00:00
[2026-07-30T18:49:06.068+0000] {processor.py:208} INFO - Processing /opt/airflow/dags/finascore_pipeline_dag.py took 0.092 seconds
[2026-07-30T18:49:36.116+0000] {processor.py:186} INFO - Started process (PID=559) to work on /opt/airflow/dags/finascore_pipeline_dag.py
[2026-07-30T18:49:36.118+0000] {processor.py:914} INFO - Processing file /opt/airflow/dags/finascore_pipeline_dag.py for tasks to queue
[2026-07-30T18:49:36.119+0000] {logging_mixin.py:190} INFO - [2026-07-30T18:49:36.119+0000] {dagbag.py:588} INFO - Filling up the DagBag from /opt/airflow/dags/finascore_pipeline_dag.py
[2026-07-30T18:49:36.131+0000] {processor.py:925} INFO - DAG(s) 'finascore_ml_pipeline' retrieved from /opt/airflow/dags/finascore_pipeline_dag.py
[2026-07-30T18:49:36.164+0000] {logging_mixin.py:190} INFO - [2026-07-30T18:49:36.164+0000] {dag.py:3239} INFO - Sync 1 DAGs
[2026-07-30T18:49:36.186+0000] {logging_mixin.py:190} INFO - [2026-07-30T18:49:36.186+0000] {dag.py:4180} INFO - Setting next_dagrun for finascore_ml_pipeline to 2026-07-26 00:00:00+00:00, run_after=2026-08-02 00:00:00+00:00
[2026-07-30T18:49:36.204+0000] {processor.py:208} INFO - Processing /opt/airflow/dags/finascore_pipeline_dag.py took 0.095 seconds
[2026-07-30T18:50:06.362+0000] {processor.py:186} INFO - Started process (PID=564) to work on /opt/airflow/dags/finascore_pipeline_dag.py
[2026-07-30T18:50:06.362+0000] {processor.py:914} INFO - Processing file /opt/airflow/dags/finascore_pipeline_dag.py for tasks to queue
[2026-07-30T18:50:06.363+0000] {logging_mixin.py:190} INFO - [2026-07-30T18:50:06.363+0000] {dagbag.py:588} INFO - Filling up the DagBag from /opt/airflow/dags/finascore_pipeline_dag.py
[2026-07-30T18:50:06.376+0000] {processor.py:925} INFO - DAG(s) 'finascore_ml_pipeline' retrieved from /opt/airflow/dags/finascore_pipeline_dag.py
[2026-07-30T18:50:06.408+0000] {logging_mixin.py:190} INFO - [2026-07-30T18:50:06.408+0000] {dag.py:3239} INFO - Sync 1 DAGs
[2026-07-30T18:50:06.429+0000] {logging_mixin.py:190} INFO - [2026-07-30T18:50:06.429+0000] {dag.py:4180} INFO - Setting next_dagrun for finascore_ml_pipeline to 2026-07-26 00:00:00+00:00, run_after=2026-08-02 00:00:00+00:00
[2026-07-30T18:50:06.446+0000] {processor.py:208} INFO - Processing /opt/airflow/dags/finascore_pipeline_dag.py took 0.091 seconds
[2026-07-30T18:50:36.514+0000] {processor.py:186} INFO - Started process (PID=569) to work on /opt/airflow/dags/finascore_pipeline_dag.py
[2026-07-30T18:50:36.516+0000] {processor.py:914} INFO - Processing file /opt/airflow/dags/finascore_pipeline_dag.py for tasks to queue
[2026-07-30T18:50:36.517+0000] {logging_mixin.py:190} INFO - [2026-07-30T18:50:36.516+0000] {dagbag.py:588} INFO - Filling up the DagBag from /opt/airflow/dags/finascore_pipeline_dag.py
[2026-07-30T18:50:36.529+0000] {processor.py:925} INFO - DAG(s) 'finascore_ml_pipeline' retrieved from /opt/airflow/dags/finascore_pipeline_dag.py
[2026-07-30T18:50:36.562+0000] {logging_mixin.py:190} INFO - [2026-07-30T18:50:36.562+0000] {dag.py:3239} INFO - Sync 1 DAGs
[2026-07-30T18:50:36.585+0000] {logging_mixin.py:190} INFO - [2026-07-30T18:50:36.585+0000] {dag.py:4180} INFO - Setting next_dagrun for finascore_ml_pipeline to 2026-07-26 00:00:00+00:00, run_after=2026-08-02 00:00:00+00:00
[2026-07-30T18:50:36.600+0000] {processor.py:208} INFO - Processing /opt/airflow/dags/finascore_pipeline_dag.py took 0.094 seconds
[2026-07-30T18:51:06.755+0000] {processor.py:186} INFO - Started process (PID=574) to work on /opt/airflow/dags/finascore_pipeline_dag.py
[2026-07-30T18:51:06.757+0000] {processor.py:914} INFO - Processing file /opt/airflow/dags/finascore_pipeline_dag.py for tasks to queue
[2026-07-30T18:51:06.758+0000] {logging_mixin.py:190} INFO - [2026-07-30T18:51:06.758+0000] {dagbag.py:588} INFO - Filling up the DagBag from /opt/airflow/dags/finascore_pipeline_dag.py
[2026-07-30T18:51:06.780+0000] {processor.py:925} INFO - DAG(s) 'finascore_ml_pipeline' retrieved from /opt/airflow/dags/finascore_pipeline_dag.py
[2026-07-30T18:51:06.816+0000] {logging_mixin.py:190} INFO - [2026-07-30T18:51:06.816+0000] {dag.py:3239} INFO - Sync 1 DAGs
[2026-07-30T18:51:06.844+0000] {logging_mixin.py:190} INFO - [2026-07-30T18:51:06.844+0000] {dag.py:4180} INFO - Setting next_dagrun for finascore_ml_pipeline to 2026-07-26 00:00:00+00:00, run_after=2026-08-02 00:00:00+00:00
[2026-07-30T18:51:06.862+0000] {processor.py:208} INFO - Processing /opt/airflow/dags/finascore_pipeline_dag.py took 0.116 seconds
[2026-07-30T18:51:36.900+0000] {processor.py:186} INFO - Started process (PID=579) to work on /opt/airflow/dags/finascore_pipeline_dag.py
[2026-07-30T18:51:36.901+0000] {processor.py:914} INFO - Processing file /opt/airflow/dags/finascore_pipeline_dag.py for tasks to queue
[2026-07-30T18:51:36.902+0000] {logging_mixin.py:190} INFO - [2026-07-30T18:51:36.901+0000] {dagbag.py:588} INFO - Filling up the DagBag from /opt/airflow/dags/finascore_pipeline_dag.py
[2026-07-30T18:51:36.914+0000] {processor.py:925} INFO - DAG(s) 'finascore_ml_pipeline' retrieved from /opt/airflow/dags/finascore_pipeline_dag.py
[2026-07-30T18:51:36.947+0000] {logging_mixin.py:190} INFO - [2026-07-30T18:51:36.947+0000] {dag.py:3239} INFO - Sync 1 DAGs
[2026-07-30T18:51:36.971+0000] {logging_mixin.py:190} INFO - [2026-07-30T18:51:36.970+0000] {dag.py:4180} INFO - Setting next_dagrun for finascore_ml_pipeline to 2026-07-26 00:00:00+00:00, run_after=2026-08-02 00:00:00+00:00
[2026-07-30T18:51:37.019+0000] {processor.py:208} INFO - Processing /opt/airflow/dags/finascore_pipeline_dag.py took 0.125 seconds
[2026-07-30T18:52:07.149+0000] {processor.py:186} INFO - Started process (PID=584) to work on /opt/airflow/dags/finascore_pipeline_dag.py
[2026-07-30T18:52:07.151+0000] {processor.py:914} INFO - Processing file /opt/airflow/dags/finascore_pipeline_dag.py for tasks to queue
[2026-07-30T18:52:07.152+0000] {logging_mixin.py:190} INFO - [2026-07-30T18:52:07.152+0000] {dagbag.py:588} INFO - Filling up the DagBag from /opt/airflow/dags/finascore_pipeline_dag.py
[2026-07-30T18:52:07.165+0000] {processor.py:925} INFO - DAG(s) 'finascore_ml_pipeline' retrieved from /opt/airflow/dags/finascore_pipeline_dag.py
[2026-07-30T18:52:07.200+0000] {logging_mixin.py:190} INFO - [2026-07-30T18:52:07.200+0000] {dag.py:3239} INFO - Sync 1 DAGs
[2026-07-30T18:52:07.225+0000] {logging_mixin.py:190} INFO - [2026-07-30T18:52:07.225+0000] {dag.py:4180} INFO - Setting next_dagrun for finascore_ml_pipeline to 2026-07-26 00:00:00+00:00, run_after=2026-08-02 00:00:00+00:00
[2026-07-30T18:52:07.241+0000] {processor.py:208} INFO - Processing /opt/airflow/dags/finascore_pipeline_dag.py took 0.104 seconds
[2026-07-30T18:52:37.307+0000] {processor.py:186} INFO - Started process (PID=589) to work on /opt/airflow/dags/finascore_pipeline_dag.py
[2026-07-30T18:52:37.308+0000] {processor.py:914} INFO - Processing file /opt/airflow/dags/finascore_pipeline_dag.py for tasks to queue
[2026-07-30T18:52:37.309+0000] {logging_mixin.py:190} INFO - [2026-07-30T18:52:37.309+0000] {dagbag.py:588} INFO - Filling up the DagBag from /opt/airflow/dags/finascore_pipeline_dag.py
[2026-07-30T18:52:37.329+0000] {processor.py:925} INFO - DAG(s) 'finascore_ml_pipeline' retrieved from /opt/airflow/dags/finascore_pipeline_dag.py
[2026-07-30T18:52:37.379+0000] {logging_mixin.py:190} INFO - [2026-07-30T18:52:37.378+0000] {dag.py:3239} INFO - Sync 1 DAGs
[2026-07-30T18:52:37.418+0000] {logging_mixin.py:190} INFO - [2026-07-30T18:52:37.418+0000] {dag.py:4180} INFO - Setting next_dagrun for finascore_ml_pipeline to 2026-07-26 00:00:00+00:00, run_after=2026-08-02 00:00:00+00:00
[2026-07-30T18:52:37.438+0000] {processor.py:208} INFO - Processing /opt/airflow/dags/finascore_pipeline_dag.py took 0.140 seconds
[2026-07-30T18:53:07.526+0000] {processor.py:186} INFO - Started process (PID=594) to work on /opt/airflow/dags/finascore_pipeline_dag.py
[2026-07-30T18:53:07.527+0000] {processor.py:914} INFO - Processing file /opt/airflow/dags/finascore_pipeline_dag.py for tasks to queue
[2026-07-30T18:53:07.528+0000] {logging_mixin.py:190} INFO - [2026-07-30T18:53:07.528+0000] {dagbag.py:588} INFO - Filling up the DagBag from /opt/airflow/dags/finascore_pipeline_dag.py
[2026-07-30T18:53:07.546+0000] {processor.py:925} INFO - DAG(s) 'finascore_ml_pipeline' retrieved from /opt/airflow/dags/finascore_pipeline_dag.py
[2026-07-30T18:53:07.599+0000] {logging_mixin.py:190} INFO - [2026-07-30T18:53:07.599+0000] {dag.py:3239} INFO - Sync 1 DAGs
[2026-07-30T18:53:07.625+0000] {logging_mixin.py:190} INFO - [2026-07-30T18:53:07.625+0000] {dag.py:4180} INFO - Setting next_dagrun for finascore_ml_pipeline to 2026-07-26 00:00:00+00:00, run_after=2026-08-02 00:00:00+00:00
[2026-07-30T18:53:07.645+0000] {processor.py:208} INFO - Processing /opt/airflow/dags/finascore_pipeline_dag.py took 0.127 seconds
[2026-07-30T18:53:37.744+0000] {processor.py:186} INFO - Started process (PID=599) to work on /opt/airflow/dags/finascore_pipeline_dag.py
[2026-07-30T18:53:37.745+0000] {processor.py:914} INFO - Processing file /opt/airflow/dags/finascore_pipeline_dag.py for tasks to queue
[2026-07-30T18:53:37.746+0000] {logging_mixin.py:190} INFO - [2026-07-30T18:53:37.746+0000] {dagbag.py:588} INFO - Filling up the DagBag from /opt/airflow/dags/finascore_pipeline_dag.py
[2026-07-30T18:53:37.763+0000] {processor.py:925} INFO - DAG(s) 'finascore_ml_pipeline' retrieved from /opt/airflow/dags/finascore_pipeline_dag.py
[2026-07-30T18:53:37.807+0000] {logging_mixin.py:190} INFO - [2026-07-30T18:53:37.807+0000] {dag.py:3239} INFO - Sync 1 DAGs
[2026-07-30T18:53:37.835+0000] {logging_mixin.py:190} INFO - [2026-07-30T18:53:37.834+0000] {dag.py:4180} INFO - Setting next_dagrun for finascore_ml_pipeline to 2026-07-26 00:00:00+00:00, run_after=2026-08-02 00:00:00+00:00
[2026-07-30T18:53:37.856+0000] {processor.py:208} INFO - Processing /opt/airflow/dags/finascore_pipeline_dag.py took 0.120 seconds
[2026-07-30T18:54:07.934+0000] {processor.py:186} INFO - Started process (PID=604) to work on /opt/airflow/dags/finascore_pipeline_dag.py
[2026-07-30T18:54:07.936+0000] {processor.py:914} INFO - Processing file /opt/airflow/dags/finascore_pipeline_dag.py for tasks to queue
[2026-07-30T18:54:07.938+0000] {logging_mixin.py:190} INFO - [2026-07-30T18:54:07.937+0000] {dagbag.py:588} INFO - Filling up the DagBag from /opt/airflow/dags/finascore_pipeline_dag.py
[2026-07-30T18:54:07.950+0000] {processor.py:925} INFO - DAG(s) 'finascore_ml_pipeline' retrieved from /opt/airflow/dags/finascore_pipeline_dag.py
[2026-07-30T18:54:07.988+0000] {logging_mixin.py:190} INFO - [2026-07-30T18:54:07.987+0000] {dag.py:3239} INFO - Sync 1 DAGs
[2026-07-30T18:54:08.011+0000] {logging_mixin.py:190} INFO - [2026-07-30T18:54:08.011+0000] {dag.py:4180} INFO - Setting next_dagrun for finascore_ml_pipeline to 2026-07-26 00:00:00+00:00, run_after=2026-08-02 00:00:00+00:00
[2026-07-30T18:54:08.028+0000] {processor.py:208} INFO - Processing /opt/airflow/dags/finascore_pipeline_dag.py took 0.099 seconds
[2026-07-30T18:54:38.155+0000] {processor.py:186} INFO - Started process (PID=609) to work on /opt/airflow/dags/finascore_pipeline_dag.py
[2026-07-30T18:54:38.156+0000] {processor.py:914} INFO - Processing file /opt/airflow/dags/finascore_pipeline_dag.py for tasks to queue
[2026-07-30T18:54:38.157+0000] {logging_mixin.py:190} INFO - [2026-07-30T18:54:38.157+0000] {dagbag.py:588} INFO - Filling up the DagBag from /opt/airflow/dags/finascore_pipeline_dag.py
[2026-07-30T18:54:38.173+0000] {processor.py:925} INFO - DAG(s) 'finascore_ml_pipeline' retrieved from /opt/airflow/dags/finascore_pipeline_dag.py
[2026-07-30T18:54:38.209+0000] {logging_mixin.py:190} INFO - [2026-07-30T18:54:38.209+0000] {dag.py:3239} INFO - Sync 1 DAGs
[2026-07-30T18:54:38.241+0000] {logging_mixin.py:190} INFO - [2026-07-30T18:54:38.241+0000] {dag.py:4180} INFO - Setting next_dagrun for finascore_ml_pipeline to 2026-07-26 00:00:00+00:00, run_after=2026-08-02 00:00:00+00:00
[2026-07-30T18:54:38.264+0000] {processor.py:208} INFO - Processing /opt/airflow/dags/finascore_pipeline_dag.py took 0.115 seconds
[2026-07-30T18:55:08.318+0000] {processor.py:186} INFO - Started process (PID=614) to work on /opt/airflow/dags/finascore_pipeline_dag.py
[2026-07-30T18:55:08.320+0000] {processor.py:914} INFO - Processing file /opt/airflow/dags/finascore_pipeline_dag.py for tasks to queue
[2026-07-30T18:55:08.321+0000] {logging_mixin.py:190} INFO - [2026-07-30T18:55:08.321+0000] {dagbag.py:588} INFO - Filling up the DagBag from /opt/airflow/dags/finascore_pipeline_dag.py
[2026-07-30T18:55:08.334+0000] {processor.py:925} INFO - DAG(s) 'finascore_ml_pipeline' retrieved from /opt/airflow/dags/finascore_pipeline_dag.py
[2026-07-30T18:55:08.371+0000] {logging_mixin.py:190} INFO - [2026-07-30T18:55:08.370+0000] {dag.py:3239} INFO - Sync 1 DAGs
[2026-07-30T18:55:08.395+0000] {logging_mixin.py:190} INFO - [2026-07-30T18:55:08.395+0000] {dag.py:4180} INFO - Setting next_dagrun for finascore_ml_pipeline to 2026-07-26 00:00:00+00:00, run_after=2026-08-02 00:00:00+00:00
[2026-07-30T18:55:08.416+0000] {processor.py:208} INFO - Processing /opt/airflow/dags/finascore_pipeline_dag.py took 0.106 seconds
[2026-07-30T18:55:38.549+0000] {processor.py:186} INFO - Started process (PID=619) to work on /opt/airflow/dags/finascore_pipeline_dag.py
[2026-07-30T18:55:38.550+0000] {processor.py:914} INFO - Processing file /opt/airflow/dags/finascore_pipeline_dag.py for tasks to queue
[2026-07-30T18:55:38.551+0000] {logging_mixin.py:190} INFO - [2026-07-30T18:55:38.551+0000] {dagbag.py:588} INFO - Filling up the DagBag from /opt/airflow/dags/finascore_pipeline_dag.py
[2026-07-30T18:55:38.566+0000] {processor.py:925} INFO - DAG(s) 'finascore_ml_pipeline' retrieved from /opt/airflow/dags/finascore_pipeline_dag.py
[2026-07-30T18:55:38.599+0000] {logging_mixin.py:190} INFO - [2026-07-30T18:55:38.599+0000] {dag.py:3239} INFO - Sync 1 DAGs
[2026-07-30T18:55:38.621+0000] {logging_mixin.py:190} INFO - [2026-07-30T18:55:38.621+0000] {dag.py:4180} INFO - Setting next_dagrun for finascore_ml_pipeline to 2026-07-26 00:00:00+00:00, run_after=2026-08-02 00:00:00+00:00
[2026-07-30T18:55:38.638+0000] {processor.py:208} INFO - Processing /opt/airflow/dags/finascore_pipeline_dag.py took 0.097 seconds
[2026-07-30T18:56:08.704+0000] {processor.py:186} INFO - Started process (PID=624) to work on /opt/airflow/dags/finascore_pipeline_dag.py
[2026-07-30T18:56:08.706+0000] {processor.py:914} INFO - Processing file /opt/airflow/dags/finascore_pipeline_dag.py for tasks to queue
[2026-07-30T18:56:08.707+0000] {logging_mixin.py:190} INFO - [2026-07-30T18:56:08.707+0000] {dagbag.py:588} INFO - Filling up the DagBag from /opt/airflow/dags/finascore_pipeline_dag.py
[2026-07-30T18:56:08.720+0000] {processor.py:925} INFO - DAG(s) 'finascore_ml_pipeline' retrieved from /opt/airflow/dags/finascore_pipeline_dag.py
[2026-07-30T18:56:08.751+0000] {logging_mixin.py:190} INFO - [2026-07-30T18:56:08.751+0000] {dag.py:3239} INFO - Sync 1 DAGs
[2026-07-30T18:56:08.776+0000] {logging_mixin.py:190} INFO - [2026-07-30T18:56:08.776+0000] {dag.py:4180} INFO - Setting next_dagrun for finascore_ml_pipeline to 2026-07-26 00:00:00+00:00, run_after=2026-08-02 00:00:00+00:00
[2026-07-30T18:56:08.792+0000] {processor.py:208} INFO - Processing /opt/airflow/dags/finascore_pipeline_dag.py took 0.095 seconds
[2026-07-30T18:56:38.919+0000] {processor.py:186} INFO - Started process (PID=629) to work on /opt/airflow/dags/finascore_pipeline_dag.py
[2026-07-30T18:56:38.920+0000] {processor.py:914} INFO - Processing file /opt/airflow/dags/finascore_pipeline_dag.py for tasks to queue
[2026-07-30T18:56:38.921+0000] {logging_mixin.py:190} INFO - [2026-07-30T18:56:38.921+0000] {dagbag.py:588} INFO - Filling up the DagBag from /opt/airflow/dags/finascore_pipeline_dag.py
[2026-07-30T18:56:38.936+0000] {processor.py:925} INFO - DAG(s) 'finascore_ml_pipeline' retrieved from /opt/airflow/dags/finascore_pipeline_dag.py
[2026-07-30T18:56:38.968+0000] {logging_mixin.py:190} INFO - [2026-07-30T18:56:38.968+0000] {dag.py:3239} INFO - Sync 1 DAGs
[2026-07-30T18:56:38.990+0000] {logging_mixin.py:190} INFO - [2026-07-30T18:56:38.990+0000] {dag.py:4180} INFO - Setting next_dagrun for finascore_ml_pipeline to 2026-07-26 00:00:00+00:00, run_after=2026-08-02 00:00:00+00:00
[2026-07-30T18:56:39.006+0000] {processor.py:208} INFO - Processing /opt/airflow/dags/finascore_pipeline_dag.py took 0.094 seconds
[2026-07-30T18:57:09.064+0000] {processor.py:186} INFO - Started process (PID=634) to work on /opt/airflow/dags/finascore_pipeline_dag.py
[2026-07-30T18:57:09.066+0000] {processor.py:914} INFO - Processing file /opt/airflow/dags/finascore_pipeline_dag.py for tasks to queue
[2026-07-30T18:57:09.067+0000] {logging_mixin.py:190} INFO - [2026-07-30T18:57:09.066+0000] {dagbag.py:588} INFO - Filling up the DagBag from /opt/airflow/dags/finascore_pipeline_dag.py
[2026-07-30T18:57:09.079+0000] {processor.py:925} INFO - DAG(s) 'finascore_ml_pipeline' retrieved from /opt/airflow/dags/finascore_pipeline_dag.py
[2026-07-30T18:57:09.117+0000] {logging_mixin.py:190} INFO - [2026-07-30T18:57:09.117+0000] {dag.py:3239} INFO - Sync 1 DAGs
[2026-07-30T18:57:09.140+0000] {logging_mixin.py:190} INFO - [2026-07-30T18:57:09.140+0000] {dag.py:4180} INFO - Setting next_dagrun for finascore_ml_pipeline to 2026-07-26 00:00:00+00:00, run_after=2026-08-02 00:00:00+00:00
[2026-07-30T18:57:09.155+0000] {processor.py:208} INFO - Processing /opt/airflow/dags/finascore_pipeline_dag.py took 0.098 seconds
[2026-07-30T18:57:39.278+0000] {processor.py:186} INFO - Started process (PID=639) to work on /opt/airflow/dags/finascore_pipeline_dag.py
[2026-07-30T18:57:39.279+0000] {processor.py:914} INFO - Processing file /opt/airflow/dags/finascore_pipeline_dag.py for tasks to queue
[2026-07-30T18:57:39.280+0000] {logging_mixin.py:190} INFO - [2026-07-30T18:57:39.280+0000] {dagbag.py:588} INFO - Filling up the DagBag from /opt/airflow/dags/finascore_pipeline_dag.py
[2026-07-30T18:57:39.292+0000] {processor.py:925} INFO - DAG(s) 'finascore_ml_pipeline' retrieved from /opt/airflow/dags/finascore_pipeline_dag.py
[2026-07-30T18:57:39.328+0000] {logging_mixin.py:190} INFO - [2026-07-30T18:57:39.328+0000] {dag.py:3239} INFO - Sync 1 DAGs
[2026-07-30T18:57:39.351+0000] {logging_mixin.py:190} INFO - [2026-07-30T18:57:39.351+0000] {dag.py:4180} INFO - Setting next_dagrun for finascore_ml_pipeline to 2026-07-26 00:00:00+00:00, run_after=2026-08-02 00:00:00+00:00
[2026-07-30T18:57:39.368+0000] {processor.py:208} INFO - Processing /opt/airflow/dags/finascore_pipeline_dag.py took 0.097 seconds
[2026-07-30T18:58:09.455+0000] {processor.py:186} INFO - Started process (PID=644) to work on /opt/airflow/dags/finascore_pipeline_dag.py
[2026-07-30T18:58:09.457+0000] {processor.py:914} INFO - Processing file /opt/airflow/dags/finascore_pipeline_dag.py for tasks to queue
[2026-07-30T18:58:09.460+0000] {logging_mixin.py:190} INFO - [2026-07-30T18:58:09.460+0000] {dagbag.py:588} INFO - Filling up the DagBag from /opt/airflow/dags/finascore_pipeline_dag.py
[2026-07-30T18:58:09.482+0000] {processor.py:925} INFO - DAG(s) 'finascore_ml_pipeline' retrieved from /opt/airflow/dags/finascore_pipeline_dag.py
[2026-07-30T18:58:09.535+0000] {logging_mixin.py:190} INFO - [2026-07-30T18:58:09.535+0000] {dag.py:3239} INFO - Sync 1 DAGs
[2026-07-30T18:58:09.567+0000] {logging_mixin.py:190} INFO - [2026-07-30T18:58:09.567+0000] {dag.py:4180} INFO - Setting next_dagrun for finascore_ml_pipeline to 2026-07-26 00:00:00+00:00, run_after=2026-08-02 00:00:00+00:00
[2026-07-30T18:58:09.588+0000] {processor.py:208} INFO - Processing /opt/airflow/dags/finascore_pipeline_dag.py took 0.143 seconds
[2026-07-30T18:58:39.658+0000] {processor.py:186} INFO - Started process (PID=649) to work on /opt/airflow/dags/finascore_pipeline_dag.py
[2026-07-30T18:58:39.659+0000] {processor.py:914} INFO - Processing file /opt/airflow/dags/finascore_pipeline_dag.py for tasks to queue
[2026-07-30T18:58:39.660+0000] {logging_mixin.py:190} INFO - [2026-07-30T18:58:39.660+0000] {dagbag.py:588} INFO - Filling up the DagBag from /opt/airflow/dags/finascore_pipeline_dag.py
[2026-07-30T18:58:39.684+0000] {processor.py:925} INFO - DAG(s) 'finascore_ml_pipeline' retrieved from /opt/airflow/dags/finascore_pipeline_dag.py
[2026-07-30T18:58:39.729+0000] {logging_mixin.py:190} INFO - [2026-07-30T18:58:39.728+0000] {dag.py:3239} INFO - Sync 1 DAGs
[2026-07-30T18:58:39.756+0000] {logging_mixin.py:190} INFO - [2026-07-30T18:58:39.756+0000] {dag.py:4180} INFO - Setting next_dagrun for finascore_ml_pipeline to 2026-07-26 00:00:00+00:00, run_after=2026-08-02 00:00:00+00:00
[2026-07-30T18:58:39.775+0000] {processor.py:208} INFO - Processing /opt/airflow/dags/finascore_pipeline_dag.py took 0.125 seconds
[2026-07-30T18:59:09.892+0000] {processor.py:186} INFO - Started process (PID=654) to work on /opt/airflow/dags/finascore_pipeline_dag.py
[2026-07-30T18:59:09.894+0000] {processor.py:914} INFO - Processing file /opt/airflow/dags/finascore_pipeline_dag.py for tasks to queue
[2026-07-30T18:59:09.895+0000] {logging_mixin.py:190} INFO - [2026-07-30T18:59:09.894+0000] {dagbag.py:588} INFO - Filling up the DagBag from /opt/airflow/dags/finascore_pipeline_dag.py
[2026-07-30T18:59:09.911+0000] {processor.py:925} INFO - DAG(s) 'finascore_ml_pipeline' retrieved from /opt/airflow/dags/finascore_pipeline_dag.py
[2026-07-30T18:59:09.947+0000] {logging_mixin.py:190} INFO - [2026-07-30T18:59:09.947+0000] {dag.py:3239} INFO - Sync 1 DAGs
[2026-07-30T18:59:09.977+0000] {logging_mixin.py:190} INFO - [2026-07-30T18:59:09.977+0000] {dag.py:4180} INFO - Setting next_dagrun for finascore_ml_pipeline to 2026-07-26 00:00:00+00:00, run_after=2026-08-02 00:00:00+00:00
[2026-07-30T18:59:09.996+0000] {processor.py:208} INFO - Processing /opt/airflow/dags/finascore_pipeline_dag.py took 0.110 seconds
[2026-07-30T18:59:40.055+0000] {processor.py:186} INFO - Started process (PID=659) to work on /opt/airflow/dags/finascore_pipeline_dag.py
[2026-07-30T18:59:40.057+0000] {processor.py:914} INFO - Processing file /opt/airflow/dags/finascore_pipeline_dag.py for tasks to queue
[2026-07-30T18:59:40.058+0000] {logging_mixin.py:190} INFO - [2026-07-30T18:59:40.058+0000] {dagbag.py:588} INFO - Filling up the DagBag from /opt/airflow/dags/finascore_pipeline_dag.py
[2026-07-30T18:59:40.073+0000] {processor.py:925} INFO - DAG(s) 'finascore_ml_pipeline' retrieved from /opt/airflow/dags/finascore_pipeline_dag.py
[2026-07-30T18:59:40.112+0000] {logging_mixin.py:190} INFO - [2026-07-30T18:59:40.112+0000] {dag.py:3239} INFO - Sync 1 DAGs
[2026-07-30T18:59:40.138+0000] {logging_mixin.py:190} INFO - [2026-07-30T18:59:40.138+0000] {dag.py:4180} INFO - Setting next_dagrun for finascore_ml_pipeline to 2026-07-26 00:00:00+00:00, run_after=2026-08-02 00:00:00+00:00
[2026-07-30T18:59:40.159+0000] {processor.py:208} INFO - Processing /opt/airflow/dags/finascore_pipeline_dag.py took 0.110 seconds
[2026-07-30T19:00:10.288+0000] {processor.py:186} INFO - Started process (PID=664) to work on /opt/airflow/dags/finascore_pipeline_dag.py
[2026-07-30T19:00:10.289+0000] {processor.py:914} INFO - Processing file /opt/airflow/dags/finascore_pipeline_dag.py for tasks to queue
[2026-07-30T19:00:10.290+0000] {logging_mixin.py:190} INFO - [2026-07-30T19:00:10.290+0000] {dagbag.py:588} INFO - Filling up the DagBag from /opt/airflow/dags/finascore_pipeline_dag.py
[2026-07-30T19:00:10.305+0000] {processor.py:925} INFO - DAG(s) 'finascore_ml_pipeline' retrieved from /opt/airflow/dags/finascore_pipeline_dag.py
[2026-07-30T19:00:10.359+0000] {logging_mixin.py:190} INFO - [2026-07-30T19:00:10.359+0000] {dag.py:3239} INFO - Sync 1 DAGs
[2026-07-30T19:00:10.384+0000] {logging_mixin.py:190} INFO - [2026-07-30T19:00:10.384+0000] {dag.py:4180} INFO - Setting next_dagrun for finascore_ml_pipeline to 2026-07-26 00:00:00+00:00, run_after=2026-08-02 00:00:00+00:00
[2026-07-30T19:00:10.401+0000] {processor.py:208} INFO - Processing /opt/airflow/dags/finascore_pipeline_dag.py took 0.120 seconds
[2026-07-30T19:00:40.484+0000] {processor.py:186} INFO - Started process (PID=669) to work on /opt/airflow/dags/finascore_pipeline_dag.py
[2026-07-30T19:00:40.486+0000] {processor.py:914} INFO - Processing file /opt/airflow/dags/finascore_pipeline_dag.py for tasks to queue
[2026-07-30T19:00:40.488+0000] {logging_mixin.py:190} INFO - [2026-07-30T19:00:40.487+0000] {dagbag.py:588} INFO - Filling up the DagBag from /opt/airflow/dags/finascore_pipeline_dag.py
[2026-07-30T19:00:40.639+0000] {processor.py:925} INFO - DAG(s) 'finascore_ml_pipeline' retrieved from /opt/airflow/dags/finascore_pipeline_dag.py
[2026-07-30T19:00:40.720+0000] {logging_mixin.py:190} INFO - [2026-07-30T19:00:40.720+0000] {dag.py:3239} INFO - Sync 1 DAGs
[2026-07-30T19:00:40.772+0000] {logging_mixin.py:190} INFO - [2026-07-30T19:00:40.772+0000] {dag.py:4180} INFO - Setting next_dagrun for finascore_ml_pipeline to 2026-07-26 00:00:00+00:00, run_after=2026-08-02 00:00:00+00:00
[2026-07-30T19:00:40.799+0000] {processor.py:208} INFO - Processing /opt/airflow/dags/finascore_pipeline_dag.py took 0.327 seconds
[2026-07-30T19:01:11.076+0000] {processor.py:186} INFO - Started process (PID=674) to work on /opt/airflow/dags/finascore_pipeline_dag.py
[2026-07-30T19:01:11.079+0000] {processor.py:914} INFO - Processing file /opt/airflow/dags/finascore_pipeline_dag.py for tasks to queue
[2026-07-30T19:01:11.091+0000] {logging_mixin.py:190} INFO - [2026-07-30T19:01:11.087+0000] {dagbag.py:588} INFO - Filling up the DagBag from /opt/airflow/dags/finascore_pipeline_dag.py
[2026-07-30T19:01:11.380+0000] {processor.py:925} INFO - DAG(s) 'finascore_ml_pipeline' retrieved from /opt/airflow/dags/finascore_pipeline_dag.py
[2026-07-30T19:01:11.696+0000] {logging_mixin.py:190} INFO - [2026-07-30T19:01:11.696+0000] {dag.py:3239} INFO - Sync 1 DAGs
[2026-07-30T19:01:11.948+0000] {logging_mixin.py:190} INFO - [2026-07-30T19:01:11.947+0000] {dag.py:4180} INFO - Setting next_dagrun for finascore_ml_pipeline to 2026-07-26 00:00:00+00:00, run_after=2026-08-02 00:00:00+00:00
[2026-07-30T19:01:12.011+0000] {processor.py:208} INFO - Processing /opt/airflow/dags/finascore_pipeline_dag.py took 0.987 seconds
[2026-07-30T19:01:42.116+0000] {processor.py:186} INFO - Started process (PID=679) to work on /opt/airflow/dags/finascore_pipeline_dag.py
[2026-07-30T19:01:42.118+0000] {processor.py:914} INFO - Processing file /opt/airflow/dags/finascore_pipeline_dag.py for tasks to queue
[2026-07-30T19:01:42.119+0000] {logging_mixin.py:190} INFO - [2026-07-30T19:01:42.119+0000] {dagbag.py:588} INFO - Filling up the DagBag from /opt/airflow/dags/finascore_pipeline_dag.py
[2026-07-30T19:01:42.135+0000] {processor.py:925} INFO - DAG(s) 'finascore_ml_pipeline' retrieved from /opt/airflow/dags/finascore_pipeline_dag.py
[2026-07-30T19:01:42.177+0000] {logging_mixin.py:190} INFO - [2026-07-30T19:01:42.177+0000] {dag.py:3239} INFO - Sync 1 DAGs
[2026-07-30T19:01:42.202+0000] {logging_mixin.py:190} INFO - [2026-07-30T19:01:42.202+0000] {dag.py:4180} INFO - Setting next_dagrun for finascore_ml_pipeline to 2026-07-26 00:00:00+00:00, run_after=2026-08-02 00:00:00+00:00
[2026-07-30T19:01:42.219+0000] {processor.py:208} INFO - Processing /opt/airflow/dags/finascore_pipeline_dag.py took 0.111 seconds
[2026-07-30T19:02:12.297+0000] {processor.py:186} INFO - Started process (PID=684) to work on /opt/airflow/dags/finascore_pipeline_dag.py
[2026-07-30T19:02:12.298+0000] {processor.py:914} INFO - Processing file /opt/airflow/dags/finascore_pipeline_dag.py for tasks to queue
[2026-07-30T19:02:12.299+0000] {logging_mixin.py:190} INFO - [2026-07-30T19:02:12.299+0000] {dagbag.py:588} INFO - Filling up the DagBag from /opt/airflow/dags/finascore_pipeline_dag.py
[2026-07-30T19:02:12.312+0000] {processor.py:925} INFO - DAG(s) 'finascore_ml_pipeline' retrieved from /opt/airflow/dags/finascore_pipeline_dag.py
[2026-07-30T19:02:12.347+0000] {logging_mixin.py:190} INFO - [2026-07-30T19:02:12.347+0000] {dag.py:3239} INFO - Sync 1 DAGs
[2026-07-30T19:02:12.370+0000] {logging_mixin.py:190} INFO - [2026-07-30T19:02:12.370+0000] {dag.py:4180} INFO - Setting next_dagrun for finascore_ml_pipeline to 2026-07-26 00:00:00+00:00, run_after=2026-08-02 00:00:00+00:00
[2026-07-30T19:02:12.386+0000] {processor.py:208} INFO - Processing /opt/airflow/dags/finascore_pipeline_dag.py took 0.096 seconds
[2026-07-30T19:02:42.516+0000] {processor.py:186} INFO - Started process (PID=689) to work on /opt/airflow/dags/finascore_pipeline_dag.py
[2026-07-30T19:02:42.518+0000] {processor.py:914} INFO - Processing file /opt/airflow/dags/finascore_pipeline_dag.py for tasks to queue
[2026-07-30T19:02:42.519+0000] {logging_mixin.py:190} INFO - [2026-07-30T19:02:42.519+0000] {dagbag.py:588} INFO - Filling up the DagBag from /opt/airflow/dags/finascore_pipeline_dag.py
[2026-07-30T19:02:42.535+0000] {processor.py:925} INFO - DAG(s) 'finascore_ml_pipeline' retrieved from /opt/airflow/dags/finascore_pipeline_dag.py
[2026-07-30T19:02:42.573+0000] {logging_mixin.py:190} INFO - [2026-07-30T19:02:42.572+0000] {dag.py:3239} INFO - Sync 1 DAGs
[2026-07-30T19:02:42.623+0000] {logging_mixin.py:190} INFO - [2026-07-30T19:02:42.622+0000] {dag.py:4180} INFO - Setting next_dagrun for finascore_ml_pipeline to 2026-07-26 00:00:00+00:00, run_after=2026-08-02 00:00:00+00:00
[2026-07-30T19:02:42.647+0000] {processor.py:208} INFO - Processing /opt/airflow/dags/finascore_pipeline_dag.py took 0.140 seconds
[2026-07-30T19:03:12.814+0000] {processor.py:186} INFO - Started process (PID=694) to work on /opt/airflow/dags/finascore_pipeline_dag.py
[2026-07-30T19:03:12.815+0000] {processor.py:914} INFO - Processing file /opt/airflow/dags/finascore_pipeline_dag.py for tasks to queue
[2026-07-30T19:03:12.817+0000] {logging_mixin.py:190} INFO - [2026-07-30T19:03:12.816+0000] {dagbag.py:588} INFO - Filling up the DagBag from /opt/airflow/dags/finascore_pipeline_dag.py
[2026-07-30T19:03:12.834+0000] {processor.py:925} INFO - DAG(s) 'finascore_ml_pipeline' retrieved from /opt/airflow/dags/finascore_pipeline_dag.py
[2026-07-30T19:03:12.874+0000] {logging_mixin.py:190} INFO - [2026-07-30T19:03:12.874+0000] {dag.py:3239} INFO - Sync 1 DAGs
[2026-07-30T19:03:12.906+0000] {logging_mixin.py:190} INFO - [2026-07-30T19:03:12.904+0000] {dag.py:4180} INFO - Setting next_dagrun for finascore_ml_pipeline to 2026-07-26 00:00:00+00:00, run_after=2026-08-02 00:00:00+00:00
[2026-07-30T19:03:12.928+0000] {processor.py:208} INFO - Processing /opt/airflow/dags/finascore_pipeline_dag.py took 0.125 seconds
[2026-07-30T19:03:43.075+0000] {processor.py:186} INFO - Started process (PID=699) to work on /opt/airflow/dags/finascore_pipeline_dag.py
[2026-07-30T19:03:43.077+0000] {processor.py:914} INFO - Processing file /opt/airflow/dags/finascore_pipeline_dag.py for tasks to queue
[2026-07-30T19:03:43.078+0000] {logging_mixin.py:190} INFO - [2026-07-30T19:03:43.077+0000] {dagbag.py:588} INFO - Filling up the DagBag from /opt/airflow/dags/finascore_pipeline_dag.py
[2026-07-30T19:03:43.092+0000] {processor.py:925} INFO - DAG(s) 'finascore_ml_pipeline' retrieved from /opt/airflow/dags/finascore_pipeline_dag.py
[2026-07-30T19:03:43.127+0000] {logging_mixin.py:190} INFO - [2026-07-30T19:03:43.127+0000] {dag.py:3239} INFO - Sync 1 DAGs
[2026-07-30T19:03:43.151+0000] {logging_mixin.py:190} INFO - [2026-07-30T19:03:43.151+0000] {dag.py:4180} INFO - Setting next_dagrun for finascore_ml_pipeline to 2026-07-26 00:00:00+00:00, run_after=2026-08-02 00:00:00+00:00
[2026-07-30T19:03:43.168+0000] {processor.py:208} INFO - Processing /opt/airflow/dags/finascore_pipeline_dag.py took 0.099 seconds
[2026-07-30T19:04:13.222+0000] {processor.py:186} INFO - Started process (PID=704) to work on /opt/airflow/dags/finascore_pipeline_dag.py
[2026-07-30T19:04:13.223+0000] {processor.py:914} INFO - Processing file /opt/airflow/dags/finascore_pipeline_dag.py for tasks to queue
[2026-07-30T19:04:13.224+0000] {logging_mixin.py:190} INFO - [2026-07-30T19:04:13.224+0000] {dagbag.py:588} INFO - Filling up the DagBag from /opt/airflow/dags/finascore_pipeline_dag.py
[2026-07-30T19:04:13.245+0000] {processor.py:925} INFO - DAG(s) 'finascore_ml_pipeline' retrieved from /opt/airflow/dags/finascore_pipeline_dag.py
[2026-07-30T19:04:13.281+0000] {logging_mixin.py:190} INFO - [2026-07-30T19:04:13.281+0000] {dag.py:3239} INFO - Sync 1 DAGs
[2026-07-30T19:04:13.317+0000] {logging_mixin.py:190} INFO - [2026-07-30T19:04:13.316+0000] {dag.py:4180} INFO - Setting next_dagrun for finascore_ml_pipeline to 2026-07-26 00:00:00+00:00, run_after=2026-08-02 00:00:00+00:00
[2026-07-30T19:04:13.335+0000] {processor.py:208} INFO - Processing /opt/airflow/dags/finascore_pipeline_dag.py took 0.123 seconds
[2026-07-30T19:04:43.479+0000] {processor.py:186} INFO - Started process (PID=709) to work on /opt/airflow/dags/finascore_pipeline_dag.py
[2026-07-30T19:04:43.481+0000] {processor.py:914} INFO - Processing file /opt/airflow/dags/finascore_pipeline_dag.py for tasks to queue
[2026-07-30T19:04:43.482+0000] {logging_mixin.py:190} INFO - [2026-07-30T19:04:43.482+0000] {dagbag.py:588} INFO - Filling up the DagBag from /opt/airflow/dags/finascore_pipeline_dag.py
[2026-07-30T19:04:43.497+0000] {processor.py:925} INFO - DAG(s) 'finascore_ml_pipeline' retrieved from /opt/airflow/dags/finascore_pipeline_dag.py
[2026-07-30T19:04:43.533+0000] {logging_mixin.py:190} INFO - [2026-07-30T19:04:43.533+0000] {dag.py:3239} INFO - Sync 1 DAGs
[2026-07-30T19:04:43.559+0000] {logging_mixin.py:190} INFO - [2026-07-30T19:04:43.559+0000] {dag.py:4180} INFO - Setting next_dagrun for finascore_ml_pipeline to 2026-07-26 00:00:00+00:00, run_after=2026-08-02 00:00:00+00:00
[2026-07-30T19:04:43.576+0000] {processor.py:208} INFO - Processing /opt/airflow/dags/finascore_pipeline_dag.py took 0.104 seconds
[2026-07-30T19:05:13.634+0000] {processor.py:186} INFO - Started process (PID=714) to work on /opt/airflow/dags/finascore_pipeline_dag.py
[2026-07-30T19:05:13.635+0000] {processor.py:914} INFO - Processing file /opt/airflow/dags/finascore_pipeline_dag.py for tasks to queue
[2026-07-30T19:05:13.638+0000] {logging_mixin.py:190} INFO - [2026-07-30T19:05:13.637+0000] {dagbag.py:588} INFO - Filling up the DagBag from /opt/airflow/dags/finascore_pipeline_dag.py
[2026-07-30T19:05:13.673+0000] {processor.py:925} INFO - DAG(s) 'finascore_ml_pipeline' retrieved from /opt/airflow/dags/finascore_pipeline_dag.py
[2026-07-30T19:05:13.729+0000] {logging_mixin.py:190} INFO - [2026-07-30T19:05:13.729+0000] {dag.py:3239} INFO - Sync 1 DAGs
[2026-07-30T19:05:13.757+0000] {logging_mixin.py:190} INFO - [2026-07-30T19:05:13.757+0000] {dag.py:4180} INFO - Setting next_dagrun for finascore_ml_pipeline to 2026-07-26 00:00:00+00:00, run_after=2026-08-02 00:00:00+00:00
[2026-07-30T19:05:13.777+0000] {processor.py:208} INFO - Processing /opt/airflow/dags/finascore_pipeline_dag.py took 0.151 seconds
[2026-07-30T19:05:43.897+0000] {processor.py:186} INFO - Started process (PID=719) to work on /opt/airflow/dags/finascore_pipeline_dag.py
[2026-07-30T19:05:43.899+0000] {processor.py:914} INFO - Processing file /opt/airflow/dags/finascore_pipeline_dag.py for tasks to queue
[2026-07-30T19:05:43.901+0000] {logging_mixin.py:190} INFO - [2026-07-30T19:05:43.900+0000] {dagbag.py:588} INFO - Filling up the DagBag from /opt/airflow/dags/finascore_pipeline_dag.py
[2026-07-30T19:05:43.921+0000] {processor.py:925} INFO - DAG(s) 'finascore_ml_pipeline' retrieved from /opt/airflow/dags/finascore_pipeline_dag.py
[2026-07-30T19:05:44.650+0000] {logging_mixin.py:190} INFO - [2026-07-30T19:05:44.650+0000] {dag.py:3239} INFO - Sync 1 DAGs
[2026-07-30T19:05:44.681+0000] {logging_mixin.py:190} INFO - [2026-07-30T19:05:44.680+0000] {dag.py:4180} INFO - Setting next_dagrun for finascore_ml_pipeline to 2026-07-26 00:00:00+00:00, run_after=2026-08-02 00:00:00+00:00
[2026-07-30T19:05:44.699+0000] {processor.py:208} INFO - Processing /opt/airflow/dags/finascore_pipeline_dag.py took 0.814 seconds
[2026-07-30T19:06:14.868+0000] {processor.py:186} INFO - Started process (PID=724) to work on /opt/airflow/dags/finascore_pipeline_dag.py
[2026-07-30T19:06:14.869+0000] {processor.py:914} INFO - Processing file /opt/airflow/dags/finascore_pipeline_dag.py for tasks to queue
[2026-07-30T19:06:14.870+0000] {logging_mixin.py:190} INFO - [2026-07-30T19:06:14.870+0000] {dagbag.py:588} INFO - Filling up the DagBag from /opt/airflow/dags/finascore_pipeline_dag.py
[2026-07-30T19:06:14.886+0000] {processor.py:925} INFO - DAG(s) 'finascore_ml_pipeline' retrieved from /opt/airflow/dags/finascore_pipeline_dag.py
[2026-07-30T19:06:14.935+0000] {logging_mixin.py:190} INFO - [2026-07-30T19:06:14.935+0000] {dag.py:3239} INFO - Sync 1 DAGs
[2026-07-30T19:06:14.962+0000] {logging_mixin.py:190} INFO - [2026-07-30T19:06:14.962+0000] {dag.py:4180} INFO - Setting next_dagrun for finascore_ml_pipeline to 2026-07-26 00:00:00+00:00, run_after=2026-08-02 00:00:00+00:00
[2026-07-30T19:06:14.981+0000] {processor.py:208} INFO - Processing /opt/airflow/dags/finascore_pipeline_dag.py took 0.120 seconds
[2026-07-30T19:06:45.021+0000] {processor.py:186} INFO - Started process (PID=729) to work on /opt/airflow/dags/finascore_pipeline_dag.py
[2026-07-30T19:06:45.023+0000] {processor.py:914} INFO - Processing file /opt/airflow/dags/finascore_pipeline_dag.py for tasks to queue
[2026-07-30T19:06:45.025+0000] {logging_mixin.py:190} INFO - [2026-07-30T19:06:45.024+0000] {dagbag.py:588} INFO - Filling up the DagBag from /opt/airflow/dags/finascore_pipeline_dag.py
[2026-07-30T19:06:45.044+0000] {processor.py:925} INFO - DAG(s) 'finascore_ml_pipeline' retrieved from /opt/airflow/dags/finascore_pipeline_dag.py
[2026-07-30T19:06:45.100+0000] {logging_mixin.py:190} INFO - [2026-07-30T19:06:45.100+0000] {dag.py:3239} INFO - Sync 1 DAGs
[2026-07-30T19:06:45.132+0000] {logging_mixin.py:190} INFO - [2026-07-30T19:06:45.132+0000] {dag.py:4180} INFO - Setting next_dagrun for finascore_ml_pipeline to 2026-07-26 00:00:00+00:00, run_after=2026-08-02 00:00:00+00:00
[2026-07-30T19:06:45.152+0000] {processor.py:208} INFO - Processing /opt/airflow/dags/finascore_pipeline_dag.py took 0.141 seconds
[2026-07-30T19:07:15.301+0000] {processor.py:186} INFO - Started process (PID=734) to work on /opt/airflow/dags/finascore_pipeline_dag.py
[2026-07-30T19:07:15.302+0000] {processor.py:914} INFO - Processing file /opt/airflow/dags/finascore_pipeline_dag.py for tasks to queue
[2026-07-30T19:07:15.303+0000] {logging_mixin.py:190} INFO - [2026-07-30T19:07:15.302+0000] {dagbag.py:588} INFO - Filling up the DagBag from /opt/airflow/dags/finascore_pipeline_dag.py
[2026-07-30T19:07:15.317+0000] {processor.py:925} INFO - DAG(s) 'finascore_ml_pipeline' retrieved from /opt/airflow/dags/finascore_pipeline_dag.py
[2026-07-30T19:07:15.364+0000] {logging_mixin.py:190} INFO - [2026-07-30T19:07:15.363+0000] {dag.py:3239} INFO - Sync 1 DAGs
[2026-07-30T19:07:15.388+0000] {logging_mixin.py:190} INFO - [2026-07-30T19:07:15.387+0000] {dag.py:4180} INFO - Setting next_dagrun for finascore_ml_pipeline to 2026-07-26 00:00:00+00:00, run_after=2026-08-02 00:00:00+00:00
[2026-07-30T19:07:15.405+0000] {processor.py:208} INFO - Processing /opt/airflow/dags/finascore_pipeline_dag.py took 0.111 seconds
[2026-07-30T19:07:45.453+0000] {processor.py:186} INFO - Started process (PID=739) to work on /opt/airflow/dags/finascore_pipeline_dag.py
[2026-07-30T19:07:45.455+0000] {processor.py:914} INFO - Processing file /opt/airflow/dags/finascore_pipeline_dag.py for tasks to queue
[2026-07-30T19:07:45.456+0000] {logging_mixin.py:190} INFO - [2026-07-30T19:07:45.456+0000] {dagbag.py:588} INFO - Filling up the DagBag from /opt/airflow/dags/finascore_pipeline_dag.py
[2026-07-30T19:07:45.480+0000] {processor.py:925} INFO - DAG(s) 'finascore_ml_pipeline' retrieved from /opt/airflow/dags/finascore_pipeline_dag.py
[2026-07-30T19:07:45.560+0000] {logging_mixin.py:190} INFO - [2026-07-30T19:07:45.560+0000] {dag.py:3239} INFO - Sync 1 DAGs
[2026-07-30T19:07:45.593+0000] {logging_mixin.py:190} INFO - [2026-07-30T19:07:45.593+0000] {dag.py:4180} INFO - Setting next_dagrun for finascore_ml_pipeline to 2026-07-26 00:00:00+00:00, run_after=2026-08-02 00:00:00+00:00
[2026-07-30T19:07:45.613+0000] {processor.py:208} INFO - Processing /opt/airflow/dags/finascore_pipeline_dag.py took 0.166 seconds
[2026-07-30T19:08:15.704+0000] {processor.py:186} INFO - Started process (PID=744) to work on /opt/airflow/dags/finascore_pipeline_dag.py
[2026-07-30T19:08:15.706+0000] {processor.py:914} INFO - Processing file /opt/airflow/dags/finascore_pipeline_dag.py for tasks to queue
[2026-07-30T19:08:15.707+0000] {logging_mixin.py:190} INFO - [2026-07-30T19:08:15.706+0000] {dagbag.py:588} INFO - Filling up the DagBag from /opt/airflow/dags/finascore_pipeline_dag.py
[2026-07-30T19:08:15.726+0000] {processor.py:925} INFO - DAG(s) 'finascore_ml_pipeline' retrieved from /opt/airflow/dags/finascore_pipeline_dag.py
[2026-07-30T19:08:15.786+0000] {logging_mixin.py:190} INFO - [2026-07-30T19:08:15.786+0000] {dag.py:3239} INFO - Sync 1 DAGs
[2026-07-30T19:08:15.811+0000] {logging_mixin.py:190} INFO - [2026-07-30T19:08:15.811+0000] {dag.py:4180} INFO - Setting next_dagrun for finascore_ml_pipeline to 2026-07-26 00:00:00+00:00, run_after=2026-08-02 00:00:00+00:00
[2026-07-30T19:08:15.827+0000] {processor.py:208} INFO - Processing /opt/airflow/dags/finascore_pipeline_dag.py took 0.131 seconds
[2026-07-30T19:08:45.907+0000] {processor.py:186} INFO - Started process (PID=749) to work on /opt/airflow/dags/finascore_pipeline_dag.py
[2026-07-30T19:08:45.908+0000] {processor.py:914} INFO - Processing file /opt/airflow/dags/finascore_pipeline_dag.py for tasks to queue
[2026-07-30T19:08:45.910+0000] {logging_mixin.py:190} INFO - [2026-07-30T19:08:45.910+0000] {dagbag.py:588} INFO - Filling up the DagBag from /opt/airflow/dags/finascore_pipeline_dag.py
[2026-07-30T19:08:45.925+0000] {processor.py:925} INFO - DAG(s) 'finascore_ml_pipeline' retrieved from /opt/airflow/dags/finascore_pipeline_dag.py
[2026-07-30T19:08:45.978+0000] {logging_mixin.py:190} INFO - [2026-07-30T19:08:45.978+0000] {dag.py:3239} INFO - Sync 1 DAGs
[2026-07-30T19:08:46.002+0000] {logging_mixin.py:190} INFO - [2026-07-30T19:08:46.002+0000] {dag.py:4180} INFO - Setting next_dagrun for finascore_ml_pipeline to 2026-07-26 00:00:00+00:00, run_after=2026-08-02 00:00:00+00:00
[2026-07-30T19:08:46.016+0000] {processor.py:208} INFO - Processing /opt/airflow/dags/finascore_pipeline_dag.py took 0.116 seconds
[2026-07-30T19:09:16.135+0000] {processor.py:186} INFO - Started process (PID=754) to work on /opt/airflow/dags/finascore_pipeline_dag.py
[2026-07-30T19:09:16.137+0000] {processor.py:914} INFO - Processing file /opt/airflow/dags/finascore_pipeline_dag.py for tasks to queue
[2026-07-30T19:09:16.140+0000] {logging_mixin.py:190} INFO - [2026-07-30T19:09:16.139+0000] {dagbag.py:588} INFO - Filling up the DagBag from /opt/airflow/dags/finascore_pipeline_dag.py
[2026-07-30T19:09:16.177+0000] {processor.py:925} INFO - DAG(s) 'finascore_ml_pipeline' retrieved from /opt/airflow/dags/finascore_pipeline_dag.py
[2026-07-30T19:09:16.304+0000] {logging_mixin.py:190} INFO - [2026-07-30T19:09:16.304+0000] {dag.py:3239} INFO - Sync 1 DAGs
[2026-07-30T19:09:16.351+0000] {logging_mixin.py:190} INFO - [2026-07-30T19:09:16.350+0000] {dag.py:4180} INFO - Setting next_dagrun for finascore_ml_pipeline to 2026-07-26 00:00:00+00:00, run_after=2026-08-02 00:00:00+00:00
[2026-07-30T19:09:16.388+0000] {processor.py:208} INFO - Processing /opt/airflow/dags/finascore_pipeline_dag.py took 0.266 seconds
[2026-07-30T19:09:46.564+0000] {processor.py:186} INFO - Started process (PID=759) to work on /opt/airflow/dags/finascore_pipeline_dag.py
[2026-07-30T19:09:46.565+0000] {processor.py:914} INFO - Processing file /opt/airflow/dags/finascore_pipeline_dag.py for tasks to queue
[2026-07-30T19:09:46.567+0000] {logging_mixin.py:190} INFO - [2026-07-30T19:09:46.566+0000] {dagbag.py:588} INFO - Filling up the DagBag from /opt/airflow/dags/finascore_pipeline_dag.py
[2026-07-30T19:09:46.609+0000] {processor.py:925} INFO - DAG(s) 'finascore_ml_pipeline' retrieved from /opt/airflow/dags/finascore_pipeline_dag.py
[2026-07-30T19:09:46.686+0000] {logging_mixin.py:190} INFO - [2026-07-30T19:09:46.685+0000] {dag.py:3239} INFO - Sync 1 DAGs
[2026-07-30T19:09:46.721+0000] {logging_mixin.py:190} INFO - [2026-07-30T19:09:46.721+0000] {dag.py:4180} INFO - Setting next_dagrun for finascore_ml_pipeline to 2026-07-26 00:00:00+00:00, run_after=2026-08-02 00:00:00+00:00
[2026-07-30T19:09:46.740+0000] {processor.py:208} INFO - Processing /opt/airflow/dags/finascore_pipeline_dag.py took 0.185 seconds
[2026-07-30T19:10:16.905+0000] {processor.py:186} INFO - Started process (PID=764) to work on /opt/airflow/dags/finascore_pipeline_dag.py
[2026-07-30T19:10:16.906+0000] {processor.py:914} INFO - Processing file /opt/airflow/dags/finascore_pipeline_dag.py for tasks to queue
[2026-07-30T19:10:16.907+0000] {logging_mixin.py:190} INFO - [2026-07-30T19:10:16.906+0000] {dagbag.py:588} INFO - Filling up the DagBag from /opt/airflow/dags/finascore_pipeline_dag.py
[2026-07-30T19:10:16.923+0000] {processor.py:925} INFO - DAG(s) 'finascore_ml_pipeline' retrieved from /opt/airflow/dags/finascore_pipeline_dag.py
[2026-07-30T19:10:16.987+0000] {logging_mixin.py:190} INFO - [2026-07-30T19:10:16.986+0000] {dag.py:3239} INFO - Sync 1 DAGs
[2026-07-30T19:10:17.029+0000] {logging_mixin.py:190} INFO - [2026-07-30T19:10:17.029+0000] {dag.py:4180} INFO - Setting next_dagrun for finascore_ml_pipeline to 2026-07-26 00:00:00+00:00, run_after=2026-08-02 00:00:00+00:00
[2026-07-30T19:10:17.053+0000] {processor.py:208} INFO - Processing /opt/airflow/dags/finascore_pipeline_dag.py took 0.155 seconds
[2026-07-30T19:10:47.223+0000] {processor.py:186} INFO - Started process (PID=769) to work on /opt/airflow/dags/finascore_pipeline_dag.py
[2026-07-30T19:10:47.224+0000] {processor.py:914} INFO - Processing file /opt/airflow/dags/finascore_pipeline_dag.py for tasks to queue
[2026-07-30T19:10:47.226+0000] {logging_mixin.py:190} INFO - [2026-07-30T19:10:47.225+0000] {dagbag.py:588} INFO - Filling up the DagBag from /opt/airflow/dags/finascore_pipeline_dag.py
[2026-07-30T19:10:47.252+0000] {processor.py:925} INFO - DAG(s) 'finascore_ml_pipeline' retrieved from /opt/airflow/dags/finascore_pipeline_dag.py
[2026-07-30T19:10:47.289+0000] {logging_mixin.py:190} INFO - [2026-07-30T19:10:47.289+0000] {dag.py:3239} INFO - Sync 1 DAGs
[2026-07-30T19:10:47.312+0000] {logging_mixin.py:190} INFO - [2026-07-30T19:10:47.312+0000] {dag.py:4180} INFO - Setting next_dagrun for finascore_ml_pipeline to 2026-07-26 00:00:00+00:00, run_after=2026-08-02 00:00:00+00:00
[2026-07-30T19:10:47.327+0000] {processor.py:208} INFO - Processing /opt/airflow/dags/finascore_pipeline_dag.py took 0.110 seconds
[2026-07-30T19:11:17.360+0000] {processor.py:186} INFO - Started process (PID=774) to work on /opt/airflow/dags/finascore_pipeline_dag.py
[2026-07-30T19:11:17.361+0000] {processor.py:914} INFO - Processing file /opt/airflow/dags/finascore_pipeline_dag.py for tasks to queue
[2026-07-30T19:11:17.362+0000] {logging_mixin.py:190} INFO - [2026-07-30T19:11:17.362+0000] {dagbag.py:588} INFO - Filling up the DagBag from /opt/airflow/dags/finascore_pipeline_dag.py
[2026-07-30T19:11:17.393+0000] {processor.py:925} INFO - DAG(s) 'finascore_ml_pipeline' retrieved from /opt/airflow/dags/finascore_pipeline_dag.py
[2026-07-30T19:11:17.427+0000] {logging_mixin.py:190} INFO - [2026-07-30T19:11:17.427+0000] {dag.py:3239} INFO - Sync 1 DAGs
[2026-07-30T19:11:17.453+0000] {logging_mixin.py:190} INFO - [2026-07-30T19:11:17.453+0000] {dag.py:4180} INFO - Setting next_dagrun for finascore_ml_pipeline to 2026-07-26 00:00:00+00:00, run_after=2026-08-02 00:00:00+00:00
[2026-07-30T19:11:17.471+0000] {processor.py:208} INFO - Processing /opt/airflow/dags/finascore_pipeline_dag.py took 0.121 seconds
[2026-07-30T19:11:47.633+0000] {processor.py:186} INFO - Started process (PID=779) to work on /opt/airflow/dags/finascore_pipeline_dag.py
[2026-07-30T19:11:47.636+0000] {processor.py:914} INFO - Processing file /opt/airflow/dags/finascore_pipeline_dag.py for tasks to queue
[2026-07-30T19:11:47.639+0000] {logging_mixin.py:190} INFO - [2026-07-30T19:11:47.638+0000] {dagbag.py:588} INFO - Filling up the DagBag from /opt/airflow/dags/finascore_pipeline_dag.py
[2026-07-30T19:11:47.678+0000] {processor.py:925} INFO - DAG(s) 'finascore_ml_pipeline' retrieved from /opt/airflow/dags/finascore_pipeline_dag.py
[2026-07-30T19:11:47.749+0000] {logging_mixin.py:190} INFO - [2026-07-30T19:11:47.749+0000] {dag.py:3239} INFO - Sync 1 DAGs
[2026-07-30T19:11:47.783+0000] {logging_mixin.py:190} INFO - [2026-07-30T19:11:47.783+0000] {dag.py:4180} INFO - Setting next_dagrun for finascore_ml_pipeline to 2026-07-26 00:00:00+00:00, run_after=2026-08-02 00:00:00+00:00
[2026-07-30T19:11:47.807+0000] {processor.py:208} INFO - Processing /opt/airflow/dags/finascore_pipeline_dag.py took 0.183 seconds
[2026-07-30T19:12:17.987+0000] {processor.py:186} INFO - Started process (PID=784) to work on /opt/airflow/dags/finascore_pipeline_dag.py
[2026-07-30T19:12:17.988+0000] {processor.py:914} INFO - Processing file /opt/airflow/dags/finascore_pipeline_dag.py for tasks to queue
[2026-07-30T19:12:17.989+0000] {logging_mixin.py:190} INFO - [2026-07-30T19:12:17.989+0000] {dagbag.py:588} INFO - Filling up the DagBag from /opt/airflow/dags/finascore_pipeline_dag.py
[2026-07-30T19:12:18.015+0000] {processor.py:925} INFO - DAG(s) 'finascore_ml_pipeline' retrieved from /opt/airflow/dags/finascore_pipeline_dag.py
[2026-07-30T19:12:18.049+0000] {logging_mixin.py:190} INFO - [2026-07-30T19:12:18.048+0000] {dag.py:3239} INFO - Sync 1 DAGs
[2026-07-30T19:12:18.076+0000] {logging_mixin.py:190} INFO - [2026-07-30T19:12:18.076+0000] {dag.py:4180} INFO - Setting next_dagrun for finascore_ml_pipeline to 2026-07-26 00:00:00+00:00, run_after=2026-08-02 00:00:00+00:00
[2026-07-30T19:12:18.094+0000] {processor.py:208} INFO - Processing /opt/airflow/dags/finascore_pipeline_dag.py took 0.117 seconds
[2026-07-30T19:12:48.245+0000] {processor.py:186} INFO - Started process (PID=789) to work on /opt/airflow/dags/finascore_pipeline_dag.py
[2026-07-30T19:12:48.247+0000] {processor.py:914} INFO - Processing file /opt/airflow/dags/finascore_pipeline_dag.py for tasks to queue
[2026-07-30T19:12:48.249+0000] {logging_mixin.py:190} INFO - [2026-07-30T19:12:48.248+0000] {dagbag.py:588} INFO - Filling up the DagBag from /opt/airflow/dags/finascore_pipeline_dag.py
[2026-07-30T19:12:48.278+0000] {processor.py:925} INFO - DAG(s) 'finascore_ml_pipeline' retrieved from /opt/airflow/dags/finascore_pipeline_dag.py
[2026-07-30T19:12:48.331+0000] {logging_mixin.py:190} INFO - [2026-07-30T19:12:48.330+0000] {dag.py:3239} INFO - Sync 1 DAGs
[2026-07-30T19:12:48.367+0000] {logging_mixin.py:190} INFO - [2026-07-30T19:12:48.367+0000] {dag.py:4180} INFO - Setting next_dagrun for finascore_ml_pipeline to 2026-07-26 00:00:00+00:00, run_after=2026-08-02 00:00:00+00:00
[2026-07-30T19:12:48.396+0000] {processor.py:208} INFO - Processing /opt/airflow/dags/finascore_pipeline_dag.py took 0.159 seconds
[2026-07-30T19:13:18.603+0000] {processor.py:186} INFO - Started process (PID=794) to work on /opt/airflow/dags/finascore_pipeline_dag.py
[2026-07-30T19:13:18.604+0000] {processor.py:914} INFO - Processing file /opt/airflow/dags/finascore_pipeline_dag.py for tasks to queue
[2026-07-30T19:13:18.607+0000] {logging_mixin.py:190} INFO - [2026-07-30T19:13:18.606+0000] {dagbag.py:588} INFO - Filling up the DagBag from /opt/airflow/dags/finascore_pipeline_dag.py
[2026-07-30T19:13:18.652+0000] {processor.py:925} INFO - DAG(s) 'finascore_ml_pipeline' retrieved from /opt/airflow/dags/finascore_pipeline_dag.py
[2026-07-30T19:13:18.705+0000] {logging_mixin.py:190} INFO - [2026-07-30T19:13:18.705+0000] {dag.py:3239} INFO - Sync 1 DAGs
[2026-07-30T19:13:18.744+0000] {logging_mixin.py:190} INFO - [2026-07-30T19:13:18.744+0000] {dag.py:4180} INFO - Setting next_dagrun for finascore_ml_pipeline to 2026-07-26 00:00:00+00:00, run_after=2026-08-02 00:00:00+00:00
[2026-07-30T19:13:18.766+0000] {processor.py:208} INFO - Processing /opt/airflow/dags/finascore_pipeline_dag.py took 0.205 seconds
[2026-07-30T19:13:48.930+0000] {processor.py:186} INFO - Started process (PID=799) to work on /opt/airflow/dags/finascore_pipeline_dag.py
[2026-07-30T19:13:48.932+0000] {processor.py:914} INFO - Processing file /opt/airflow/dags/finascore_pipeline_dag.py for tasks to queue
[2026-07-30T19:13:48.933+0000] {logging_mixin.py:190} INFO - [2026-07-30T19:13:48.933+0000] {dagbag.py:588} INFO - Filling up the DagBag from /opt/airflow/dags/finascore_pipeline_dag.py
[2026-07-30T19:13:48.978+0000] {processor.py:925} INFO - DAG(s) 'finascore_ml_pipeline' retrieved from /opt/airflow/dags/finascore_pipeline_dag.py
[2026-07-30T19:13:49.045+0000] {logging_mixin.py:190} INFO - [2026-07-30T19:13:49.045+0000] {dag.py:3239} INFO - Sync 1 DAGs
[2026-07-30T19:13:49.107+0000] {logging_mixin.py:190} INFO - [2026-07-30T19:13:49.106+0000] {dag.py:4180} INFO - Setting next_dagrun for finascore_ml_pipeline to 2026-07-26 00:00:00+00:00, run_after=2026-08-02 00:00:00+00:00
[2026-07-30T19:13:49.146+0000] {processor.py:208} INFO - Processing /opt/airflow/dags/finascore_pipeline_dag.py took 0.225 seconds
[2026-07-30T19:14:19.347+0000] {processor.py:186} INFO - Started process (PID=804) to work on /opt/airflow/dags/finascore_pipeline_dag.py
[2026-07-30T19:14:19.351+0000] {processor.py:914} INFO - Processing file /opt/airflow/dags/finascore_pipeline_dag.py for tasks to queue
[2026-07-30T19:14:19.356+0000] {logging_mixin.py:190} INFO - [2026-07-30T19:14:19.355+0000] {dagbag.py:588} INFO - Filling up the DagBag from /opt/airflow/dags/finascore_pipeline_dag.py
[2026-07-30T19:14:19.430+0000] {processor.py:925} INFO - DAG(s) 'finascore_ml_pipeline' retrieved from /opt/airflow/dags/finascore_pipeline_dag.py
[2026-07-30T19:14:19.479+0000] {logging_mixin.py:190} INFO - [2026-07-30T19:14:19.478+0000] {dag.py:3239} INFO - Sync 1 DAGs
[2026-07-30T19:14:19.516+0000] {logging_mixin.py:190} INFO - [2026-07-30T19:14:19.516+0000] {dag.py:4180} INFO - Setting next_dagrun for finascore_ml_pipeline to 2026-07-26 00:00:00+00:00, run_after=2026-08-02 00:00:00+00:00
[2026-07-30T19:14:19.535+0000] {processor.py:208} INFO - Processing /opt/airflow/dags/finascore_pipeline_dag.py took 0.231 seconds
[2026-07-30T19:14:49.715+0000] {processor.py:186} INFO - Started process (PID=809) to work on /opt/airflow/dags/finascore_pipeline_dag.py
[2026-07-30T19:14:49.716+0000] {processor.py:914} INFO - Processing file /opt/airflow/dags/finascore_pipeline_dag.py for tasks to queue
[2026-07-30T19:14:49.718+0000] {logging_mixin.py:190} INFO - [2026-07-30T19:14:49.717+0000] {dagbag.py:588} INFO - Filling up the DagBag from /opt/airflow/dags/finascore_pipeline_dag.py
[2026-07-30T19:14:49.737+0000] {processor.py:925} INFO - DAG(s) 'finascore_ml_pipeline' retrieved from /opt/airflow/dags/finascore_pipeline_dag.py
[2026-07-30T19:14:49.781+0000] {logging_mixin.py:190} INFO - [2026-07-30T19:14:49.780+0000] {dag.py:3239} INFO - Sync 1 DAGs
[2026-07-30T19:14:49.811+0000] {logging_mixin.py:190} INFO - [2026-07-30T19:14:49.811+0000] {dag.py:4180} INFO - Setting next_dagrun for finascore_ml_pipeline to 2026-07-26 00:00:00+00:00, run_after=2026-08-02 00:00:00+00:00
[2026-07-30T19:14:49.836+0000] {processor.py:208} INFO - Processing /opt/airflow/dags/finascore_pipeline_dag.py took 0.143 seconds
[2026-07-30T19:15:19.985+0000] {processor.py:186} INFO - Started process (PID=814) to work on /opt/airflow/dags/finascore_pipeline_dag.py
[2026-07-30T19:15:19.987+0000] {processor.py:914} INFO - Processing file /opt/airflow/dags/finascore_pipeline_dag.py for tasks to queue
[2026-07-30T19:15:19.988+0000] {logging_mixin.py:190} INFO - [2026-07-30T19:15:19.988+0000] {dagbag.py:588} INFO - Filling up the DagBag from /opt/airflow/dags/finascore_pipeline_dag.py
[2026-07-30T19:15:20.004+0000] {processor.py:925} INFO - DAG(s) 'finascore_ml_pipeline' retrieved from /opt/airflow/dags/finascore_pipeline_dag.py
[2026-07-30T19:15:20.040+0000] {logging_mixin.py:190} INFO - [2026-07-30T19:15:20.040+0000] {dag.py:3239} INFO - Sync 1 DAGs
[2026-07-30T19:15:20.066+0000] {logging_mixin.py:190} INFO - [2026-07-30T19:15:20.065+0000] {dag.py:4180} INFO - Setting next_dagrun for finascore_ml_pipeline to 2026-07-26 00:00:00+00:00, run_after=2026-08-02 00:00:00+00:00
[2026-07-30T19:15:20.080+0000] {processor.py:208} INFO - Processing /opt/airflow/dags/finascore_pipeline_dag.py took 0.103 seconds
[2026-07-30T19:15:50.155+0000] {processor.py:186} INFO - Started process (PID=819) to work on /opt/airflow/dags/finascore_pipeline_dag.py
[2026-07-30T19:15:50.157+0000] {processor.py:914} INFO - Processing file /opt/airflow/dags/finascore_pipeline_dag.py for tasks to queue
[2026-07-30T19:15:50.160+0000] {logging_mixin.py:190} INFO - [2026-07-30T19:15:50.159+0000] {dagbag.py:588} INFO - Filling up the DagBag from /opt/airflow/dags/finascore_pipeline_dag.py
[2026-07-30T19:15:50.187+0000] {processor.py:925} INFO - DAG(s) 'finascore_ml_pipeline' retrieved from /opt/airflow/dags/finascore_pipeline_dag.py
[2026-07-30T19:15:50.252+0000] {logging_mixin.py:190} INFO - [2026-07-30T19:15:50.252+0000] {dag.py:3239} INFO - Sync 1 DAGs
[2026-07-30T19:15:50.309+0000] {logging_mixin.py:190} INFO - [2026-07-30T19:15:50.309+0000] {dag.py:4180} INFO - Setting next_dagrun for finascore_ml_pipeline to 2026-07-26 00:00:00+00:00, run_after=2026-08-02 00:00:00+00:00
[2026-07-30T19:15:50.344+0000] {processor.py:208} INFO - Processing /opt/airflow/dags/finascore_pipeline_dag.py took 0.201 seconds
[2026-07-30T19:16:20.492+0000] {processor.py:186} INFO - Started process (PID=824) to work on /opt/airflow/dags/finascore_pipeline_dag.py
[2026-07-30T19:16:20.493+0000] {processor.py:914} INFO - Processing file /opt/airflow/dags/finascore_pipeline_dag.py for tasks to queue
[2026-07-30T19:16:20.494+0000] {logging_mixin.py:190} INFO - [2026-07-30T19:16:20.494+0000] {dagbag.py:588} INFO - Filling up the DagBag from /opt/airflow/dags/finascore_pipeline_dag.py
[2026-07-30T19:16:20.508+0000] {processor.py:925} INFO - DAG(s) 'finascore_ml_pipeline' retrieved from /opt/airflow/dags/finascore_pipeline_dag.py
[2026-07-30T19:16:20.545+0000] {logging_mixin.py:190} INFO - [2026-07-30T19:16:20.545+0000] {dag.py:3239} INFO - Sync 1 DAGs
[2026-07-30T19:16:20.570+0000] {logging_mixin.py:190} INFO - [2026-07-30T19:16:20.570+0000] {dag.py:4180} INFO - Setting next_dagrun for finascore_ml_pipeline to 2026-07-26 00:00:00+00:00, run_after=2026-08-02 00:00:00+00:00
[2026-07-30T19:16:20.587+0000] {processor.py:208} INFO - Processing /opt/airflow/dags/finascore_pipeline_dag.py took 0.101 seconds
[2026-07-30T19:16:50.632+0000] {processor.py:186} INFO - Started process (PID=829) to work on /opt/airflow/dags/finascore_pipeline_dag.py
[2026-07-30T19:16:50.633+0000] {processor.py:914} INFO - Processing file /opt/airflow/dags/finascore_pipeline_dag.py for tasks to queue
[2026-07-30T19:16:50.635+0000] {logging_mixin.py:190} INFO - [2026-07-30T19:16:50.634+0000] {dagbag.py:588} INFO - Filling up the DagBag from /opt/airflow/dags/finascore_pipeline_dag.py
[2026-07-30T19:16:50.648+0000] {processor.py:925} INFO - DAG(s) 'finascore_ml_pipeline' retrieved from /opt/airflow/dags/finascore_pipeline_dag.py
[2026-07-30T19:16:50.684+0000] {logging_mixin.py:190} INFO - [2026-07-30T19:16:50.684+0000] {dag.py:3239} INFO - Sync 1 DAGs
[2026-07-30T19:16:50.708+0000] {logging_mixin.py:190} INFO - [2026-07-30T19:16:50.708+0000] {dag.py:4180} INFO - Setting next_dagrun for finascore_ml_pipeline to 2026-07-26 00:00:00+00:00, run_after=2026-08-02 00:00:00+00:00
[2026-07-30T19:16:50.724+0000] {processor.py:208} INFO - Processing /opt/airflow/dags/finascore_pipeline_dag.py took 0.099 seconds
[2026-07-30T19:17:20.880+0000] {processor.py:186} INFO - Started process (PID=834) to work on /opt/airflow/dags/finascore_pipeline_dag.py
[2026-07-30T19:17:20.880+0000] {processor.py:914} INFO - Processing file /opt/airflow/dags/finascore_pipeline_dag.py for tasks to queue
[2026-07-30T19:17:20.882+0000] {logging_mixin.py:190} INFO - [2026-07-30T19:17:20.881+0000] {dagbag.py:588} INFO - Filling up the DagBag from /opt/airflow/dags/finascore_pipeline_dag.py
[2026-07-30T19:17:20.895+0000] {processor.py:925} INFO - DAG(s) 'finascore_ml_pipeline' retrieved from /opt/airflow/dags/finascore_pipeline_dag.py
[2026-07-30T19:17:20.928+0000] {logging_mixin.py:190} INFO - [2026-07-30T19:17:20.927+0000] {dag.py:3239} INFO - Sync 1 DAGs
[2026-07-30T19:17:20.950+0000] {logging_mixin.py:190} INFO - [2026-07-30T19:17:20.950+0000] {dag.py:4180} INFO - Setting next_dagrun for finascore_ml_pipeline to 2026-07-26 00:00:00+00:00, run_after=2026-08-02 00:00:00+00:00
[2026-07-30T19:17:20.965+0000] {processor.py:208} INFO - Processing /opt/airflow/dags/finascore_pipeline_dag.py took 0.093 seconds
[2026-07-30T19:17:51.024+0000] {processor.py:186} INFO - Started process (PID=839) to work on /opt/airflow/dags/finascore_pipeline_dag.py
[2026-07-30T19:17:51.026+0000] {processor.py:914} INFO - Processing file /opt/airflow/dags/finascore_pipeline_dag.py for tasks to queue
[2026-07-30T19:17:51.027+0000] {logging_mixin.py:190} INFO - [2026-07-30T19:17:51.026+0000] {dagbag.py:588} INFO - Filling up the DagBag from /opt/airflow/dags/finascore_pipeline_dag.py
[2026-07-30T19:17:51.041+0000] {processor.py:925} INFO - DAG(s) 'finascore_ml_pipeline' retrieved from /opt/airflow/dags/finascore_pipeline_dag.py
[2026-07-30T19:17:51.075+0000] {logging_mixin.py:190} INFO - [2026-07-30T19:17:51.075+0000] {dag.py:3239} INFO - Sync 1 DAGs
[2026-07-30T19:17:51.101+0000] {logging_mixin.py:190} INFO - [2026-07-30T19:17:51.100+0000] {dag.py:4180} INFO - Setting next_dagrun for finascore_ml_pipeline to 2026-07-26 00:00:00+00:00, run_after=2026-08-02 00:00:00+00:00
[2026-07-30T19:17:51.118+0000] {processor.py:208} INFO - Processing /opt/airflow/dags/finascore_pipeline_dag.py took 0.101 seconds
[2026-07-30T19:18:21.255+0000] {processor.py:186} INFO - Started process (PID=844) to work on /opt/airflow/dags/finascore_pipeline_dag.py
[2026-07-30T19:18:21.255+0000] {processor.py:914} INFO - Processing file /opt/airflow/dags/finascore_pipeline_dag.py for tasks to queue
[2026-07-30T19:18:21.257+0000] {logging_mixin.py:190} INFO - [2026-07-30T19:18:21.256+0000] {dagbag.py:588} INFO - Filling up the DagBag from /opt/airflow/dags/finascore_pipeline_dag.py
[2026-07-30T19:18:21.272+0000] {processor.py:925} INFO - DAG(s) 'finascore_ml_pipeline' retrieved from /opt/airflow/dags/finascore_pipeline_dag.py
[2026-07-30T19:18:21.307+0000] {logging_mixin.py:190} INFO - [2026-07-30T19:18:21.306+0000] {dag.py:3239} INFO - Sync 1 DAGs
[2026-07-30T19:18:21.330+0000] {logging_mixin.py:190} INFO - [2026-07-30T19:18:21.330+0000] {dag.py:4180} INFO - Setting next_dagrun for finascore_ml_pipeline to 2026-07-26 00:00:00+00:00, run_after=2026-08-02 00:00:00+00:00
[2026-07-30T19:18:21.346+0000] {processor.py:208} INFO - Processing /opt/airflow/dags/finascore_pipeline_dag.py took 0.101 seconds
[2026-07-30T19:18:51.407+0000] {processor.py:186} INFO - Started process (PID=849) to work on /opt/airflow/dags/finascore_pipeline_dag.py
[2026-07-30T19:18:51.408+0000] {processor.py:914} INFO - Processing file /opt/airflow/dags/finascore_pipeline_dag.py for tasks to queue
[2026-07-30T19:18:51.410+0000] {logging_mixin.py:190} INFO - [2026-07-30T19:18:51.410+0000] {dagbag.py:588} INFO - Filling up the DagBag from /opt/airflow/dags/finascore_pipeline_dag.py
[2026-07-30T19:18:51.423+0000] {processor.py:925} INFO - DAG(s) 'finascore_ml_pipeline' retrieved from /opt/airflow/dags/finascore_pipeline_dag.py
[2026-07-30T19:18:51.456+0000] {logging_mixin.py:190} INFO - [2026-07-30T19:18:51.456+0000] {dag.py:3239} INFO - Sync 1 DAGs
[2026-07-30T19:18:51.484+0000] {logging_mixin.py:190} INFO - [2026-07-30T19:18:51.484+0000] {dag.py:4180} INFO - Setting next_dagrun for finascore_ml_pipeline to 2026-07-26 00:00:00+00:00, run_after=2026-08-02 00:00:00+00:00
[2026-07-30T19:18:51.501+0000] {processor.py:208} INFO - Processing /opt/airflow/dags/finascore_pipeline_dag.py took 0.100 seconds
[2026-07-30T19:19:21.632+0000] {processor.py:186} INFO - Started process (PID=854) to work on /opt/airflow/dags/finascore_pipeline_dag.py
[2026-07-30T19:19:21.634+0000] {processor.py:914} INFO - Processing file /opt/airflow/dags/finascore_pipeline_dag.py for tasks to queue
[2026-07-30T19:19:21.635+0000] {logging_mixin.py:190} INFO - [2026-07-30T19:19:21.635+0000] {dagbag.py:588} INFO - Filling up the DagBag from /opt/airflow/dags/finascore_pipeline_dag.py
[2026-07-30T19:19:21.649+0000] {processor.py:925} INFO - DAG(s) 'finascore_ml_pipeline' retrieved from /opt/airflow/dags/finascore_pipeline_dag.py
[2026-07-30T19:19:21.685+0000] {logging_mixin.py:190} INFO - [2026-07-30T19:19:21.685+0000] {dag.py:3239} INFO - Sync 1 DAGs
[2026-07-30T19:19:21.710+0000] {logging_mixin.py:190} INFO - [2026-07-30T19:19:21.710+0000] {dag.py:4180} INFO - Setting next_dagrun for finascore_ml_pipeline to 2026-07-26 00:00:00+00:00, run_after=2026-08-02 00:00:00+00:00
[2026-07-30T19:19:21.726+0000] {processor.py:208} INFO - Processing /opt/airflow/dags/finascore_pipeline_dag.py took 0.102 seconds
[2026-07-30T19:19:51.786+0000] {processor.py:186} INFO - Started process (PID=859) to work on /opt/airflow/dags/finascore_pipeline_dag.py
[2026-07-30T19:19:51.787+0000] {processor.py:914} INFO - Processing file /opt/airflow/dags/finascore_pipeline_dag.py for tasks to queue
[2026-07-30T19:19:51.788+0000] {logging_mixin.py:190} INFO - [2026-07-30T19:19:51.788+0000] {dagbag.py:588} INFO - Filling up the DagBag from /opt/airflow/dags/finascore_pipeline_dag.py
[2026-07-30T19:19:51.802+0000] {processor.py:925} INFO - DAG(s) 'finascore_ml_pipeline' retrieved from /opt/airflow/dags/finascore_pipeline_dag.py
[2026-07-30T19:19:51.836+0000] {logging_mixin.py:190} INFO - [2026-07-30T19:19:51.836+0000] {dag.py:3239} INFO - Sync 1 DAGs
[2026-07-30T19:19:51.859+0000] {logging_mixin.py:190} INFO - [2026-07-30T19:19:51.859+0000] {dag.py:4180} INFO - Setting next_dagrun for finascore_ml_pipeline to 2026-07-26 00:00:00+00:00, run_after=2026-08-02 00:00:00+00:00
[2026-07-30T19:19:51.877+0000] {processor.py:208} INFO - Processing /opt/airflow/dags/finascore_pipeline_dag.py took 0.099 seconds
[2026-07-30T19:20:22.027+0000] {processor.py:186} INFO - Started process (PID=864) to work on /opt/airflow/dags/finascore_pipeline_dag.py
[2026-07-30T19:20:22.029+0000] {processor.py:914} INFO - Processing file /opt/airflow/dags/finascore_pipeline_dag.py for tasks to queue
[2026-07-30T19:20:22.030+0000] {logging_mixin.py:190} INFO - [2026-07-30T19:20:22.030+0000] {dagbag.py:588} INFO - Filling up the DagBag from /opt/airflow/dags/finascore_pipeline_dag.py
[2026-07-30T19:20:22.044+0000] {processor.py:925} INFO - DAG(s) 'finascore_ml_pipeline' retrieved from /opt/airflow/dags/finascore_pipeline_dag.py
[2026-07-30T19:20:22.078+0000] {logging_mixin.py:190} INFO - [2026-07-30T19:20:22.078+0000] {dag.py:3239} INFO - Sync 1 DAGs
[2026-07-30T19:20:22.101+0000] {logging_mixin.py:190} INFO - [2026-07-30T19:20:22.101+0000] {dag.py:4180} INFO - Setting next_dagrun for finascore_ml_pipeline to 2026-07-26 00:00:00+00:00, run_after=2026-08-02 00:00:00+00:00
[2026-07-30T19:20:22.117+0000] {processor.py:208} INFO - Processing /opt/airflow/dags/finascore_pipeline_dag.py took 0.097 seconds
[2026-07-30T19:20:52.180+0000] {processor.py:186} INFO - Started process (PID=869) to work on /opt/airflow/dags/finascore_pipeline_dag.py
[2026-07-30T19:20:52.181+0000] {processor.py:914} INFO - Processing file /opt/airflow/dags/finascore_pipeline_dag.py for tasks to queue
[2026-07-30T19:20:52.182+0000] {logging_mixin.py:190} INFO - [2026-07-30T19:20:52.182+0000] {dagbag.py:588} INFO - Filling up the DagBag from /opt/airflow/dags/finascore_pipeline_dag.py
[2026-07-30T19:20:52.196+0000] {processor.py:925} INFO - DAG(s) 'finascore_ml_pipeline' retrieved from /opt/airflow/dags/finascore_pipeline_dag.py
[2026-07-30T19:20:52.229+0000] {logging_mixin.py:190} INFO - [2026-07-30T19:20:52.229+0000] {dag.py:3239} INFO - Sync 1 DAGs
[2026-07-30T19:20:52.253+0000] {logging_mixin.py:190} INFO - [2026-07-30T19:20:52.253+0000] {dag.py:4180} INFO - Setting next_dagrun for finascore_ml_pipeline to 2026-07-26 00:00:00+00:00, run_after=2026-08-02 00:00:00+00:00
[2026-07-30T19:20:52.268+0000] {processor.py:208} INFO - Processing /opt/airflow/dags/finascore_pipeline_dag.py took 0.095 seconds
[2026-07-30T19:21:22.394+0000] {processor.py:186} INFO - Started process (PID=874) to work on /opt/airflow/dags/finascore_pipeline_dag.py
[2026-07-30T19:21:22.395+0000] {processor.py:914} INFO - Processing file /opt/airflow/dags/finascore_pipeline_dag.py for tasks to queue
[2026-07-30T19:21:22.396+0000] {logging_mixin.py:190} INFO - [2026-07-30T19:21:22.396+0000] {dagbag.py:588} INFO - Filling up the DagBag from /opt/airflow/dags/finascore_pipeline_dag.py
[2026-07-30T19:21:22.410+0000] {processor.py:925} INFO - DAG(s) 'finascore_ml_pipeline' retrieved from /opt/airflow/dags/finascore_pipeline_dag.py
[2026-07-30T19:21:22.443+0000] {logging_mixin.py:190} INFO - [2026-07-30T19:21:22.443+0000] {dag.py:3239} INFO - Sync 1 DAGs
[2026-07-30T19:21:22.466+0000] {logging_mixin.py:190} INFO - [2026-07-30T19:21:22.466+0000] {dag.py:4180} INFO - Setting next_dagrun for finascore_ml_pipeline to 2026-07-26 00:00:00+00:00, run_after=2026-08-02 00:00:00+00:00
[2026-07-30T19:21:22.482+0000] {processor.py:208} INFO - Processing /opt/airflow/dags/finascore_pipeline_dag.py took 0.096 seconds
[2026-07-30T19:21:52.551+0000] {processor.py:186} INFO - Started process (PID=879) to work on /opt/airflow/dags/finascore_pipeline_dag.py
[2026-07-30T19:21:52.552+0000] {processor.py:914} INFO - Processing file /opt/airflow/dags/finascore_pipeline_dag.py for tasks to queue
[2026-07-30T19:21:52.553+0000] {logging_mixin.py:190} INFO - [2026-07-30T19:21:52.553+0000] {dagbag.py:588} INFO - Filling up the DagBag from /opt/airflow/dags/finascore_pipeline_dag.py
[2026-07-30T19:21:52.568+0000] {processor.py:925} INFO - DAG(s) 'finascore_ml_pipeline' retrieved from /opt/airflow/dags/finascore_pipeline_dag.py
[2026-07-30T19:21:52.602+0000] {logging_mixin.py:190} INFO - [2026-07-30T19:21:52.602+0000] {dag.py:3239} INFO - Sync 1 DAGs
[2026-07-30T19:21:52.629+0000] {logging_mixin.py:190} INFO - [2026-07-30T19:21:52.628+0000] {dag.py:4180} INFO - Setting next_dagrun for finascore_ml_pipeline to 2026-07-26 00:00:00+00:00, run_after=2026-08-02 00:00:00+00:00
[2026-07-30T19:21:52.645+0000] {processor.py:208} INFO - Processing /opt/airflow/dags/finascore_pipeline_dag.py took 0.101 seconds
[2026-07-30T19:22:22.772+0000] {processor.py:186} INFO - Started process (PID=884) to work on /opt/airflow/dags/finascore_pipeline_dag.py
[2026-07-30T19:22:22.773+0000] {processor.py:914} INFO - Processing file /opt/airflow/dags/finascore_pipeline_dag.py for tasks to queue
[2026-07-30T19:22:22.774+0000] {logging_mixin.py:190} INFO - [2026-07-30T19:22:22.774+0000] {dagbag.py:588} INFO - Filling up the DagBag from /opt/airflow/dags/finascore_pipeline_dag.py
[2026-07-30T19:22:22.789+0000] {processor.py:925} INFO - DAG(s) 'finascore_ml_pipeline' retrieved from /opt/airflow/dags/finascore_pipeline_dag.py
[2026-07-30T19:22:22.824+0000] {logging_mixin.py:190} INFO - [2026-07-30T19:22:22.824+0000] {dag.py:3239} INFO - Sync 1 DAGs
[2026-07-30T19:22:22.854+0000] {logging_mixin.py:190} INFO - [2026-07-30T19:22:22.854+0000] {dag.py:4180} INFO - Setting next_dagrun for finascore_ml_pipeline to 2026-07-26 00:00:00+00:00, run_after=2026-08-02 00:00:00+00:00
[2026-07-30T19:22:22.876+0000] {processor.py:208} INFO - Processing /opt/airflow/dags/finascore_pipeline_dag.py took 0.112 seconds
[2026-07-30T19:22:52.935+0000] {processor.py:186} INFO - Started process (PID=889) to work on /opt/airflow/dags/finascore_pipeline_dag.py
[2026-07-30T19:22:52.936+0000] {processor.py:914} INFO - Processing file /opt/airflow/dags/finascore_pipeline_dag.py for tasks to queue
[2026-07-30T19:22:52.938+0000] {logging_mixin.py:190} INFO - [2026-07-30T19:22:52.938+0000] {dagbag.py:588} INFO - Filling up the DagBag from /opt/airflow/dags/finascore_pipeline_dag.py
[2026-07-30T19:22:52.951+0000] {processor.py:925} INFO - DAG(s) 'finascore_ml_pipeline' retrieved from /opt/airflow/dags/finascore_pipeline_dag.py
[2026-07-30T19:22:52.986+0000] {logging_mixin.py:190} INFO - [2026-07-30T19:22:52.985+0000] {dag.py:3239} INFO - Sync 1 DAGs
[2026-07-30T19:22:53.011+0000] {logging_mixin.py:190} INFO - [2026-07-30T19:22:53.011+0000] {dag.py:4180} INFO - Setting next_dagrun for finascore_ml_pipeline to 2026-07-26 00:00:00+00:00, run_after=2026-08-02 00:00:00+00:00
[2026-07-30T19:22:53.029+0000] {processor.py:208} INFO - Processing /opt/airflow/dags/finascore_pipeline_dag.py took 0.101 seconds
[2026-07-30T19:23:23.151+0000] {processor.py:186} INFO - Started process (PID=894) to work on /opt/airflow/dags/finascore_pipeline_dag.py
[2026-07-30T19:23:23.153+0000] {processor.py:914} INFO - Processing file /opt/airflow/dags/finascore_pipeline_dag.py for tasks to queue
[2026-07-30T19:23:23.155+0000] {logging_mixin.py:190} INFO - [2026-07-30T19:23:23.154+0000] {dagbag.py:588} INFO - Filling up the DagBag from /opt/airflow/dags/finascore_pipeline_dag.py
[2026-07-30T19:23:23.172+0000] {processor.py:925} INFO - DAG(s) 'finascore_ml_pipeline' retrieved from /opt/airflow/dags/finascore_pipeline_dag.py
[2026-07-30T19:23:23.212+0000] {logging_mixin.py:190} INFO - [2026-07-30T19:23:23.212+0000] {dag.py:3239} INFO - Sync 1 DAGs
[2026-07-30T19:23:23.272+0000] {logging_mixin.py:190} INFO - [2026-07-30T19:23:23.269+0000] {dag.py:4180} INFO - Setting next_dagrun for finascore_ml_pipeline to 2026-07-26 00:00:00+00:00, run_after=2026-08-02 00:00:00+00:00
[2026-07-30T19:23:23.309+0000] {processor.py:208} INFO - Processing /opt/airflow/dags/finascore_pipeline_dag.py took 0.165 seconds
[2026-07-30T19:23:53.461+0000] {processor.py:186} INFO - Started process (PID=899) to work on /opt/airflow/dags/finascore_pipeline_dag.py
[2026-07-30T19:23:53.462+0000] {processor.py:914} INFO - Processing file /opt/airflow/dags/finascore_pipeline_dag.py for tasks to queue
[2026-07-30T19:23:53.463+0000] {logging_mixin.py:190} INFO - [2026-07-30T19:23:53.463+0000] {dagbag.py:588} INFO - Filling up the DagBag from /opt/airflow/dags/finascore_pipeline_dag.py
[2026-07-30T19:23:53.477+0000] {processor.py:925} INFO - DAG(s) 'finascore_ml_pipeline' retrieved from /opt/airflow/dags/finascore_pipeline_dag.py
[2026-07-30T19:23:53.515+0000] {logging_mixin.py:190} INFO - [2026-07-30T19:23:53.515+0000] {dag.py:3239} INFO - Sync 1 DAGs
[2026-07-30T19:23:53.540+0000] {logging_mixin.py:190} INFO - [2026-07-30T19:23:53.539+0000] {dag.py:4180} INFO - Setting next_dagrun for finascore_ml_pipeline to 2026-07-26 00:00:00+00:00, run_after=2026-08-02 00:00:00+00:00
[2026-07-30T19:23:53.555+0000] {processor.py:208} INFO - Processing /opt/airflow/dags/finascore_pipeline_dag.py took 0.101 seconds
[2026-07-30T19:24:23.602+0000] {processor.py:186} INFO - Started process (PID=904) to work on /opt/airflow/dags/finascore_pipeline_dag.py
[2026-07-30T19:24:23.603+0000] {processor.py:914} INFO - Processing file /opt/airflow/dags/finascore_pipeline_dag.py for tasks to queue
[2026-07-30T19:24:23.605+0000] {logging_mixin.py:190} INFO - [2026-07-30T19:24:23.604+0000] {dagbag.py:588} INFO - Filling up the DagBag from /opt/airflow/dags/finascore_pipeline_dag.py
[2026-07-30T19:24:23.625+0000] {processor.py:925} INFO - DAG(s) 'finascore_ml_pipeline' retrieved from /opt/airflow/dags/finascore_pipeline_dag.py
[2026-07-30T19:24:23.669+0000] {logging_mixin.py:190} INFO - [2026-07-30T19:24:23.668+0000] {dag.py:3239} INFO - Sync 1 DAGs
[2026-07-30T19:24:23.697+0000] {logging_mixin.py:190} INFO - [2026-07-30T19:24:23.697+0000] {dag.py:4180} INFO - Setting next_dagrun for finascore_ml_pipeline to 2026-07-26 00:00:00+00:00, run_after=2026-08-02 00:00:00+00:00
[2026-07-30T19:24:23.723+0000] {processor.py:208} INFO - Processing /opt/airflow/dags/finascore_pipeline_dag.py took 0.131 seconds
[2026-07-30T19:24:53.843+0000] {processor.py:186} INFO - Started process (PID=909) to work on /opt/airflow/dags/finascore_pipeline_dag.py
[2026-07-30T19:24:53.844+0000] {processor.py:914} INFO - Processing file /opt/airflow/dags/finascore_pipeline_dag.py for tasks to queue
[2026-07-30T19:24:53.845+0000] {logging_mixin.py:190} INFO - [2026-07-30T19:24:53.844+0000] {dagbag.py:588} INFO - Filling up the DagBag from /opt/airflow/dags/finascore_pipeline_dag.py
[2026-07-30T19:24:53.859+0000] {processor.py:925} INFO - DAG(s) 'finascore_ml_pipeline' retrieved from /opt/airflow/dags/finascore_pipeline_dag.py
[2026-07-30T19:24:53.892+0000] {logging_mixin.py:190} INFO - [2026-07-30T19:24:53.891+0000] {dag.py:3239} INFO - Sync 1 DAGs
[2026-07-30T19:24:53.915+0000] {logging_mixin.py:190} INFO - [2026-07-30T19:24:53.914+0000] {dag.py:4180} INFO - Setting next_dagrun for finascore_ml_pipeline to 2026-07-26 00:00:00+00:00, run_after=2026-08-02 00:00:00+00:00
[2026-07-30T19:24:53.930+0000] {processor.py:208} INFO - Processing /opt/airflow/dags/finascore_pipeline_dag.py took 0.094 seconds
[2026-07-30T19:25:24.006+0000] {processor.py:186} INFO - Started process (PID=914) to work on /opt/airflow/dags/finascore_pipeline_dag.py
[2026-07-30T19:25:24.008+0000] {processor.py:914} INFO - Processing file /opt/airflow/dags/finascore_pipeline_dag.py for tasks to queue
[2026-07-30T19:25:24.009+0000] {logging_mixin.py:190} INFO - [2026-07-30T19:25:24.009+0000] {dagbag.py:588} INFO - Filling up the DagBag from /opt/airflow/dags/finascore_pipeline_dag.py
[2026-07-30T19:25:24.024+0000] {processor.py:925} INFO - DAG(s) 'finascore_ml_pipeline' retrieved from /opt/airflow/dags/finascore_pipeline_dag.py
[2026-07-30T19:25:24.061+0000] {logging_mixin.py:190} INFO - [2026-07-30T19:25:24.060+0000] {dag.py:3239} INFO - Sync 1 DAGs
[2026-07-30T19:25:24.084+0000] {logging_mixin.py:190} INFO - [2026-07-30T19:25:24.084+0000] {dag.py:4180} INFO - Setting next_dagrun for finascore_ml_pipeline to 2026-07-26 00:00:00+00:00, run_after=2026-08-02 00:00:00+00:00
[2026-07-30T19:25:24.101+0000] {processor.py:208} INFO - Processing /opt/airflow/dags/finascore_pipeline_dag.py took 0.102 seconds
[2026-07-30T19:25:54.212+0000] {processor.py:186} INFO - Started process (PID=919) to work on /opt/airflow/dags/finascore_pipeline_dag.py
[2026-07-30T19:25:54.213+0000] {processor.py:914} INFO - Processing file /opt/airflow/dags/finascore_pipeline_dag.py for tasks to queue
[2026-07-30T19:25:54.214+0000] {logging_mixin.py:190} INFO - [2026-07-30T19:25:54.214+0000] {dagbag.py:588} INFO - Filling up the DagBag from /opt/airflow/dags/finascore_pipeline_dag.py
[2026-07-30T19:25:54.231+0000] {processor.py:925} INFO - DAG(s) 'finascore_ml_pipeline' retrieved from /opt/airflow/dags/finascore_pipeline_dag.py
[2026-07-30T19:25:54.264+0000] {logging_mixin.py:190} INFO - [2026-07-30T19:25:54.264+0000] {dag.py:3239} INFO - Sync 1 DAGs
[2026-07-30T19:25:54.288+0000] {logging_mixin.py:190} INFO - [2026-07-30T19:25:54.287+0000] {dag.py:4180} INFO - Setting next_dagrun for finascore_ml_pipeline to 2026-07-26 00:00:00+00:00, run_after=2026-08-02 00:00:00+00:00
[2026-07-30T19:25:54.305+0000] {processor.py:208} INFO - Processing /opt/airflow/dags/finascore_pipeline_dag.py took 0.100 seconds
[2026-07-30T19:26:24.381+0000] {processor.py:186} INFO - Started process (PID=924) to work on /opt/airflow/dags/finascore_pipeline_dag.py
[2026-07-30T19:26:24.383+0000] {processor.py:914} INFO - Processing file /opt/airflow/dags/finascore_pipeline_dag.py for tasks to queue
[2026-07-30T19:26:24.385+0000] {logging_mixin.py:190} INFO - [2026-07-30T19:26:24.385+0000] {dagbag.py:588} INFO - Filling up the DagBag from /opt/airflow/dags/finascore_pipeline_dag.py
[2026-07-30T19:26:24.398+0000] {processor.py:925} INFO - DAG(s) 'finascore_ml_pipeline' retrieved from /opt/airflow/dags/finascore_pipeline_dag.py
[2026-07-30T19:26:24.434+0000] {logging_mixin.py:190} INFO - [2026-07-30T19:26:24.434+0000] {dag.py:3239} INFO - Sync 1 DAGs
[2026-07-30T19:26:24.457+0000] {logging_mixin.py:190} INFO - [2026-07-30T19:26:24.457+0000] {dag.py:4180} INFO - Setting next_dagrun for finascore_ml_pipeline to 2026-07-26 00:00:00+00:00, run_after=2026-08-02 00:00:00+00:00
[2026-07-30T19:26:24.474+0000] {processor.py:208} INFO - Processing /opt/airflow/dags/finascore_pipeline_dag.py took 0.100 seconds
[2026-07-30T19:26:54.587+0000] {processor.py:186} INFO - Started process (PID=929) to work on /opt/airflow/dags/finascore_pipeline_dag.py
[2026-07-30T19:26:54.588+0000] {processor.py:914} INFO - Processing file /opt/airflow/dags/finascore_pipeline_dag.py for tasks to queue
[2026-07-30T19:26:54.589+0000] {logging_mixin.py:190} INFO - [2026-07-30T19:26:54.589+0000] {dagbag.py:588} INFO - Filling up the DagBag from /opt/airflow/dags/finascore_pipeline_dag.py
[2026-07-30T19:26:54.604+0000] {processor.py:925} INFO - DAG(s) 'finascore_ml_pipeline' retrieved from /opt/airflow/dags/finascore_pipeline_dag.py
[2026-07-30T19:26:54.637+0000] {logging_mixin.py:190} INFO - [2026-07-30T19:26:54.637+0000] {dag.py:3239} INFO - Sync 1 DAGs
[2026-07-30T19:26:54.661+0000] {logging_mixin.py:190} INFO - [2026-07-30T19:26:54.661+0000] {dag.py:4180} INFO - Setting next_dagrun for finascore_ml_pipeline to 2026-07-26 00:00:00+00:00, run_after=2026-08-02 00:00:00+00:00
[2026-07-30T19:26:54.679+0000] {processor.py:208} INFO - Processing /opt/airflow/dags/finascore_pipeline_dag.py took 0.099 seconds
[2026-07-30T19:27:24.749+0000] {processor.py:186} INFO - Started process (PID=934) to work on /opt/airflow/dags/finascore_pipeline_dag.py
[2026-07-30T19:27:24.751+0000] {processor.py:914} INFO - Processing file /opt/airflow/dags/finascore_pipeline_dag.py for tasks to queue
[2026-07-30T19:27:24.752+0000] {logging_mixin.py:190} INFO - [2026-07-30T19:27:24.751+0000] {dagbag.py:588} INFO - Filling up the DagBag from /opt/airflow/dags/finascore_pipeline_dag.py
[2026-07-30T19:27:24.766+0000] {processor.py:925} INFO - DAG(s) 'finascore_ml_pipeline' retrieved from /opt/airflow/dags/finascore_pipeline_dag.py
[2026-07-30T19:27:24.799+0000] {logging_mixin.py:190} INFO - [2026-07-30T19:27:24.798+0000] {dag.py:3239} INFO - Sync 1 DAGs
[2026-07-30T19:27:24.823+0000] {logging_mixin.py:190} INFO - [2026-07-30T19:27:24.823+0000] {dag.py:4180} INFO - Setting next_dagrun for finascore_ml_pipeline to 2026-07-26 00:00:00+00:00, run_after=2026-08-02 00:00:00+00:00
[2026-07-30T19:27:24.840+0000] {processor.py:208} INFO - Processing /opt/airflow/dags/finascore_pipeline_dag.py took 0.099 seconds
[2026-07-30T19:27:54.975+0000] {processor.py:186} INFO - Started process (PID=939) to work on /opt/airflow/dags/finascore_pipeline_dag.py
[2026-07-30T19:27:54.976+0000] {processor.py:914} INFO - Processing file /opt/airflow/dags/finascore_pipeline_dag.py for tasks to queue
[2026-07-30T19:27:54.977+0000] {logging_mixin.py:190} INFO - [2026-07-30T19:27:54.976+0000] {dagbag.py:588} INFO - Filling up the DagBag from /opt/airflow/dags/finascore_pipeline_dag.py
[2026-07-30T19:27:54.993+0000] {processor.py:925} INFO - DAG(s) 'finascore_ml_pipeline' retrieved from /opt/airflow/dags/finascore_pipeline_dag.py
[2026-07-30T19:27:55.025+0000] {logging_mixin.py:190} INFO - [2026-07-30T19:27:55.025+0000] {dag.py:3239} INFO - Sync 1 DAGs
[2026-07-30T19:27:55.049+0000] {logging_mixin.py:190} INFO - [2026-07-30T19:27:55.049+0000] {dag.py:4180} INFO - Setting next_dagrun for finascore_ml_pipeline to 2026-07-26 00:00:00+00:00, run_after=2026-08-02 00:00:00+00:00
[2026-07-30T19:27:55.066+0000] {processor.py:208} INFO - Processing /opt/airflow/dags/finascore_pipeline_dag.py took 0.099 seconds
[2026-07-30T19:28:25.115+0000] {processor.py:186} INFO - Started process (PID=944) to work on /opt/airflow/dags/finascore_pipeline_dag.py
[2026-07-30T19:28:25.117+0000] {processor.py:914} INFO - Processing file /opt/airflow/dags/finascore_pipeline_dag.py for tasks to queue
[2026-07-30T19:28:25.118+0000] {logging_mixin.py:190} INFO - [2026-07-30T19:28:25.118+0000] {dagbag.py:588} INFO - Filling up the DagBag from /opt/airflow/dags/finascore_pipeline_dag.py
[2026-07-30T19:28:25.132+0000] {processor.py:925} INFO - DAG(s) 'finascore_ml_pipeline' retrieved from /opt/airflow/dags/finascore_pipeline_dag.py
[2026-07-30T19:28:25.167+0000] {logging_mixin.py:190} INFO - [2026-07-30T19:28:25.167+0000] {dag.py:3239} INFO - Sync 1 DAGs
[2026-07-30T19:28:25.195+0000] {logging_mixin.py:190} INFO - [2026-07-30T19:28:25.194+0000] {dag.py:4180} INFO - Setting next_dagrun for finascore_ml_pipeline to 2026-07-26 00:00:00+00:00, run_after=2026-08-02 00:00:00+00:00
[2026-07-30T19:28:25.210+0000] {processor.py:208} INFO - Processing /opt/airflow/dags/finascore_pipeline_dag.py took 0.102 seconds
[2026-07-30T19:28:55.348+0000] {processor.py:186} INFO - Started process (PID=949) to work on /opt/airflow/dags/finascore_pipeline_dag.py
[2026-07-30T19:28:55.349+0000] {processor.py:914} INFO - Processing file /opt/airflow/dags/finascore_pipeline_dag.py for tasks to queue
[2026-07-30T19:28:55.350+0000] {logging_mixin.py:190} INFO - [2026-07-30T19:28:55.349+0000] {dagbag.py:588} INFO - Filling up the DagBag from /opt/airflow/dags/finascore_pipeline_dag.py
[2026-07-30T19:28:55.364+0000] {processor.py:925} INFO - DAG(s) 'finascore_ml_pipeline' retrieved from /opt/airflow/dags/finascore_pipeline_dag.py
[2026-07-30T19:28:55.399+0000] {logging_mixin.py:190} INFO - [2026-07-30T19:28:55.399+0000] {dag.py:3239} INFO - Sync 1 DAGs
[2026-07-30T19:28:55.427+0000] {logging_mixin.py:190} INFO - [2026-07-30T19:28:55.427+0000] {dag.py:4180} INFO - Setting next_dagrun for finascore_ml_pipeline to 2026-07-26 00:00:00+00:00, run_after=2026-08-02 00:00:00+00:00
[2026-07-30T19:28:55.449+0000] {processor.py:208} INFO - Processing /opt/airflow/dags/finascore_pipeline_dag.py took 0.108 seconds
[2026-07-30T19:29:25.503+0000] {processor.py:186} INFO - Started process (PID=954) to work on /opt/airflow/dags/finascore_pipeline_dag.py
[2026-07-30T19:29:25.504+0000] {processor.py:914} INFO - Processing file /opt/airflow/dags/finascore_pipeline_dag.py for tasks to queue
[2026-07-30T19:29:25.506+0000] {logging_mixin.py:190} INFO - [2026-07-30T19:29:25.506+0000] {dagbag.py:588} INFO - Filling up the DagBag from /opt/airflow/dags/finascore_pipeline_dag.py
[2026-07-30T19:29:25.540+0000] {processor.py:925} INFO - DAG(s) 'finascore_ml_pipeline' retrieved from /opt/airflow/dags/finascore_pipeline_dag.py
[2026-07-30T19:29:25.599+0000] {logging_mixin.py:190} INFO - [2026-07-30T19:29:25.599+0000] {dag.py:3239} INFO - Sync 1 DAGs
[2026-07-30T19:29:25.637+0000] {logging_mixin.py:190} INFO - [2026-07-30T19:29:25.636+0000] {dag.py:4180} INFO - Setting next_dagrun for finascore_ml_pipeline to 2026-07-26 00:00:00+00:00, run_after=2026-08-02 00:00:00+00:00
[2026-07-30T19:29:25.657+0000] {processor.py:208} INFO - Processing /opt/airflow/dags/finascore_pipeline_dag.py took 0.166 seconds
[2026-07-30T19:29:55.742+0000] {processor.py:186} INFO - Started process (PID=959) to work on /opt/airflow/dags/finascore_pipeline_dag.py
[2026-07-30T19:29:55.744+0000] {processor.py:914} INFO - Processing file /opt/airflow/dags/finascore_pipeline_dag.py for tasks to queue
[2026-07-30T19:29:55.745+0000] {logging_mixin.py:190} INFO - [2026-07-30T19:29:55.744+0000] {dagbag.py:588} INFO - Filling up the DagBag from /opt/airflow/dags/finascore_pipeline_dag.py
[2026-07-30T19:29:55.761+0000] {processor.py:925} INFO - DAG(s) 'finascore_ml_pipeline' retrieved from /opt/airflow/dags/finascore_pipeline_dag.py
[2026-07-30T19:29:55.823+0000] {logging_mixin.py:190} INFO - [2026-07-30T19:29:55.822+0000] {dag.py:3239} INFO - Sync 1 DAGs
[2026-07-30T19:29:55.853+0000] {logging_mixin.py:190} INFO - [2026-07-30T19:29:55.853+0000] {dag.py:4180} INFO - Setting next_dagrun for finascore_ml_pipeline to 2026-07-26 00:00:00+00:00, run_after=2026-08-02 00:00:00+00:00
[2026-07-30T19:29:55.875+0000] {processor.py:208} INFO - Processing /opt/airflow/dags/finascore_pipeline_dag.py took 0.141 seconds
[2026-07-30T19:30:25.961+0000] {processor.py:186} INFO - Started process (PID=964) to work on /opt/airflow/dags/finascore_pipeline_dag.py
[2026-07-30T19:30:25.963+0000] {processor.py:914} INFO - Processing file /opt/airflow/dags/finascore_pipeline_dag.py for tasks to queue
[2026-07-30T19:30:25.964+0000] {logging_mixin.py:190} INFO - [2026-07-30T19:30:25.964+0000] {dagbag.py:588} INFO - Filling up the DagBag from /opt/airflow/dags/finascore_pipeline_dag.py
[2026-07-30T19:30:25.980+0000] {processor.py:925} INFO - DAG(s) 'finascore_ml_pipeline' retrieved from /opt/airflow/dags/finascore_pipeline_dag.py
[2026-07-30T19:30:26.014+0000] {logging_mixin.py:190} INFO - [2026-07-30T19:30:26.014+0000] {dag.py:3239} INFO - Sync 1 DAGs
[2026-07-30T19:30:26.040+0000] {logging_mixin.py:190} INFO - [2026-07-30T19:30:26.039+0000] {dag.py:4180} INFO - Setting next_dagrun for finascore_ml_pipeline to 2026-07-26 00:00:00+00:00, run_after=2026-08-02 00:00:00+00:00
[2026-07-30T19:30:26.055+0000] {processor.py:208} INFO - Processing /opt/airflow/dags/finascore_pipeline_dag.py took 0.102 seconds
[2026-07-30T19:30:56.162+0000] {processor.py:186} INFO - Started process (PID=969) to work on /opt/airflow/dags/finascore_pipeline_dag.py
[2026-07-30T19:30:56.172+0000] {processor.py:914} INFO - Processing file /opt/airflow/dags/finascore_pipeline_dag.py for tasks to queue
[2026-07-30T19:30:56.174+0000] {logging_mixin.py:190} INFO - [2026-07-30T19:30:56.173+0000] {dagbag.py:588} INFO - Filling up the DagBag from /opt/airflow/dags/finascore_pipeline_dag.py
[2026-07-30T19:30:56.190+0000] {processor.py:925} INFO - DAG(s) 'finascore_ml_pipeline' retrieved from /opt/airflow/dags/finascore_pipeline_dag.py
[2026-07-30T19:30:56.230+0000] {logging_mixin.py:190} INFO - [2026-07-30T19:30:56.230+0000] {dag.py:3239} INFO - Sync 1 DAGs
[2026-07-30T19:30:56.257+0000] {logging_mixin.py:190} INFO - [2026-07-30T19:30:56.257+0000] {dag.py:4180} INFO - Setting next_dagrun for finascore_ml_pipeline to 2026-07-26 00:00:00+00:00, run_after=2026-08-02 00:00:00+00:00
[2026-07-30T19:30:56.278+0000] {processor.py:208} INFO - Processing /opt/airflow/dags/finascore_pipeline_dag.py took 0.124 seconds
[2026-07-30T19:31:26.388+0000] {processor.py:186} INFO - Started process (PID=974) to work on /opt/airflow/dags/finascore_pipeline_dag.py
[2026-07-30T19:31:26.391+0000] {processor.py:914} INFO - Processing file /opt/airflow/dags/finascore_pipeline_dag.py for tasks to queue
[2026-07-30T19:31:26.395+0000] {logging_mixin.py:190} INFO - [2026-07-30T19:31:26.392+0000] {dagbag.py:588} INFO - Filling up the DagBag from /opt/airflow/dags/finascore_pipeline_dag.py
[2026-07-30T19:31:26.438+0000] {processor.py:925} INFO - DAG(s) 'finascore_ml_pipeline' retrieved from /opt/airflow/dags/finascore_pipeline_dag.py
[2026-07-30T19:31:26.499+0000] {logging_mixin.py:190} INFO - [2026-07-30T19:31:26.498+0000] {dag.py:3239} INFO - Sync 1 DAGs
[2026-07-30T19:31:26.558+0000] {logging_mixin.py:190} INFO - [2026-07-30T19:31:26.557+0000] {dag.py:4180} INFO - Setting next_dagrun for finascore_ml_pipeline to 2026-07-26 00:00:00+00:00, run_after=2026-08-02 00:00:00+00:00
[2026-07-30T19:31:26.591+0000] {processor.py:208} INFO - Processing /opt/airflow/dags/finascore_pipeline_dag.py took 0.219 seconds
[2026-07-30T19:31:56.641+0000] {processor.py:186} INFO - Started process (PID=979) to work on /opt/airflow/dags/finascore_pipeline_dag.py
[2026-07-30T19:31:56.642+0000] {processor.py:914} INFO - Processing file /opt/airflow/dags/finascore_pipeline_dag.py for tasks to queue
[2026-07-30T19:31:56.644+0000] {logging_mixin.py:190} INFO - [2026-07-30T19:31:56.643+0000] {dagbag.py:588} INFO - Filling up the DagBag from /opt/airflow/dags/finascore_pipeline_dag.py
[2026-07-30T19:31:56.671+0000] {processor.py:925} INFO - DAG(s) 'finascore_ml_pipeline' retrieved from /opt/airflow/dags/finascore_pipeline_dag.py
[2026-07-30T19:31:56.725+0000] {logging_mixin.py:190} INFO - [2026-07-30T19:31:56.724+0000] {dag.py:3239} INFO - Sync 1 DAGs
[2026-07-30T19:31:56.769+0000] {logging_mixin.py:190} INFO - [2026-07-30T19:31:56.768+0000] {dag.py:4180} INFO - Setting next_dagrun for finascore_ml_pipeline to 2026-07-26 00:00:00+00:00, run_after=2026-08-02 00:00:00+00:00
[2026-07-30T19:31:56.800+0000] {processor.py:208} INFO - Processing /opt/airflow/dags/finascore_pipeline_dag.py took 0.169 seconds
[2026-07-30T19:32:26.943+0000] {processor.py:186} INFO - Started process (PID=984) to work on /opt/airflow/dags/finascore_pipeline_dag.py
[2026-07-30T19:32:26.945+0000] {processor.py:914} INFO - Processing file /opt/airflow/dags/finascore_pipeline_dag.py for tasks to queue
[2026-07-30T19:32:26.946+0000] {logging_mixin.py:190} INFO - [2026-07-30T19:32:26.945+0000] {dagbag.py:588} INFO - Filling up the DagBag from /opt/airflow/dags/finascore_pipeline_dag.py
[2026-07-30T19:32:26.967+0000] {processor.py:925} INFO - DAG(s) 'finascore_ml_pipeline' retrieved from /opt/airflow/dags/finascore_pipeline_dag.py
[2026-07-30T19:32:27.008+0000] {logging_mixin.py:190} INFO - [2026-07-30T19:32:27.008+0000] {dag.py:3239} INFO - Sync 1 DAGs
[2026-07-30T19:32:27.036+0000] {logging_mixin.py:190} INFO - [2026-07-30T19:32:27.036+0000] {dag.py:4180} INFO - Setting next_dagrun for finascore_ml_pipeline to 2026-07-26 00:00:00+00:00, run_after=2026-08-02 00:00:00+00:00
[2026-07-30T19:32:27.054+0000] {processor.py:208} INFO - Processing /opt/airflow/dags/finascore_pipeline_dag.py took 0.118 seconds
[2026-07-30T19:32:57.249+0000] {processor.py:186} INFO - Started process (PID=989) to work on /opt/airflow/dags/finascore_pipeline_dag.py
[2026-07-30T19:32:57.252+0000] {processor.py:914} INFO - Processing file /opt/airflow/dags/finascore_pipeline_dag.py for tasks to queue
[2026-07-30T19:32:57.253+0000] {logging_mixin.py:190} INFO - [2026-07-30T19:32:57.253+0000] {dagbag.py:588} INFO - Filling up the DagBag from /opt/airflow/dags/finascore_pipeline_dag.py
[2026-07-30T19:32:57.286+0000] {processor.py:925} INFO - DAG(s) 'finascore_ml_pipeline' retrieved from /opt/airflow/dags/finascore_pipeline_dag.py
[2026-07-30T19:32:57.357+0000] {logging_mixin.py:190} INFO - [2026-07-30T19:32:57.356+0000] {dag.py:3239} INFO - Sync 1 DAGs
[2026-07-30T19:32:57.400+0000] {logging_mixin.py:190} INFO - [2026-07-30T19:32:57.400+0000] {dag.py:4180} INFO - Setting next_dagrun for finascore_ml_pipeline to 2026-07-26 00:00:00+00:00, run_after=2026-08-02 00:00:00+00:00
[2026-07-30T19:32:57.427+0000] {processor.py:208} INFO - Processing /opt/airflow/dags/finascore_pipeline_dag.py took 0.191 seconds
[2026-07-30T19:33:27.643+0000] {processor.py:186} INFO - Started process (PID=994) to work on /opt/airflow/dags/finascore_pipeline_dag.py
[2026-07-30T19:33:27.644+0000] {processor.py:914} INFO - Processing file /opt/airflow/dags/finascore_pipeline_dag.py for tasks to queue
[2026-07-30T19:33:27.646+0000] {logging_mixin.py:190} INFO - [2026-07-30T19:33:27.645+0000] {dagbag.py:588} INFO - Filling up the DagBag from /opt/airflow/dags/finascore_pipeline_dag.py
[2026-07-30T19:33:27.663+0000] {processor.py:925} INFO - DAG(s) 'finascore_ml_pipeline' retrieved from /opt/airflow/dags/finascore_pipeline_dag.py
[2026-07-30T19:33:27.701+0000] {logging_mixin.py:190} INFO - [2026-07-30T19:33:27.701+0000] {dag.py:3239} INFO - Sync 1 DAGs
[2026-07-30T19:33:27.729+0000] {logging_mixin.py:190} INFO - [2026-07-30T19:33:27.729+0000] {dag.py:4180} INFO - Setting next_dagrun for finascore_ml_pipeline to 2026-07-26 00:00:00+00:00, run_after=2026-08-02 00:00:00+00:00
[2026-07-30T19:33:27.744+0000] {processor.py:208} INFO - Processing /opt/airflow/dags/finascore_pipeline_dag.py took 0.111 seconds
[2026-07-30T19:33:57.784+0000] {processor.py:186} INFO - Started process (PID=999) to work on /opt/airflow/dags/finascore_pipeline_dag.py
[2026-07-30T19:33:57.785+0000] {processor.py:914} INFO - Processing file /opt/airflow/dags/finascore_pipeline_dag.py for tasks to queue
[2026-07-30T19:33:57.787+0000] {logging_mixin.py:190} INFO - [2026-07-30T19:33:57.786+0000] {dagbag.py:588} INFO - Filling up the DagBag from /opt/airflow/dags/finascore_pipeline_dag.py
[2026-07-30T19:33:57.807+0000] {processor.py:925} INFO - DAG(s) 'finascore_ml_pipeline' retrieved from /opt/airflow/dags/finascore_pipeline_dag.py
[2026-07-30T19:33:57.861+0000] {logging_mixin.py:190} INFO - [2026-07-30T19:33:57.860+0000] {dag.py:3239} INFO - Sync 1 DAGs
[2026-07-30T19:33:57.890+0000] {logging_mixin.py:190} INFO - [2026-07-30T19:33:57.890+0000] {dag.py:4180} INFO - Setting next_dagrun for finascore_ml_pipeline to 2026-07-26 00:00:00+00:00, run_after=2026-08-02 00:00:00+00:00
[2026-07-30T19:33:57.908+0000] {processor.py:208} INFO - Processing /opt/airflow/dags/finascore_pipeline_dag.py took 0.132 seconds
[2026-07-30T19:34:28.114+0000] {processor.py:186} INFO - Started process (PID=1004) to work on /opt/airflow/dags/finascore_pipeline_dag.py
[2026-07-30T19:34:28.116+0000] {processor.py:914} INFO - Processing file /opt/airflow/dags/finascore_pipeline_dag.py for tasks to queue
[2026-07-30T19:34:28.117+0000] {logging_mixin.py:190} INFO - [2026-07-30T19:34:28.117+0000] {dagbag.py:588} INFO - Filling up the DagBag from /opt/airflow/dags/finascore_pipeline_dag.py
[2026-07-30T19:34:28.139+0000] {processor.py:925} INFO - DAG(s) 'finascore_ml_pipeline' retrieved from /opt/airflow/dags/finascore_pipeline_dag.py
[2026-07-30T19:34:28.193+0000] {logging_mixin.py:190} INFO - [2026-07-30T19:34:28.192+0000] {dag.py:3239} INFO - Sync 1 DAGs
[2026-07-30T19:34:28.259+0000] {logging_mixin.py:190} INFO - [2026-07-30T19:34:28.258+0000] {dag.py:4180} INFO - Setting next_dagrun for finascore_ml_pipeline to 2026-07-26 00:00:00+00:00, run_after=2026-08-02 00:00:00+00:00
[2026-07-30T19:34:28.308+0000] {processor.py:208} INFO - Processing /opt/airflow/dags/finascore_pipeline_dag.py took 0.204 seconds
[2026-07-30T19:34:58.509+0000] {processor.py:186} INFO - Started process (PID=1009) to work on /opt/airflow/dags/finascore_pipeline_dag.py
[2026-07-30T19:34:58.512+0000] {processor.py:914} INFO - Processing file /opt/airflow/dags/finascore_pipeline_dag.py for tasks to queue
[2026-07-30T19:34:58.515+0000] {logging_mixin.py:190} INFO - [2026-07-30T19:34:58.514+0000] {dagbag.py:588} INFO - Filling up the DagBag from /opt/airflow/dags/finascore_pipeline_dag.py
[2026-07-30T19:34:58.537+0000] {processor.py:925} INFO - DAG(s) 'finascore_ml_pipeline' retrieved from /opt/airflow/dags/finascore_pipeline_dag.py
[2026-07-30T19:34:58.583+0000] {logging_mixin.py:190} INFO - [2026-07-30T19:34:58.583+0000] {dag.py:3239} INFO - Sync 1 DAGs
[2026-07-30T19:34:58.612+0000] {logging_mixin.py:190} INFO - [2026-07-30T19:34:58.612+0000] {dag.py:4180} INFO - Setting next_dagrun for finascore_ml_pipeline to 2026-07-26 00:00:00+00:00, run_after=2026-08-02 00:00:00+00:00
[2026-07-30T19:34:58.636+0000] {processor.py:208} INFO - Processing /opt/airflow/dags/finascore_pipeline_dag.py took 0.135 seconds
[2026-07-30T19:35:28.695+0000] {processor.py:186} INFO - Started process (PID=1014) to work on /opt/airflow/dags/finascore_pipeline_dag.py
[2026-07-30T19:35:28.697+0000] {processor.py:914} INFO - Processing file /opt/airflow/dags/finascore_pipeline_dag.py for tasks to queue
[2026-07-30T19:35:28.698+0000] {logging_mixin.py:190} INFO - [2026-07-30T19:35:28.697+0000] {dagbag.py:588} INFO - Filling up the DagBag from /opt/airflow/dags/finascore_pipeline_dag.py
[2026-07-30T19:35:28.717+0000] {processor.py:925} INFO - DAG(s) 'finascore_ml_pipeline' retrieved from /opt/airflow/dags/finascore_pipeline_dag.py
[2026-07-30T19:35:28.761+0000] {logging_mixin.py:190} INFO - [2026-07-30T19:35:28.761+0000] {dag.py:3239} INFO - Sync 1 DAGs
[2026-07-30T19:35:28.793+0000] {logging_mixin.py:190} INFO - [2026-07-30T19:35:28.793+0000] {dag.py:4180} INFO - Setting next_dagrun for finascore_ml_pipeline to 2026-07-26 00:00:00+00:00, run_after=2026-08-02 00:00:00+00:00
[2026-07-30T19:35:28.817+0000] {processor.py:208} INFO - Processing /opt/airflow/dags/finascore_pipeline_dag.py took 0.132 seconds
[2026-07-30T19:35:59.039+0000] {processor.py:186} INFO - Started process (PID=1019) to work on /opt/airflow/dags/finascore_pipeline_dag.py
[2026-07-30T19:35:59.040+0000] {processor.py:914} INFO - Processing file /opt/airflow/dags/finascore_pipeline_dag.py for tasks to queue
[2026-07-30T19:35:59.041+0000] {logging_mixin.py:190} INFO - [2026-07-30T19:35:59.041+0000] {dagbag.py:588} INFO - Filling up the DagBag from /opt/airflow/dags/finascore_pipeline_dag.py
[2026-07-30T19:35:59.061+0000] {processor.py:925} INFO - DAG(s) 'finascore_ml_pipeline' retrieved from /opt/airflow/dags/finascore_pipeline_dag.py
[2026-07-30T19:35:59.108+0000] {logging_mixin.py:190} INFO - [2026-07-30T19:35:59.108+0000] {dag.py:3239} INFO - Sync 1 DAGs
[2026-07-30T19:35:59.142+0000] {logging_mixin.py:190} INFO - [2026-07-30T19:35:59.142+0000] {dag.py:4180} INFO - Setting next_dagrun for finascore_ml_pipeline to 2026-07-26 00:00:00+00:00, run_after=2026-08-02 00:00:00+00:00
[2026-07-30T19:35:59.162+0000] {processor.py:208} INFO - Processing /opt/airflow/dags/finascore_pipeline_dag.py took 0.135 seconds
[2026-07-30T19:36:29.239+0000] {processor.py:186} INFO - Started process (PID=1024) to work on /opt/airflow/dags/finascore_pipeline_dag.py
[2026-07-30T19:36:29.244+0000] {processor.py:914} INFO - Processing file /opt/airflow/dags/finascore_pipeline_dag.py for tasks to queue
[2026-07-30T19:36:29.246+0000] {logging_mixin.py:190} INFO - [2026-07-30T19:36:29.245+0000] {dagbag.py:588} INFO - Filling up the DagBag from /opt/airflow/dags/finascore_pipeline_dag.py
[2026-07-30T19:36:29.289+0000] {processor.py:925} INFO - DAG(s) 'finascore_ml_pipeline' retrieved from /opt/airflow/dags/finascore_pipeline_dag.py
[2026-07-30T19:36:29.378+0000] {logging_mixin.py:190} INFO - [2026-07-30T19:36:29.377+0000] {dag.py:3239} INFO - Sync 1 DAGs
[2026-07-30T19:36:29.450+0000] {logging_mixin.py:190} INFO - [2026-07-30T19:36:29.449+0000] {dag.py:4180} INFO - Setting next_dagrun for finascore_ml_pipeline to 2026-07-26 00:00:00+00:00, run_after=2026-08-02 00:00:00+00:00
[2026-07-30T19:36:29.493+0000] {processor.py:208} INFO - Processing /opt/airflow/dags/finascore_pipeline_dag.py took 0.271 seconds
[2026-07-30T19:36:59.589+0000] {processor.py:186} INFO - Started process (PID=1029) to work on /opt/airflow/dags/finascore_pipeline_dag.py
[2026-07-30T19:36:59.590+0000] {processor.py:914} INFO - Processing file /opt/airflow/dags/finascore_pipeline_dag.py for tasks to queue
[2026-07-30T19:36:59.595+0000] {logging_mixin.py:190} INFO - [2026-07-30T19:36:59.592+0000] {dagbag.py:588} INFO - Filling up the DagBag from /opt/airflow/dags/finascore_pipeline_dag.py
[2026-07-30T19:36:59.630+0000] {processor.py:925} INFO - DAG(s) 'finascore_ml_pipeline' retrieved from /opt/airflow/dags/finascore_pipeline_dag.py
[2026-07-30T19:36:59.686+0000] {logging_mixin.py:190} INFO - [2026-07-30T19:36:59.686+0000] {dag.py:3239} INFO - Sync 1 DAGs
[2026-07-30T19:36:59.735+0000] {logging_mixin.py:190} INFO - [2026-07-30T19:36:59.734+0000] {dag.py:4180} INFO - Setting next_dagrun for finascore_ml_pipeline to 2026-07-26 00:00:00+00:00, run_after=2026-08-02 00:00:00+00:00
[2026-07-30T19:36:59.759+0000] {processor.py:208} INFO - Processing /opt/airflow/dags/finascore_pipeline_dag.py took 0.193 seconds
[2026-07-30T19:37:29.946+0000] {processor.py:186} INFO - Started process (PID=1034) to work on /opt/airflow/dags/finascore_pipeline_dag.py
[2026-07-30T19:37:29.948+0000] {processor.py:914} INFO - Processing file /opt/airflow/dags/finascore_pipeline_dag.py for tasks to queue
[2026-07-30T19:37:29.949+0000] {logging_mixin.py:190} INFO - [2026-07-30T19:37:29.949+0000] {dagbag.py:588} INFO - Filling up the DagBag from /opt/airflow/dags/finascore_pipeline_dag.py
[2026-07-30T19:37:29.975+0000] {processor.py:925} INFO - DAG(s) 'finascore_ml_pipeline' retrieved from /opt/airflow/dags/finascore_pipeline_dag.py
[2026-07-30T19:37:30.047+0000] {logging_mixin.py:190} INFO - [2026-07-30T19:37:30.046+0000] {dag.py:3239} INFO - Sync 1 DAGs
[2026-07-30T19:37:30.150+0000] {logging_mixin.py:190} INFO - [2026-07-30T19:37:30.150+0000] {dag.py:4180} INFO - Setting next_dagrun for finascore_ml_pipeline to 2026-07-26 00:00:00+00:00, run_after=2026-08-02 00:00:00+00:00
[2026-07-30T19:37:30.186+0000] {processor.py:208} INFO - Processing /opt/airflow/dags/finascore_pipeline_dag.py took 0.252 seconds
[2026-07-30T19:38:00.393+0000] {processor.py:186} INFO - Started process (PID=1039) to work on /opt/airflow/dags/finascore_pipeline_dag.py
[2026-07-30T19:38:00.395+0000] {processor.py:914} INFO - Processing file /opt/airflow/dags/finascore_pipeline_dag.py for tasks to queue
[2026-07-30T19:38:00.401+0000] {logging_mixin.py:190} INFO - [2026-07-30T19:38:00.398+0000] {dagbag.py:588} INFO - Filling up the DagBag from /opt/airflow/dags/finascore_pipeline_dag.py
[2026-07-30T19:38:00.430+0000] {processor.py:925} INFO - DAG(s) 'finascore_ml_pipeline' retrieved from /opt/airflow/dags/finascore_pipeline_dag.py
[2026-07-30T19:38:00.474+0000] {logging_mixin.py:190} INFO - [2026-07-30T19:38:00.474+0000] {dag.py:3239} INFO - Sync 1 DAGs
[2026-07-30T19:38:00.503+0000] {logging_mixin.py:190} INFO - [2026-07-30T19:38:00.502+0000] {dag.py:4180} INFO - Setting next_dagrun for finascore_ml_pipeline to 2026-07-26 00:00:00+00:00, run_after=2026-08-02 00:00:00+00:00
[2026-07-30T19:38:00.522+0000] {processor.py:208} INFO - Processing /opt/airflow/dags/finascore_pipeline_dag.py took 0.149 seconds
[2026-07-30T19:38:30.697+0000] {processor.py:186} INFO - Started process (PID=1044) to work on /opt/airflow/dags/finascore_pipeline_dag.py
[2026-07-30T19:38:30.699+0000] {processor.py:914} INFO - Processing file /opt/airflow/dags/finascore_pipeline_dag.py for tasks to queue
[2026-07-30T19:38:30.700+0000] {logging_mixin.py:190} INFO - [2026-07-30T19:38:30.700+0000] {dagbag.py:588} INFO - Filling up the DagBag from /opt/airflow/dags/finascore_pipeline_dag.py
[2026-07-30T19:38:30.715+0000] {processor.py:925} INFO - DAG(s) 'finascore_ml_pipeline' retrieved from /opt/airflow/dags/finascore_pipeline_dag.py
[2026-07-30T19:38:30.753+0000] {logging_mixin.py:190} INFO - [2026-07-30T19:38:30.753+0000] {dag.py:3239} INFO - Sync 1 DAGs
[2026-07-30T19:38:30.786+0000] {logging_mixin.py:190} INFO - [2026-07-30T19:38:30.786+0000] {dag.py:4180} INFO - Setting next_dagrun for finascore_ml_pipeline to 2026-07-26 00:00:00+00:00, run_after=2026-08-02 00:00:00+00:00
[2026-07-30T19:38:30.808+0000] {processor.py:208} INFO - Processing /opt/airflow/dags/finascore_pipeline_dag.py took 0.123 seconds
[2026-07-30T19:39:00.898+0000] {processor.py:186} INFO - Started process (PID=1049) to work on /opt/airflow/dags/finascore_pipeline_dag.py
[2026-07-30T19:39:00.899+0000] {processor.py:914} INFO - Processing file /opt/airflow/dags/finascore_pipeline_dag.py for tasks to queue
[2026-07-30T19:39:00.900+0000] {logging_mixin.py:190} INFO - [2026-07-30T19:39:00.900+0000] {dagbag.py:588} INFO - Filling up the DagBag from /opt/airflow/dags/finascore_pipeline_dag.py
[2026-07-30T19:39:00.924+0000] {processor.py:925} INFO - DAG(s) 'finascore_ml_pipeline' retrieved from /opt/airflow/dags/finascore_pipeline_dag.py
[2026-07-30T19:39:00.968+0000] {logging_mixin.py:190} INFO - [2026-07-30T19:39:00.968+0000] {dag.py:3239} INFO - Sync 1 DAGs
[2026-07-30T19:39:01.006+0000] {logging_mixin.py:190} INFO - [2026-07-30T19:39:01.005+0000] {dag.py:4180} INFO - Setting next_dagrun for finascore_ml_pipeline to 2026-07-26 00:00:00+00:00, run_after=2026-08-02 00:00:00+00:00
[2026-07-30T19:39:01.031+0000] {processor.py:208} INFO - Processing /opt/airflow/dags/finascore_pipeline_dag.py took 0.141 seconds
[2026-07-30T19:39:31.203+0000] {processor.py:186} INFO - Started process (PID=1054) to work on /opt/airflow/dags/finascore_pipeline_dag.py
[2026-07-30T19:39:31.205+0000] {processor.py:914} INFO - Processing file /opt/airflow/dags/finascore_pipeline_dag.py for tasks to queue
[2026-07-30T19:39:31.207+0000] {logging_mixin.py:190} INFO - [2026-07-30T19:39:31.206+0000] {dagbag.py:588} INFO - Filling up the DagBag from /opt/airflow/dags/finascore_pipeline_dag.py
[2026-07-30T19:39:31.233+0000] {processor.py:925} INFO - DAG(s) 'finascore_ml_pipeline' retrieved from /opt/airflow/dags/finascore_pipeline_dag.py
[2026-07-30T19:39:31.270+0000] {logging_mixin.py:190} INFO - [2026-07-30T19:39:31.270+0000] {dag.py:3239} INFO - Sync 1 DAGs
[2026-07-30T19:39:31.303+0000] {logging_mixin.py:190} INFO - [2026-07-30T19:39:31.303+0000] {dag.py:4180} INFO - Setting next_dagrun for finascore_ml_pipeline to 2026-07-26 00:00:00+00:00, run_after=2026-08-02 00:00:00+00:00
[2026-07-30T19:39:31.327+0000] {processor.py:208} INFO - Processing /opt/airflow/dags/finascore_pipeline_dag.py took 0.132 seconds
[2026-07-30T19:40:01.415+0000] {processor.py:186} INFO - Started process (PID=1059) to work on /opt/airflow/dags/finascore_pipeline_dag.py
[2026-07-30T19:40:01.416+0000] {processor.py:914} INFO - Processing file /opt/airflow/dags/finascore_pipeline_dag.py for tasks to queue
[2026-07-30T19:40:01.417+0000] {logging_mixin.py:190} INFO - [2026-07-30T19:40:01.417+0000] {dagbag.py:588} INFO - Filling up the DagBag from /opt/airflow/dags/finascore_pipeline_dag.py
[2026-07-30T19:40:01.440+0000] {processor.py:925} INFO - DAG(s) 'finascore_ml_pipeline' retrieved from /opt/airflow/dags/finascore_pipeline_dag.py
[2026-07-30T19:40:01.483+0000] {logging_mixin.py:190} INFO - [2026-07-30T19:40:01.483+0000] {dag.py:3239} INFO - Sync 1 DAGs
[2026-07-30T19:40:01.518+0000] {logging_mixin.py:190} INFO - [2026-07-30T19:40:01.517+0000] {dag.py:4180} INFO - Setting next_dagrun for finascore_ml_pipeline to 2026-07-26 00:00:00+00:00, run_after=2026-08-02 00:00:00+00:00
[2026-07-30T19:40:01.538+0000] {processor.py:208} INFO - Processing /opt/airflow/dags/finascore_pipeline_dag.py took 0.136 seconds
[2026-07-30T19:40:31.764+0000] {processor.py:186} INFO - Started process (PID=1064) to work on /opt/airflow/dags/finascore_pipeline_dag.py
[2026-07-30T19:40:31.768+0000] {processor.py:914} INFO - Processing file /opt/airflow/dags/finascore_pipeline_dag.py for tasks to queue
[2026-07-30T19:40:31.776+0000] {logging_mixin.py:190} INFO - [2026-07-30T19:40:31.775+0000] {dagbag.py:588} INFO - Filling up the DagBag from /opt/airflow/dags/finascore_pipeline_dag.py
[2026-07-30T19:40:31.835+0000] {processor.py:925} INFO - DAG(s) 'finascore_ml_pipeline' retrieved from /opt/airflow/dags/finascore_pipeline_dag.py
[2026-07-30T19:40:31.898+0000] {logging_mixin.py:190} INFO - [2026-07-30T19:40:31.897+0000] {dag.py:3239} INFO - Sync 1 DAGs
[2026-07-30T19:40:31.936+0000] {logging_mixin.py:190} INFO - [2026-07-30T19:40:31.935+0000] {dag.py:4180} INFO - Setting next_dagrun for finascore_ml_pipeline to 2026-07-26 00:00:00+00:00, run_after=2026-08-02 00:00:00+00:00
[2026-07-30T19:40:31.986+0000] {processor.py:208} INFO - Processing /opt/airflow/dags/finascore_pipeline_dag.py took 0.237 seconds
