[2026-08-02T00:00:24.942+0000] {processor.py:186} INFO - Started process (PID=2446) to work on /opt/airflow/dags/finascore_pipeline_dag.py
[2026-08-02T00:00:24.943+0000] {processor.py:914} INFO - Processing file /opt/airflow/dags/finascore_pipeline_dag.py for tasks to queue
[2026-08-02T00:00:24.944+0000] {logging_mixin.py:190} INFO - [2026-08-02T00:00:24.944+0000] {dagbag.py:588} INFO - Filling up the DagBag from /opt/airflow/dags/finascore_pipeline_dag.py
[2026-08-02T00:00:24.956+0000] {processor.py:925} INFO - DAG(s) 'finascore_ml_pipeline' retrieved from /opt/airflow/dags/finascore_pipeline_dag.py
[2026-08-02T00:00:24.989+0000] {logging_mixin.py:190} INFO - [2026-08-02T00:00:24.988+0000] {dag.py:3239} INFO - Sync 1 DAGs
[2026-08-02T00:00:25.011+0000] {logging_mixin.py:190} INFO - [2026-08-02T00:00:25.011+0000] {dag.py:4180} INFO - Setting next_dagrun for finascore_ml_pipeline to 2026-07-26 00:00:00+00:00, run_after=2026-08-02 00:00:00+00:00
[2026-08-02T00:00:25.028+0000] {processor.py:208} INFO - Processing /opt/airflow/dags/finascore_pipeline_dag.py took 0.091 seconds
[2026-08-02T00:00:55.145+0000] {processor.py:186} INFO - Started process (PID=2451) to work on /opt/airflow/dags/finascore_pipeline_dag.py
[2026-08-02T00:00:55.147+0000] {processor.py:914} INFO - Processing file /opt/airflow/dags/finascore_pipeline_dag.py for tasks to queue
[2026-08-02T00:00:55.148+0000] {logging_mixin.py:190} INFO - [2026-08-02T00:00:55.148+0000] {dagbag.py:588} INFO - Filling up the DagBag from /opt/airflow/dags/finascore_pipeline_dag.py
[2026-08-02T00:00:55.164+0000] {processor.py:925} INFO - DAG(s) 'finascore_ml_pipeline' retrieved from /opt/airflow/dags/finascore_pipeline_dag.py
[2026-08-02T00:00:55.196+0000] {logging_mixin.py:190} INFO - [2026-08-02T00:00:55.196+0000] {dag.py:3239} INFO - Sync 1 DAGs
[2026-08-02T00:00:55.218+0000] {logging_mixin.py:190} INFO - [2026-08-02T00:00:55.218+0000] {dag.py:4180} INFO - Setting next_dagrun for finascore_ml_pipeline to 2026-07-26 00:00:00+00:00, run_after=2026-08-02 00:00:00+00:00
[2026-08-02T00:00:55.235+0000] {processor.py:208} INFO - Processing /opt/airflow/dags/finascore_pipeline_dag.py took 0.096 seconds
[2026-08-02T00:01:25.302+0000] {processor.py:186} INFO - Started process (PID=2456) to work on /opt/airflow/dags/finascore_pipeline_dag.py
[2026-08-02T00:01:25.303+0000] {processor.py:914} INFO - Processing file /opt/airflow/dags/finascore_pipeline_dag.py for tasks to queue
[2026-08-02T00:01:25.304+0000] {logging_mixin.py:190} INFO - [2026-08-02T00:01:25.304+0000] {dagbag.py:588} INFO - Filling up the DagBag from /opt/airflow/dags/finascore_pipeline_dag.py
[2026-08-02T00:01:25.316+0000] {processor.py:925} INFO - DAG(s) 'finascore_ml_pipeline' retrieved from /opt/airflow/dags/finascore_pipeline_dag.py
[2026-08-02T00:01:25.348+0000] {logging_mixin.py:190} INFO - [2026-08-02T00:01:25.348+0000] {dag.py:3239} INFO - Sync 1 DAGs
[2026-08-02T00:01:25.371+0000] {logging_mixin.py:190} INFO - [2026-08-02T00:01:25.371+0000] {dag.py:4180} INFO - Setting next_dagrun for finascore_ml_pipeline to 2026-07-26 00:00:00+00:00, run_after=2026-08-02 00:00:00+00:00
[2026-08-02T00:01:25.387+0000] {processor.py:208} INFO - Processing /opt/airflow/dags/finascore_pipeline_dag.py took 0.090 seconds
[2026-08-02T00:01:55.514+0000] {processor.py:186} INFO - Started process (PID=2461) to work on /opt/airflow/dags/finascore_pipeline_dag.py
[2026-08-02T00:01:55.516+0000] {processor.py:914} INFO - Processing file /opt/airflow/dags/finascore_pipeline_dag.py for tasks to queue
[2026-08-02T00:01:55.517+0000] {logging_mixin.py:190} INFO - [2026-08-02T00:01:55.517+0000] {dagbag.py:588} INFO - Filling up the DagBag from /opt/airflow/dags/finascore_pipeline_dag.py
[2026-08-02T00:01:55.528+0000] {processor.py:925} INFO - DAG(s) 'finascore_ml_pipeline' retrieved from /opt/airflow/dags/finascore_pipeline_dag.py
[2026-08-02T00:01:55.558+0000] {logging_mixin.py:190} INFO - [2026-08-02T00:01:55.558+0000] {dag.py:3239} INFO - Sync 1 DAGs
[2026-08-02T00:01:55.580+0000] {logging_mixin.py:190} INFO - [2026-08-02T00:01:55.580+0000] {dag.py:4180} INFO - Setting next_dagrun for finascore_ml_pipeline to 2026-07-26 00:00:00+00:00, run_after=2026-08-02 00:00:00+00:00
[2026-08-02T00:01:55.594+0000] {processor.py:208} INFO - Processing /opt/airflow/dags/finascore_pipeline_dag.py took 0.087 seconds
[2026-08-02T00:02:25.660+0000] {processor.py:186} INFO - Started process (PID=2466) to work on /opt/airflow/dags/finascore_pipeline_dag.py
[2026-08-02T00:02:25.660+0000] {processor.py:914} INFO - Processing file /opt/airflow/dags/finascore_pipeline_dag.py for tasks to queue
[2026-08-02T00:02:25.661+0000] {logging_mixin.py:190} INFO - [2026-08-02T00:02:25.661+0000] {dagbag.py:588} INFO - Filling up the DagBag from /opt/airflow/dags/finascore_pipeline_dag.py
[2026-08-02T00:02:25.673+0000] {processor.py:925} INFO - DAG(s) 'finascore_ml_pipeline' retrieved from /opt/airflow/dags/finascore_pipeline_dag.py
[2026-08-02T00:02:25.704+0000] {logging_mixin.py:190} INFO - [2026-08-02T00:02:25.704+0000] {dag.py:3239} INFO - Sync 1 DAGs
[2026-08-02T00:02:25.728+0000] {logging_mixin.py:190} INFO - [2026-08-02T00:02:25.728+0000] {dag.py:4180} INFO - Setting next_dagrun for finascore_ml_pipeline to 2026-07-26 00:00:00+00:00, run_after=2026-08-02 00:00:00+00:00
[2026-08-02T00:02:25.745+0000] {processor.py:208} INFO - Processing /opt/airflow/dags/finascore_pipeline_dag.py took 0.092 seconds
[2026-08-02T00:02:55.869+0000] {processor.py:186} INFO - Started process (PID=2471) to work on /opt/airflow/dags/finascore_pipeline_dag.py
[2026-08-02T00:02:55.870+0000] {processor.py:914} INFO - Processing file /opt/airflow/dags/finascore_pipeline_dag.py for tasks to queue
[2026-08-02T00:02:55.872+0000] {logging_mixin.py:190} INFO - [2026-08-02T00:02:55.871+0000] {dagbag.py:588} INFO - Filling up the DagBag from /opt/airflow/dags/finascore_pipeline_dag.py
[2026-08-02T00:02:55.884+0000] {processor.py:925} INFO - DAG(s) 'finascore_ml_pipeline' retrieved from /opt/airflow/dags/finascore_pipeline_dag.py
[2026-08-02T00:02:55.916+0000] {logging_mixin.py:190} INFO - [2026-08-02T00:02:55.916+0000] {dag.py:3239} INFO - Sync 1 DAGs
[2026-08-02T00:02:55.940+0000] {logging_mixin.py:190} INFO - [2026-08-02T00:02:55.940+0000] {dag.py:4180} INFO - Setting next_dagrun for finascore_ml_pipeline to 2026-07-26 00:00:00+00:00, run_after=2026-08-02 00:00:00+00:00
[2026-08-02T00:02:55.956+0000] {processor.py:208} INFO - Processing /opt/airflow/dags/finascore_pipeline_dag.py took 0.095 seconds
[2026-08-02T00:03:26.008+0000] {processor.py:186} INFO - Started process (PID=2476) to work on /opt/airflow/dags/finascore_pipeline_dag.py
[2026-08-02T00:03:26.009+0000] {processor.py:914} INFO - Processing file /opt/airflow/dags/finascore_pipeline_dag.py for tasks to queue
[2026-08-02T00:03:26.010+0000] {logging_mixin.py:190} INFO - [2026-08-02T00:03:26.010+0000] {dagbag.py:588} INFO - Filling up the DagBag from /opt/airflow/dags/finascore_pipeline_dag.py
[2026-08-02T00:03:26.022+0000] {processor.py:925} INFO - DAG(s) 'finascore_ml_pipeline' retrieved from /opt/airflow/dags/finascore_pipeline_dag.py
[2026-08-02T00:03:26.054+0000] {logging_mixin.py:190} INFO - [2026-08-02T00:03:26.054+0000] {dag.py:3239} INFO - Sync 1 DAGs
[2026-08-02T00:03:26.079+0000] {logging_mixin.py:190} INFO - [2026-08-02T00:03:26.079+0000] {dag.py:4180} INFO - Setting next_dagrun for finascore_ml_pipeline to 2026-07-26 00:00:00+00:00, run_after=2026-08-02 00:00:00+00:00
[2026-08-02T00:03:26.095+0000] {processor.py:208} INFO - Processing /opt/airflow/dags/finascore_pipeline_dag.py took 0.093 seconds
[2026-08-02T00:03:56.229+0000] {processor.py:186} INFO - Started process (PID=2481) to work on /opt/airflow/dags/finascore_pipeline_dag.py
[2026-08-02T00:03:56.231+0000] {processor.py:914} INFO - Processing file /opt/airflow/dags/finascore_pipeline_dag.py for tasks to queue
[2026-08-02T00:03:56.232+0000] {logging_mixin.py:190} INFO - [2026-08-02T00:03:56.232+0000] {dagbag.py:588} INFO - Filling up the DagBag from /opt/airflow/dags/finascore_pipeline_dag.py
[2026-08-02T00:03:56.244+0000] {processor.py:925} INFO - DAG(s) 'finascore_ml_pipeline' retrieved from /opt/airflow/dags/finascore_pipeline_dag.py
[2026-08-02T00:03:56.276+0000] {logging_mixin.py:190} INFO - [2026-08-02T00:03:56.276+0000] {dag.py:3239} INFO - Sync 1 DAGs
[2026-08-02T00:03:56.299+0000] {logging_mixin.py:190} INFO - [2026-08-02T00:03:56.298+0000] {dag.py:4180} INFO - Setting next_dagrun for finascore_ml_pipeline to 2026-07-26 00:00:00+00:00, run_after=2026-08-02 00:00:00+00:00
[2026-08-02T00:03:56.314+0000] {processor.py:208} INFO - Processing /opt/airflow/dags/finascore_pipeline_dag.py took 0.091 seconds
[2026-08-02T00:04:26.373+0000] {processor.py:186} INFO - Started process (PID=2486) to work on /opt/airflow/dags/finascore_pipeline_dag.py
[2026-08-02T00:04:26.374+0000] {processor.py:914} INFO - Processing file /opt/airflow/dags/finascore_pipeline_dag.py for tasks to queue
[2026-08-02T00:04:26.375+0000] {logging_mixin.py:190} INFO - [2026-08-02T00:04:26.374+0000] {dagbag.py:588} INFO - Filling up the DagBag from /opt/airflow/dags/finascore_pipeline_dag.py
[2026-08-02T00:04:26.387+0000] {processor.py:925} INFO - DAG(s) 'finascore_ml_pipeline' retrieved from /opt/airflow/dags/finascore_pipeline_dag.py
[2026-08-02T00:04:26.432+0000] {logging_mixin.py:190} INFO - [2026-08-02T00:04:26.432+0000] {dag.py:3239} INFO - Sync 1 DAGs
[2026-08-02T00:04:26.457+0000] {logging_mixin.py:190} INFO - [2026-08-02T00:04:26.456+0000] {dag.py:4180} INFO - Setting next_dagrun for finascore_ml_pipeline to 2026-07-26 00:00:00+00:00, run_after=2026-08-02 00:00:00+00:00
[2026-08-02T00:04:26.474+0000] {processor.py:208} INFO - Processing /opt/airflow/dags/finascore_pipeline_dag.py took 0.107 seconds
[2026-08-02T00:04:56.599+0000] {processor.py:186} INFO - Started process (PID=2491) to work on /opt/airflow/dags/finascore_pipeline_dag.py
[2026-08-02T00:04:56.600+0000] {processor.py:914} INFO - Processing file /opt/airflow/dags/finascore_pipeline_dag.py for tasks to queue
[2026-08-02T00:04:56.601+0000] {logging_mixin.py:190} INFO - [2026-08-02T00:04:56.600+0000] {dagbag.py:588} INFO - Filling up the DagBag from /opt/airflow/dags/finascore_pipeline_dag.py
[2026-08-02T00:04:56.613+0000] {processor.py:925} INFO - DAG(s) 'finascore_ml_pipeline' retrieved from /opt/airflow/dags/finascore_pipeline_dag.py
[2026-08-02T00:04:56.645+0000] {logging_mixin.py:190} INFO - [2026-08-02T00:04:56.645+0000] {dag.py:3239} INFO - Sync 1 DAGs
[2026-08-02T00:04:56.667+0000] {logging_mixin.py:190} INFO - [2026-08-02T00:04:56.667+0000] {dag.py:4180} INFO - Setting next_dagrun for finascore_ml_pipeline to 2026-07-26 00:00:00+00:00, run_after=2026-08-02 00:00:00+00:00
[2026-08-02T00:04:56.684+0000] {processor.py:208} INFO - Processing /opt/airflow/dags/finascore_pipeline_dag.py took 0.093 seconds
[2026-08-02T00:05:26.737+0000] {processor.py:186} INFO - Started process (PID=2496) to work on /opt/airflow/dags/finascore_pipeline_dag.py
[2026-08-02T00:05:26.738+0000] {processor.py:914} INFO - Processing file /opt/airflow/dags/finascore_pipeline_dag.py for tasks to queue
[2026-08-02T00:05:26.739+0000] {logging_mixin.py:190} INFO - [2026-08-02T00:05:26.739+0000] {dagbag.py:588} INFO - Filling up the DagBag from /opt/airflow/dags/finascore_pipeline_dag.py
[2026-08-02T00:05:26.752+0000] {processor.py:925} INFO - DAG(s) 'finascore_ml_pipeline' retrieved from /opt/airflow/dags/finascore_pipeline_dag.py
[2026-08-02T00:05:26.785+0000] {logging_mixin.py:190} INFO - [2026-08-02T00:05:26.784+0000] {dag.py:3239} INFO - Sync 1 DAGs
[2026-08-02T00:05:26.809+0000] {logging_mixin.py:190} INFO - [2026-08-02T00:05:26.808+0000] {dag.py:4180} INFO - Setting next_dagrun for finascore_ml_pipeline to 2026-07-26 00:00:00+00:00, run_after=2026-08-02 00:00:00+00:00
[2026-08-02T00:05:26.825+0000] {processor.py:208} INFO - Processing /opt/airflow/dags/finascore_pipeline_dag.py took 0.093 seconds
[2026-08-02T00:05:56.951+0000] {processor.py:186} INFO - Started process (PID=2501) to work on /opt/airflow/dags/finascore_pipeline_dag.py
[2026-08-02T00:05:56.953+0000] {processor.py:914} INFO - Processing file /opt/airflow/dags/finascore_pipeline_dag.py for tasks to queue
[2026-08-02T00:05:56.954+0000] {logging_mixin.py:190} INFO - [2026-08-02T00:05:56.954+0000] {dagbag.py:588} INFO - Filling up the DagBag from /opt/airflow/dags/finascore_pipeline_dag.py
[2026-08-02T00:05:56.971+0000] {processor.py:925} INFO - DAG(s) 'finascore_ml_pipeline' retrieved from /opt/airflow/dags/finascore_pipeline_dag.py
[2026-08-02T00:05:57.002+0000] {logging_mixin.py:190} INFO - [2026-08-02T00:05:57.002+0000] {dag.py:3239} INFO - Sync 1 DAGs
[2026-08-02T00:05:57.025+0000] {logging_mixin.py:190} INFO - [2026-08-02T00:05:57.025+0000] {dag.py:4180} INFO - Setting next_dagrun for finascore_ml_pipeline to 2026-07-26 00:00:00+00:00, run_after=2026-08-02 00:00:00+00:00
[2026-08-02T00:05:57.041+0000] {processor.py:208} INFO - Processing /opt/airflow/dags/finascore_pipeline_dag.py took 0.097 seconds
[2026-08-02T00:06:27.091+0000] {processor.py:186} INFO - Started process (PID=2506) to work on /opt/airflow/dags/finascore_pipeline_dag.py
[2026-08-02T00:06:27.092+0000] {processor.py:914} INFO - Processing file /opt/airflow/dags/finascore_pipeline_dag.py for tasks to queue
[2026-08-02T00:06:27.093+0000] {logging_mixin.py:190} INFO - [2026-08-02T00:06:27.092+0000] {dagbag.py:588} INFO - Filling up the DagBag from /opt/airflow/dags/finascore_pipeline_dag.py
[2026-08-02T00:06:27.105+0000] {processor.py:925} INFO - DAG(s) 'finascore_ml_pipeline' retrieved from /opt/airflow/dags/finascore_pipeline_dag.py
[2026-08-02T00:06:27.137+0000] {logging_mixin.py:190} INFO - [2026-08-02T00:06:27.137+0000] {dag.py:3239} INFO - Sync 1 DAGs
[2026-08-02T00:06:27.165+0000] {logging_mixin.py:190} INFO - [2026-08-02T00:06:27.165+0000] {dag.py:4180} INFO - Setting next_dagrun for finascore_ml_pipeline to 2026-07-26 00:00:00+00:00, run_after=2026-08-02 00:00:00+00:00
[2026-08-02T00:06:27.179+0000] {processor.py:208} INFO - Processing /opt/airflow/dags/finascore_pipeline_dag.py took 0.095 seconds
[2026-08-02T00:06:57.320+0000] {processor.py:186} INFO - Started process (PID=2511) to work on /opt/airflow/dags/finascore_pipeline_dag.py
[2026-08-02T00:06:57.322+0000] {processor.py:914} INFO - Processing file /opt/airflow/dags/finascore_pipeline_dag.py for tasks to queue
[2026-08-02T00:06:57.323+0000] {logging_mixin.py:190} INFO - [2026-08-02T00:06:57.323+0000] {dagbag.py:588} INFO - Filling up the DagBag from /opt/airflow/dags/finascore_pipeline_dag.py
[2026-08-02T00:06:57.337+0000] {processor.py:925} INFO - DAG(s) 'finascore_ml_pipeline' retrieved from /opt/airflow/dags/finascore_pipeline_dag.py
[2026-08-02T00:06:57.369+0000] {logging_mixin.py:190} INFO - [2026-08-02T00:06:57.368+0000] {dag.py:3239} INFO - Sync 1 DAGs
[2026-08-02T00:06:57.391+0000] {logging_mixin.py:190} INFO - [2026-08-02T00:06:57.391+0000] {dag.py:4180} INFO - Setting next_dagrun for finascore_ml_pipeline to 2026-07-26 00:00:00+00:00, run_after=2026-08-02 00:00:00+00:00
[2026-08-02T00:06:57.408+0000] {processor.py:208} INFO - Processing /opt/airflow/dags/finascore_pipeline_dag.py took 0.096 seconds
[2026-08-02T00:07:27.451+0000] {processor.py:186} INFO - Started process (PID=2516) to work on /opt/airflow/dags/finascore_pipeline_dag.py
[2026-08-02T00:07:27.451+0000] {processor.py:914} INFO - Processing file /opt/airflow/dags/finascore_pipeline_dag.py for tasks to queue
[2026-08-02T00:07:27.452+0000] {logging_mixin.py:190} INFO - [2026-08-02T00:07:27.452+0000] {dagbag.py:588} INFO - Filling up the DagBag from /opt/airflow/dags/finascore_pipeline_dag.py
[2026-08-02T00:07:27.465+0000] {processor.py:925} INFO - DAG(s) 'finascore_ml_pipeline' retrieved from /opt/airflow/dags/finascore_pipeline_dag.py
[2026-08-02T00:07:27.496+0000] {logging_mixin.py:190} INFO - [2026-08-02T00:07:27.496+0000] {dag.py:3239} INFO - Sync 1 DAGs
[2026-08-02T00:07:27.519+0000] {logging_mixin.py:190} INFO - [2026-08-02T00:07:27.519+0000] {dag.py:4180} INFO - Setting next_dagrun for finascore_ml_pipeline to 2026-07-26 00:00:00+00:00, run_after=2026-08-02 00:00:00+00:00
[2026-08-02T00:07:27.536+0000] {processor.py:208} INFO - Processing /opt/airflow/dags/finascore_pipeline_dag.py took 0.091 seconds
[2026-08-02T00:07:57.676+0000] {processor.py:186} INFO - Started process (PID=2521) to work on /opt/airflow/dags/finascore_pipeline_dag.py
[2026-08-02T00:07:57.678+0000] {processor.py:914} INFO - Processing file /opt/airflow/dags/finascore_pipeline_dag.py for tasks to queue
[2026-08-02T00:07:57.679+0000] {logging_mixin.py:190} INFO - [2026-08-02T00:07:57.678+0000] {dagbag.py:588} INFO - Filling up the DagBag from /opt/airflow/dags/finascore_pipeline_dag.py
[2026-08-02T00:07:57.691+0000] {processor.py:925} INFO - DAG(s) 'finascore_ml_pipeline' retrieved from /opt/airflow/dags/finascore_pipeline_dag.py
[2026-08-02T00:07:57.722+0000] {logging_mixin.py:190} INFO - [2026-08-02T00:07:57.721+0000] {dag.py:3239} INFO - Sync 1 DAGs
[2026-08-02T00:07:57.745+0000] {logging_mixin.py:190} INFO - [2026-08-02T00:07:57.745+0000] {dag.py:4180} INFO - Setting next_dagrun for finascore_ml_pipeline to 2026-07-26 00:00:00+00:00, run_after=2026-08-02 00:00:00+00:00
[2026-08-02T00:07:57.759+0000] {processor.py:208} INFO - Processing /opt/airflow/dags/finascore_pipeline_dag.py took 0.090 seconds
[2026-08-02T00:08:27.820+0000] {processor.py:186} INFO - Started process (PID=2526) to work on /opt/airflow/dags/finascore_pipeline_dag.py
[2026-08-02T00:08:27.821+0000] {processor.py:914} INFO - Processing file /opt/airflow/dags/finascore_pipeline_dag.py for tasks to queue
[2026-08-02T00:08:27.822+0000] {logging_mixin.py:190} INFO - [2026-08-02T00:08:27.821+0000] {dagbag.py:588} INFO - Filling up the DagBag from /opt/airflow/dags/finascore_pipeline_dag.py
[2026-08-02T00:08:27.834+0000] {processor.py:925} INFO - DAG(s) 'finascore_ml_pipeline' retrieved from /opt/airflow/dags/finascore_pipeline_dag.py
[2026-08-02T00:08:27.868+0000] {logging_mixin.py:190} INFO - [2026-08-02T00:08:27.867+0000] {dag.py:3239} INFO - Sync 1 DAGs
[2026-08-02T00:08:27.897+0000] {logging_mixin.py:190} INFO - [2026-08-02T00:08:27.896+0000] {dag.py:4180} INFO - Setting next_dagrun for finascore_ml_pipeline to 2026-07-26 00:00:00+00:00, run_after=2026-08-02 00:00:00+00:00
[2026-08-02T00:08:27.910+0000] {processor.py:208} INFO - Processing /opt/airflow/dags/finascore_pipeline_dag.py took 0.097 seconds
[2026-08-02T00:08:58.028+0000] {processor.py:186} INFO - Started process (PID=2531) to work on /opt/airflow/dags/finascore_pipeline_dag.py
[2026-08-02T00:08:58.030+0000] {processor.py:914} INFO - Processing file /opt/airflow/dags/finascore_pipeline_dag.py for tasks to queue
[2026-08-02T00:08:58.032+0000] {logging_mixin.py:190} INFO - [2026-08-02T00:08:58.031+0000] {dagbag.py:588} INFO - Filling up the DagBag from /opt/airflow/dags/finascore_pipeline_dag.py
[2026-08-02T00:08:58.047+0000] {processor.py:925} INFO - DAG(s) 'finascore_ml_pipeline' retrieved from /opt/airflow/dags/finascore_pipeline_dag.py
[2026-08-02T00:08:58.084+0000] {logging_mixin.py:190} INFO - [2026-08-02T00:08:58.084+0000] {dag.py:3239} INFO - Sync 1 DAGs
[2026-08-02T00:08:58.108+0000] {logging_mixin.py:190} INFO - [2026-08-02T00:08:58.108+0000] {dag.py:4180} INFO - Setting next_dagrun for finascore_ml_pipeline to 2026-07-26 00:00:00+00:00, run_after=2026-08-02 00:00:00+00:00
[2026-08-02T00:08:58.124+0000] {processor.py:208} INFO - Processing /opt/airflow/dags/finascore_pipeline_dag.py took 0.102 seconds
[2026-08-02T00:09:28.182+0000] {processor.py:186} INFO - Started process (PID=2536) to work on /opt/airflow/dags/finascore_pipeline_dag.py
[2026-08-02T00:09:28.183+0000] {processor.py:914} INFO - Processing file /opt/airflow/dags/finascore_pipeline_dag.py for tasks to queue
[2026-08-02T00:09:28.185+0000] {logging_mixin.py:190} INFO - [2026-08-02T00:09:28.184+0000] {dagbag.py:588} INFO - Filling up the DagBag from /opt/airflow/dags/finascore_pipeline_dag.py
[2026-08-02T00:09:28.196+0000] {processor.py:925} INFO - DAG(s) 'finascore_ml_pipeline' retrieved from /opt/airflow/dags/finascore_pipeline_dag.py
[2026-08-02T00:09:28.228+0000] {logging_mixin.py:190} INFO - [2026-08-02T00:09:28.228+0000] {dag.py:3239} INFO - Sync 1 DAGs
[2026-08-02T00:09:28.250+0000] {logging_mixin.py:190} INFO - [2026-08-02T00:09:28.250+0000] {dag.py:4180} INFO - Setting next_dagrun for finascore_ml_pipeline to 2026-07-26 00:00:00+00:00, run_after=2026-08-02 00:00:00+00:00
[2026-08-02T00:09:28.265+0000] {processor.py:208} INFO - Processing /opt/airflow/dags/finascore_pipeline_dag.py took 0.089 seconds
[2026-08-02T00:09:58.395+0000] {processor.py:186} INFO - Started process (PID=2541) to work on /opt/airflow/dags/finascore_pipeline_dag.py
[2026-08-02T00:09:58.397+0000] {processor.py:914} INFO - Processing file /opt/airflow/dags/finascore_pipeline_dag.py for tasks to queue
[2026-08-02T00:09:58.398+0000] {logging_mixin.py:190} INFO - [2026-08-02T00:09:58.397+0000] {dagbag.py:588} INFO - Filling up the DagBag from /opt/airflow/dags/finascore_pipeline_dag.py
[2026-08-02T00:09:58.409+0000] {processor.py:925} INFO - DAG(s) 'finascore_ml_pipeline' retrieved from /opt/airflow/dags/finascore_pipeline_dag.py
[2026-08-02T00:09:58.441+0000] {logging_mixin.py:190} INFO - [2026-08-02T00:09:58.441+0000] {dag.py:3239} INFO - Sync 1 DAGs
[2026-08-02T00:09:58.478+0000] {logging_mixin.py:190} INFO - [2026-08-02T00:09:58.477+0000] {dag.py:4180} INFO - Setting next_dagrun for finascore_ml_pipeline to 2026-07-26 00:00:00+00:00, run_after=2026-08-02 00:00:00+00:00
[2026-08-02T00:09:58.495+0000] {processor.py:208} INFO - Processing /opt/airflow/dags/finascore_pipeline_dag.py took 0.109 seconds
[2026-08-02T00:10:28.551+0000] {processor.py:186} INFO - Started process (PID=2546) to work on /opt/airflow/dags/finascore_pipeline_dag.py
[2026-08-02T00:10:28.552+0000] {processor.py:914} INFO - Processing file /opt/airflow/dags/finascore_pipeline_dag.py for tasks to queue
[2026-08-02T00:10:28.553+0000] {logging_mixin.py:190} INFO - [2026-08-02T00:10:28.553+0000] {dagbag.py:588} INFO - Filling up the DagBag from /opt/airflow/dags/finascore_pipeline_dag.py
[2026-08-02T00:10:28.565+0000] {processor.py:925} INFO - DAG(s) 'finascore_ml_pipeline' retrieved from /opt/airflow/dags/finascore_pipeline_dag.py
[2026-08-02T00:10:28.597+0000] {logging_mixin.py:190} INFO - [2026-08-02T00:10:28.597+0000] {dag.py:3239} INFO - Sync 1 DAGs
[2026-08-02T00:10:28.620+0000] {logging_mixin.py:190} INFO - [2026-08-02T00:10:28.620+0000] {dag.py:4180} INFO - Setting next_dagrun for finascore_ml_pipeline to 2026-07-26 00:00:00+00:00, run_after=2026-08-02 00:00:00+00:00
[2026-08-02T00:10:28.636+0000] {processor.py:208} INFO - Processing /opt/airflow/dags/finascore_pipeline_dag.py took 0.092 seconds
[2026-08-02T00:10:58.790+0000] {processor.py:186} INFO - Started process (PID=2551) to work on /opt/airflow/dags/finascore_pipeline_dag.py
[2026-08-02T00:10:58.792+0000] {processor.py:914} INFO - Processing file /opt/airflow/dags/finascore_pipeline_dag.py for tasks to queue
[2026-08-02T00:10:58.793+0000] {logging_mixin.py:190} INFO - [2026-08-02T00:10:58.792+0000] {dagbag.py:588} INFO - Filling up the DagBag from /opt/airflow/dags/finascore_pipeline_dag.py
[2026-08-02T00:10:58.804+0000] {processor.py:925} INFO - DAG(s) 'finascore_ml_pipeline' retrieved from /opt/airflow/dags/finascore_pipeline_dag.py
[2026-08-02T00:10:58.836+0000] {logging_mixin.py:190} INFO - [2026-08-02T00:10:58.836+0000] {dag.py:3239} INFO - Sync 1 DAGs
[2026-08-02T00:10:58.859+0000] {logging_mixin.py:190} INFO - [2026-08-02T00:10:58.859+0000] {dag.py:4180} INFO - Setting next_dagrun for finascore_ml_pipeline to 2026-07-26 00:00:00+00:00, run_after=2026-08-02 00:00:00+00:00
[2026-08-02T00:10:58.876+0000] {processor.py:208} INFO - Processing /opt/airflow/dags/finascore_pipeline_dag.py took 0.093 seconds
[2026-08-02T00:11:28.931+0000] {processor.py:186} INFO - Started process (PID=2556) to work on /opt/airflow/dags/finascore_pipeline_dag.py
[2026-08-02T00:11:28.932+0000] {processor.py:914} INFO - Processing file /opt/airflow/dags/finascore_pipeline_dag.py for tasks to queue
[2026-08-02T00:11:28.933+0000] {logging_mixin.py:190} INFO - [2026-08-02T00:11:28.932+0000] {dagbag.py:588} INFO - Filling up the DagBag from /opt/airflow/dags/finascore_pipeline_dag.py
[2026-08-02T00:11:28.945+0000] {processor.py:925} INFO - DAG(s) 'finascore_ml_pipeline' retrieved from /opt/airflow/dags/finascore_pipeline_dag.py
[2026-08-02T00:11:28.975+0000] {logging_mixin.py:190} INFO - [2026-08-02T00:11:28.975+0000] {dag.py:3239} INFO - Sync 1 DAGs
[2026-08-02T00:11:28.998+0000] {logging_mixin.py:190} INFO - [2026-08-02T00:11:28.998+0000] {dag.py:4180} INFO - Setting next_dagrun for finascore_ml_pipeline to 2026-07-26 00:00:00+00:00, run_after=2026-08-02 00:00:00+00:00
[2026-08-02T00:11:29.013+0000] {processor.py:208} INFO - Processing /opt/airflow/dags/finascore_pipeline_dag.py took 0.088 seconds
[2026-08-02T00:11:59.135+0000] {processor.py:186} INFO - Started process (PID=2561) to work on /opt/airflow/dags/finascore_pipeline_dag.py
[2026-08-02T00:11:59.137+0000] {processor.py:914} INFO - Processing file /opt/airflow/dags/finascore_pipeline_dag.py for tasks to queue
[2026-08-02T00:11:59.138+0000] {logging_mixin.py:190} INFO - [2026-08-02T00:11:59.138+0000] {dagbag.py:588} INFO - Filling up the DagBag from /opt/airflow/dags/finascore_pipeline_dag.py
[2026-08-02T00:11:59.150+0000] {processor.py:925} INFO - DAG(s) 'finascore_ml_pipeline' retrieved from /opt/airflow/dags/finascore_pipeline_dag.py
[2026-08-02T00:11:59.181+0000] {logging_mixin.py:190} INFO - [2026-08-02T00:11:59.181+0000] {dag.py:3239} INFO - Sync 1 DAGs
[2026-08-02T00:11:59.203+0000] {logging_mixin.py:190} INFO - [2026-08-02T00:11:59.203+0000] {dag.py:4180} INFO - Setting next_dagrun for finascore_ml_pipeline to 2026-07-26 00:00:00+00:00, run_after=2026-08-02 00:00:00+00:00
[2026-08-02T00:11:59.217+0000] {processor.py:208} INFO - Processing /opt/airflow/dags/finascore_pipeline_dag.py took 0.089 seconds
[2026-08-02T00:12:29.272+0000] {processor.py:186} INFO - Started process (PID=2566) to work on /opt/airflow/dags/finascore_pipeline_dag.py
[2026-08-02T00:12:29.272+0000] {processor.py:914} INFO - Processing file /opt/airflow/dags/finascore_pipeline_dag.py for tasks to queue
[2026-08-02T00:12:29.273+0000] {logging_mixin.py:190} INFO - [2026-08-02T00:12:29.273+0000] {dagbag.py:588} INFO - Filling up the DagBag from /opt/airflow/dags/finascore_pipeline_dag.py
[2026-08-02T00:12:29.286+0000] {processor.py:925} INFO - DAG(s) 'finascore_ml_pipeline' retrieved from /opt/airflow/dags/finascore_pipeline_dag.py
[2026-08-02T00:12:29.318+0000] {logging_mixin.py:190} INFO - [2026-08-02T00:12:29.318+0000] {dag.py:3239} INFO - Sync 1 DAGs
[2026-08-02T00:12:29.343+0000] {logging_mixin.py:190} INFO - [2026-08-02T00:12:29.343+0000] {dag.py:4180} INFO - Setting next_dagrun for finascore_ml_pipeline to 2026-07-26 00:00:00+00:00, run_after=2026-08-02 00:00:00+00:00
[2026-08-02T00:12:29.358+0000] {processor.py:208} INFO - Processing /opt/airflow/dags/finascore_pipeline_dag.py took 0.093 seconds
[2026-08-02T00:12:59.480+0000] {processor.py:186} INFO - Started process (PID=2571) to work on /opt/airflow/dags/finascore_pipeline_dag.py
[2026-08-02T00:12:59.482+0000] {processor.py:914} INFO - Processing file /opt/airflow/dags/finascore_pipeline_dag.py for tasks to queue
[2026-08-02T00:12:59.483+0000] {logging_mixin.py:190} INFO - [2026-08-02T00:12:59.483+0000] {dagbag.py:588} INFO - Filling up the DagBag from /opt/airflow/dags/finascore_pipeline_dag.py
[2026-08-02T00:12:59.498+0000] {processor.py:925} INFO - DAG(s) 'finascore_ml_pipeline' retrieved from /opt/airflow/dags/finascore_pipeline_dag.py
[2026-08-02T00:12:59.530+0000] {logging_mixin.py:190} INFO - [2026-08-02T00:12:59.530+0000] {dag.py:3239} INFO - Sync 1 DAGs
[2026-08-02T00:12:59.554+0000] {logging_mixin.py:190} INFO - [2026-08-02T00:12:59.554+0000] {dag.py:4180} INFO - Setting next_dagrun for finascore_ml_pipeline to 2026-07-26 00:00:00+00:00, run_after=2026-08-02 00:00:00+00:00
[2026-08-02T00:12:59.571+0000] {processor.py:208} INFO - Processing /opt/airflow/dags/finascore_pipeline_dag.py took 0.097 seconds
[2026-08-02T00:13:29.646+0000] {processor.py:186} INFO - Started process (PID=2576) to work on /opt/airflow/dags/finascore_pipeline_dag.py
[2026-08-02T00:13:29.647+0000] {processor.py:914} INFO - Processing file /opt/airflow/dags/finascore_pipeline_dag.py for tasks to queue
[2026-08-02T00:13:29.649+0000] {logging_mixin.py:190} INFO - [2026-08-02T00:13:29.648+0000] {dagbag.py:588} INFO - Filling up the DagBag from /opt/airflow/dags/finascore_pipeline_dag.py
[2026-08-02T00:13:29.661+0000] {processor.py:925} INFO - DAG(s) 'finascore_ml_pipeline' retrieved from /opt/airflow/dags/finascore_pipeline_dag.py
[2026-08-02T00:13:29.693+0000] {logging_mixin.py:190} INFO - [2026-08-02T00:13:29.693+0000] {dag.py:3239} INFO - Sync 1 DAGs
[2026-08-02T00:13:29.717+0000] {logging_mixin.py:190} INFO - [2026-08-02T00:13:29.716+0000] {dag.py:4180} INFO - Setting next_dagrun for finascore_ml_pipeline to 2026-07-26 00:00:00+00:00, run_after=2026-08-02 00:00:00+00:00
[2026-08-02T00:13:29.734+0000] {processor.py:208} INFO - Processing /opt/airflow/dags/finascore_pipeline_dag.py took 0.093 seconds
[2026-08-02T00:13:59.851+0000] {processor.py:186} INFO - Started process (PID=2581) to work on /opt/airflow/dags/finascore_pipeline_dag.py
[2026-08-02T00:13:59.853+0000] {processor.py:914} INFO - Processing file /opt/airflow/dags/finascore_pipeline_dag.py for tasks to queue
[2026-08-02T00:13:59.854+0000] {logging_mixin.py:190} INFO - [2026-08-02T00:13:59.854+0000] {dagbag.py:588} INFO - Filling up the DagBag from /opt/airflow/dags/finascore_pipeline_dag.py
[2026-08-02T00:13:59.869+0000] {processor.py:925} INFO - DAG(s) 'finascore_ml_pipeline' retrieved from /opt/airflow/dags/finascore_pipeline_dag.py
[2026-08-02T00:13:59.901+0000] {logging_mixin.py:190} INFO - [2026-08-02T00:13:59.901+0000] {dag.py:3239} INFO - Sync 1 DAGs
[2026-08-02T00:13:59.923+0000] {logging_mixin.py:190} INFO - [2026-08-02T00:13:59.923+0000] {dag.py:4180} INFO - Setting next_dagrun for finascore_ml_pipeline to 2026-07-26 00:00:00+00:00, run_after=2026-08-02 00:00:00+00:00
[2026-08-02T00:13:59.940+0000] {processor.py:208} INFO - Processing /opt/airflow/dags/finascore_pipeline_dag.py took 0.095 seconds
[2026-08-02T00:14:30.018+0000] {processor.py:186} INFO - Started process (PID=2586) to work on /opt/airflow/dags/finascore_pipeline_dag.py
[2026-08-02T00:14:30.019+0000] {processor.py:914} INFO - Processing file /opt/airflow/dags/finascore_pipeline_dag.py for tasks to queue
[2026-08-02T00:14:30.021+0000] {logging_mixin.py:190} INFO - [2026-08-02T00:14:30.020+0000] {dagbag.py:588} INFO - Filling up the DagBag from /opt/airflow/dags/finascore_pipeline_dag.py
[2026-08-02T00:14:30.043+0000] {processor.py:925} INFO - DAG(s) 'finascore_ml_pipeline' retrieved from /opt/airflow/dags/finascore_pipeline_dag.py
[2026-08-02T00:14:30.090+0000] {logging_mixin.py:190} INFO - [2026-08-02T00:14:30.089+0000] {dag.py:3239} INFO - Sync 1 DAGs
[2026-08-02T00:14:30.114+0000] {logging_mixin.py:190} INFO - [2026-08-02T00:14:30.114+0000] {dag.py:4180} INFO - Setting next_dagrun for finascore_ml_pipeline to 2026-07-26 00:00:00+00:00, run_after=2026-08-02 00:00:00+00:00
[2026-08-02T00:14:30.132+0000] {processor.py:208} INFO - Processing /opt/airflow/dags/finascore_pipeline_dag.py took 0.122 seconds
[2026-08-02T00:15:00.223+0000] {processor.py:186} INFO - Started process (PID=2591) to work on /opt/airflow/dags/finascore_pipeline_dag.py
[2026-08-02T00:15:00.224+0000] {processor.py:914} INFO - Processing file /opt/airflow/dags/finascore_pipeline_dag.py for tasks to queue
[2026-08-02T00:15:00.225+0000] {logging_mixin.py:190} INFO - [2026-08-02T00:15:00.225+0000] {dagbag.py:588} INFO - Filling up the DagBag from /opt/airflow/dags/finascore_pipeline_dag.py
[2026-08-02T00:15:00.239+0000] {processor.py:925} INFO - DAG(s) 'finascore_ml_pipeline' retrieved from /opt/airflow/dags/finascore_pipeline_dag.py
[2026-08-02T00:15:00.274+0000] {logging_mixin.py:190} INFO - [2026-08-02T00:15:00.274+0000] {dag.py:3239} INFO - Sync 1 DAGs
[2026-08-02T00:15:00.296+0000] {logging_mixin.py:190} INFO - [2026-08-02T00:15:00.296+0000] {dag.py:4180} INFO - Setting next_dagrun for finascore_ml_pipeline to 2026-07-26 00:00:00+00:00, run_after=2026-08-02 00:00:00+00:00
[2026-08-02T00:15:00.312+0000] {processor.py:208} INFO - Processing /opt/airflow/dags/finascore_pipeline_dag.py took 0.098 seconds
[2026-08-02T00:15:30.402+0000] {processor.py:186} INFO - Started process (PID=2596) to work on /opt/airflow/dags/finascore_pipeline_dag.py
[2026-08-02T00:15:30.404+0000] {processor.py:914} INFO - Processing file /opt/airflow/dags/finascore_pipeline_dag.py for tasks to queue
[2026-08-02T00:15:30.405+0000] {logging_mixin.py:190} INFO - [2026-08-02T00:15:30.404+0000] {dagbag.py:588} INFO - Filling up the DagBag from /opt/airflow/dags/finascore_pipeline_dag.py
[2026-08-02T00:15:30.417+0000] {processor.py:925} INFO - DAG(s) 'finascore_ml_pipeline' retrieved from /opt/airflow/dags/finascore_pipeline_dag.py
[2026-08-02T00:15:30.450+0000] {logging_mixin.py:190} INFO - [2026-08-02T00:15:30.449+0000] {dag.py:3239} INFO - Sync 1 DAGs
[2026-08-02T00:15:30.471+0000] {logging_mixin.py:190} INFO - [2026-08-02T00:15:30.470+0000] {dag.py:4180} INFO - Setting next_dagrun for finascore_ml_pipeline to 2026-07-26 00:00:00+00:00, run_after=2026-08-02 00:00:00+00:00
[2026-08-02T00:15:30.485+0000] {processor.py:208} INFO - Processing /opt/airflow/dags/finascore_pipeline_dag.py took 0.090 seconds
[2026-08-02T00:16:00.593+0000] {processor.py:186} INFO - Started process (PID=2601) to work on /opt/airflow/dags/finascore_pipeline_dag.py
[2026-08-02T00:16:00.594+0000] {processor.py:914} INFO - Processing file /opt/airflow/dags/finascore_pipeline_dag.py for tasks to queue
[2026-08-02T00:16:00.595+0000] {logging_mixin.py:190} INFO - [2026-08-02T00:16:00.595+0000] {dagbag.py:588} INFO - Filling up the DagBag from /opt/airflow/dags/finascore_pipeline_dag.py
[2026-08-02T00:16:00.607+0000] {processor.py:925} INFO - DAG(s) 'finascore_ml_pipeline' retrieved from /opt/airflow/dags/finascore_pipeline_dag.py
[2026-08-02T00:16:00.640+0000] {logging_mixin.py:190} INFO - [2026-08-02T00:16:00.640+0000] {dag.py:3239} INFO - Sync 1 DAGs
[2026-08-02T00:16:00.662+0000] {logging_mixin.py:190} INFO - [2026-08-02T00:16:00.662+0000] {dag.py:4180} INFO - Setting next_dagrun for finascore_ml_pipeline to 2026-07-26 00:00:00+00:00, run_after=2026-08-02 00:00:00+00:00
[2026-08-02T00:16:00.678+0000] {processor.py:208} INFO - Processing /opt/airflow/dags/finascore_pipeline_dag.py took 0.090 seconds
[2026-08-02T00:16:30.776+0000] {processor.py:186} INFO - Started process (PID=2606) to work on /opt/airflow/dags/finascore_pipeline_dag.py
[2026-08-02T00:16:30.777+0000] {processor.py:914} INFO - Processing file /opt/airflow/dags/finascore_pipeline_dag.py for tasks to queue
[2026-08-02T00:16:30.779+0000] {logging_mixin.py:190} INFO - [2026-08-02T00:16:30.779+0000] {dagbag.py:588} INFO - Filling up the DagBag from /opt/airflow/dags/finascore_pipeline_dag.py
[2026-08-02T00:16:30.790+0000] {processor.py:925} INFO - DAG(s) 'finascore_ml_pipeline' retrieved from /opt/airflow/dags/finascore_pipeline_dag.py
[2026-08-02T00:16:30.822+0000] {logging_mixin.py:190} INFO - [2026-08-02T00:16:30.821+0000] {dag.py:3239} INFO - Sync 1 DAGs
[2026-08-02T00:16:30.844+0000] {logging_mixin.py:190} INFO - [2026-08-02T00:16:30.844+0000] {dag.py:4180} INFO - Setting next_dagrun for finascore_ml_pipeline to 2026-07-26 00:00:00+00:00, run_after=2026-08-02 00:00:00+00:00
[2026-08-02T00:16:30.859+0000] {processor.py:208} INFO - Processing /opt/airflow/dags/finascore_pipeline_dag.py took 0.089 seconds
[2026-08-02T00:17:00.954+0000] {processor.py:186} INFO - Started process (PID=2611) to work on /opt/airflow/dags/finascore_pipeline_dag.py
[2026-08-02T00:17:00.954+0000] {processor.py:914} INFO - Processing file /opt/airflow/dags/finascore_pipeline_dag.py for tasks to queue
[2026-08-02T00:17:00.956+0000] {logging_mixin.py:190} INFO - [2026-08-02T00:17:00.956+0000] {dagbag.py:588} INFO - Filling up the DagBag from /opt/airflow/dags/finascore_pipeline_dag.py
[2026-08-02T00:17:00.968+0000] {processor.py:925} INFO - DAG(s) 'finascore_ml_pipeline' retrieved from /opt/airflow/dags/finascore_pipeline_dag.py
[2026-08-02T00:17:01.001+0000] {logging_mixin.py:190} INFO - [2026-08-02T00:17:01.001+0000] {dag.py:3239} INFO - Sync 1 DAGs
[2026-08-02T00:17:01.025+0000] {logging_mixin.py:190} INFO - [2026-08-02T00:17:01.024+0000] {dag.py:4180} INFO - Setting next_dagrun for finascore_ml_pipeline to 2026-07-26 00:00:00+00:00, run_after=2026-08-02 00:00:00+00:00
[2026-08-02T00:17:01.041+0000] {processor.py:208} INFO - Processing /opt/airflow/dags/finascore_pipeline_dag.py took 0.094 seconds
[2026-08-02T00:17:31.126+0000] {processor.py:186} INFO - Started process (PID=2616) to work on /opt/airflow/dags/finascore_pipeline_dag.py
[2026-08-02T00:17:31.128+0000] {processor.py:914} INFO - Processing file /opt/airflow/dags/finascore_pipeline_dag.py for tasks to queue
[2026-08-02T00:17:31.130+0000] {logging_mixin.py:190} INFO - [2026-08-02T00:17:31.129+0000] {dagbag.py:588} INFO - Filling up the DagBag from /opt/airflow/dags/finascore_pipeline_dag.py
[2026-08-02T00:17:31.142+0000] {processor.py:925} INFO - DAG(s) 'finascore_ml_pipeline' retrieved from /opt/airflow/dags/finascore_pipeline_dag.py
[2026-08-02T00:17:31.175+0000] {logging_mixin.py:190} INFO - [2026-08-02T00:17:31.174+0000] {dag.py:3239} INFO - Sync 1 DAGs
[2026-08-02T00:17:31.198+0000] {logging_mixin.py:190} INFO - [2026-08-02T00:17:31.198+0000] {dag.py:4180} INFO - Setting next_dagrun for finascore_ml_pipeline to 2026-07-26 00:00:00+00:00, run_after=2026-08-02 00:00:00+00:00
[2026-08-02T00:17:31.219+0000] {processor.py:208} INFO - Processing /opt/airflow/dags/finascore_pipeline_dag.py took 0.099 seconds
[2026-08-02T00:18:01.320+0000] {processor.py:186} INFO - Started process (PID=2621) to work on /opt/airflow/dags/finascore_pipeline_dag.py
[2026-08-02T00:18:01.321+0000] {processor.py:914} INFO - Processing file /opt/airflow/dags/finascore_pipeline_dag.py for tasks to queue
[2026-08-02T00:18:01.322+0000] {logging_mixin.py:190} INFO - [2026-08-02T00:18:01.322+0000] {dagbag.py:588} INFO - Filling up the DagBag from /opt/airflow/dags/finascore_pipeline_dag.py
[2026-08-02T00:18:01.335+0000] {processor.py:925} INFO - DAG(s) 'finascore_ml_pipeline' retrieved from /opt/airflow/dags/finascore_pipeline_dag.py
[2026-08-02T00:18:01.369+0000] {logging_mixin.py:190} INFO - [2026-08-02T00:18:01.369+0000] {dag.py:3239} INFO - Sync 1 DAGs
[2026-08-02T00:18:01.392+0000] {logging_mixin.py:190} INFO - [2026-08-02T00:18:01.392+0000] {dag.py:4180} INFO - Setting next_dagrun for finascore_ml_pipeline to 2026-07-26 00:00:00+00:00, run_after=2026-08-02 00:00:00+00:00
[2026-08-02T00:18:01.409+0000] {processor.py:208} INFO - Processing /opt/airflow/dags/finascore_pipeline_dag.py took 0.096 seconds
[2026-08-02T00:18:31.492+0000] {processor.py:186} INFO - Started process (PID=2626) to work on /opt/airflow/dags/finascore_pipeline_dag.py
[2026-08-02T00:18:31.493+0000] {processor.py:914} INFO - Processing file /opt/airflow/dags/finascore_pipeline_dag.py for tasks to queue
[2026-08-02T00:18:31.494+0000] {logging_mixin.py:190} INFO - [2026-08-02T00:18:31.494+0000] {dagbag.py:588} INFO - Filling up the DagBag from /opt/airflow/dags/finascore_pipeline_dag.py
[2026-08-02T00:18:31.506+0000] {processor.py:925} INFO - DAG(s) 'finascore_ml_pipeline' retrieved from /opt/airflow/dags/finascore_pipeline_dag.py
[2026-08-02T00:18:31.539+0000] {logging_mixin.py:190} INFO - [2026-08-02T00:18:31.539+0000] {dag.py:3239} INFO - Sync 1 DAGs
[2026-08-02T00:18:31.562+0000] {logging_mixin.py:190} INFO - [2026-08-02T00:18:31.562+0000] {dag.py:4180} INFO - Setting next_dagrun for finascore_ml_pipeline to 2026-07-26 00:00:00+00:00, run_after=2026-08-02 00:00:00+00:00
[2026-08-02T00:18:31.576+0000] {processor.py:208} INFO - Processing /opt/airflow/dags/finascore_pipeline_dag.py took 0.091 seconds
[2026-08-02T00:19:01.695+0000] {processor.py:186} INFO - Started process (PID=2631) to work on /opt/airflow/dags/finascore_pipeline_dag.py
[2026-08-02T00:19:01.696+0000] {processor.py:914} INFO - Processing file /opt/airflow/dags/finascore_pipeline_dag.py for tasks to queue
[2026-08-02T00:19:01.698+0000] {logging_mixin.py:190} INFO - [2026-08-02T00:19:01.698+0000] {dagbag.py:588} INFO - Filling up the DagBag from /opt/airflow/dags/finascore_pipeline_dag.py
[2026-08-02T00:19:01.711+0000] {processor.py:925} INFO - DAG(s) 'finascore_ml_pipeline' retrieved from /opt/airflow/dags/finascore_pipeline_dag.py
[2026-08-02T00:19:01.742+0000] {logging_mixin.py:190} INFO - [2026-08-02T00:19:01.742+0000] {dag.py:3239} INFO - Sync 1 DAGs
[2026-08-02T00:19:01.765+0000] {logging_mixin.py:190} INFO - [2026-08-02T00:19:01.764+0000] {dag.py:4180} INFO - Setting next_dagrun for finascore_ml_pipeline to 2026-07-26 00:00:00+00:00, run_after=2026-08-02 00:00:00+00:00
[2026-08-02T00:19:01.782+0000] {processor.py:208} INFO - Processing /opt/airflow/dags/finascore_pipeline_dag.py took 0.094 seconds
[2026-08-02T00:19:31.841+0000] {processor.py:186} INFO - Started process (PID=2636) to work on /opt/airflow/dags/finascore_pipeline_dag.py
[2026-08-02T00:19:31.842+0000] {processor.py:914} INFO - Processing file /opt/airflow/dags/finascore_pipeline_dag.py for tasks to queue
[2026-08-02T00:19:31.844+0000] {logging_mixin.py:190} INFO - [2026-08-02T00:19:31.843+0000] {dagbag.py:588} INFO - Filling up the DagBag from /opt/airflow/dags/finascore_pipeline_dag.py
[2026-08-02T00:19:31.856+0000] {processor.py:925} INFO - DAG(s) 'finascore_ml_pipeline' retrieved from /opt/airflow/dags/finascore_pipeline_dag.py
[2026-08-02T00:19:31.889+0000] {logging_mixin.py:190} INFO - [2026-08-02T00:19:31.889+0000] {dag.py:3239} INFO - Sync 1 DAGs
[2026-08-02T00:19:31.915+0000] {logging_mixin.py:190} INFO - [2026-08-02T00:19:31.915+0000] {dag.py:4180} INFO - Setting next_dagrun for finascore_ml_pipeline to 2026-07-26 00:00:00+00:00, run_after=2026-08-02 00:00:00+00:00
[2026-08-02T00:19:31.931+0000] {processor.py:208} INFO - Processing /opt/airflow/dags/finascore_pipeline_dag.py took 0.096 seconds
[2026-08-02T00:20:02.053+0000] {processor.py:186} INFO - Started process (PID=2641) to work on /opt/airflow/dags/finascore_pipeline_dag.py
[2026-08-02T00:20:02.054+0000] {processor.py:914} INFO - Processing file /opt/airflow/dags/finascore_pipeline_dag.py for tasks to queue
[2026-08-02T00:20:02.055+0000] {logging_mixin.py:190} INFO - [2026-08-02T00:20:02.055+0000] {dagbag.py:588} INFO - Filling up the DagBag from /opt/airflow/dags/finascore_pipeline_dag.py
[2026-08-02T00:20:02.067+0000] {processor.py:925} INFO - DAG(s) 'finascore_ml_pipeline' retrieved from /opt/airflow/dags/finascore_pipeline_dag.py
[2026-08-02T00:20:02.098+0000] {logging_mixin.py:190} INFO - [2026-08-02T00:20:02.098+0000] {dag.py:3239} INFO - Sync 1 DAGs
[2026-08-02T00:20:02.121+0000] {logging_mixin.py:190} INFO - [2026-08-02T00:20:02.120+0000] {dag.py:4180} INFO - Setting next_dagrun for finascore_ml_pipeline to 2026-07-26 00:00:00+00:00, run_after=2026-08-02 00:00:00+00:00
[2026-08-02T00:20:02.137+0000] {processor.py:208} INFO - Processing /opt/airflow/dags/finascore_pipeline_dag.py took 0.091 seconds
[2026-08-02T00:20:32.203+0000] {processor.py:186} INFO - Started process (PID=2646) to work on /opt/airflow/dags/finascore_pipeline_dag.py
[2026-08-02T00:20:32.205+0000] {processor.py:914} INFO - Processing file /opt/airflow/dags/finascore_pipeline_dag.py for tasks to queue
[2026-08-02T00:20:32.207+0000] {logging_mixin.py:190} INFO - [2026-08-02T00:20:32.206+0000] {dagbag.py:588} INFO - Filling up the DagBag from /opt/airflow/dags/finascore_pipeline_dag.py
[2026-08-02T00:20:32.219+0000] {processor.py:925} INFO - DAG(s) 'finascore_ml_pipeline' retrieved from /opt/airflow/dags/finascore_pipeline_dag.py
[2026-08-02T00:20:32.251+0000] {logging_mixin.py:190} INFO - [2026-08-02T00:20:32.250+0000] {dag.py:3239} INFO - Sync 1 DAGs
[2026-08-02T00:20:32.273+0000] {logging_mixin.py:190} INFO - [2026-08-02T00:20:32.273+0000] {dag.py:4180} INFO - Setting next_dagrun for finascore_ml_pipeline to 2026-07-26 00:00:00+00:00, run_after=2026-08-02 00:00:00+00:00
[2026-08-02T00:20:32.289+0000] {processor.py:208} INFO - Processing /opt/airflow/dags/finascore_pipeline_dag.py took 0.091 seconds
[2026-08-02T00:21:02.423+0000] {processor.py:186} INFO - Started process (PID=2651) to work on /opt/airflow/dags/finascore_pipeline_dag.py
[2026-08-02T00:21:02.423+0000] {processor.py:914} INFO - Processing file /opt/airflow/dags/finascore_pipeline_dag.py for tasks to queue
[2026-08-02T00:21:02.424+0000] {logging_mixin.py:190} INFO - [2026-08-02T00:21:02.424+0000] {dagbag.py:588} INFO - Filling up the DagBag from /opt/airflow/dags/finascore_pipeline_dag.py
[2026-08-02T00:21:02.436+0000] {processor.py:925} INFO - DAG(s) 'finascore_ml_pipeline' retrieved from /opt/airflow/dags/finascore_pipeline_dag.py
[2026-08-02T00:21:02.467+0000] {logging_mixin.py:190} INFO - [2026-08-02T00:21:02.467+0000] {dag.py:3239} INFO - Sync 1 DAGs
[2026-08-02T00:21:02.489+0000] {logging_mixin.py:190} INFO - [2026-08-02T00:21:02.489+0000] {dag.py:4180} INFO - Setting next_dagrun for finascore_ml_pipeline to 2026-07-26 00:00:00+00:00, run_after=2026-08-02 00:00:00+00:00
[2026-08-02T00:21:02.506+0000] {processor.py:208} INFO - Processing /opt/airflow/dags/finascore_pipeline_dag.py took 0.091 seconds
[2026-08-02T00:21:32.565+0000] {processor.py:186} INFO - Started process (PID=2656) to work on /opt/airflow/dags/finascore_pipeline_dag.py
[2026-08-02T00:21:32.567+0000] {processor.py:914} INFO - Processing file /opt/airflow/dags/finascore_pipeline_dag.py for tasks to queue
[2026-08-02T00:21:32.568+0000] {logging_mixin.py:190} INFO - [2026-08-02T00:21:32.567+0000] {dagbag.py:588} INFO - Filling up the DagBag from /opt/airflow/dags/finascore_pipeline_dag.py
[2026-08-02T00:21:32.580+0000] {processor.py:925} INFO - DAG(s) 'finascore_ml_pipeline' retrieved from /opt/airflow/dags/finascore_pipeline_dag.py
[2026-08-02T00:21:32.612+0000] {logging_mixin.py:190} INFO - [2026-08-02T00:21:32.612+0000] {dag.py:3239} INFO - Sync 1 DAGs
[2026-08-02T00:21:32.636+0000] {logging_mixin.py:190} INFO - [2026-08-02T00:21:32.635+0000] {dag.py:4180} INFO - Setting next_dagrun for finascore_ml_pipeline to 2026-07-26 00:00:00+00:00, run_after=2026-08-02 00:00:00+00:00
[2026-08-02T00:21:32.652+0000] {processor.py:208} INFO - Processing /opt/airflow/dags/finascore_pipeline_dag.py took 0.093 seconds
[2026-08-02T00:22:02.781+0000] {processor.py:186} INFO - Started process (PID=2661) to work on /opt/airflow/dags/finascore_pipeline_dag.py
[2026-08-02T00:22:02.783+0000] {processor.py:914} INFO - Processing file /opt/airflow/dags/finascore_pipeline_dag.py for tasks to queue
[2026-08-02T00:22:02.784+0000] {logging_mixin.py:190} INFO - [2026-08-02T00:22:02.784+0000] {dagbag.py:588} INFO - Filling up the DagBag from /opt/airflow/dags/finascore_pipeline_dag.py
[2026-08-02T00:22:02.796+0000] {processor.py:925} INFO - DAG(s) 'finascore_ml_pipeline' retrieved from /opt/airflow/dags/finascore_pipeline_dag.py
[2026-08-02T00:22:02.827+0000] {logging_mixin.py:190} INFO - [2026-08-02T00:22:02.827+0000] {dag.py:3239} INFO - Sync 1 DAGs
[2026-08-02T00:22:02.850+0000] {logging_mixin.py:190} INFO - [2026-08-02T00:22:02.850+0000] {dag.py:4180} INFO - Setting next_dagrun for finascore_ml_pipeline to 2026-07-26 00:00:00+00:00, run_after=2026-08-02 00:00:00+00:00
[2026-08-02T00:22:02.868+0000] {processor.py:208} INFO - Processing /opt/airflow/dags/finascore_pipeline_dag.py took 0.093 seconds
[2026-08-02T00:22:32.923+0000] {processor.py:186} INFO - Started process (PID=2666) to work on /opt/airflow/dags/finascore_pipeline_dag.py
[2026-08-02T00:22:32.924+0000] {processor.py:914} INFO - Processing file /opt/airflow/dags/finascore_pipeline_dag.py for tasks to queue
[2026-08-02T00:22:32.925+0000] {logging_mixin.py:190} INFO - [2026-08-02T00:22:32.925+0000] {dagbag.py:588} INFO - Filling up the DagBag from /opt/airflow/dags/finascore_pipeline_dag.py
[2026-08-02T00:22:32.937+0000] {processor.py:925} INFO - DAG(s) 'finascore_ml_pipeline' retrieved from /opt/airflow/dags/finascore_pipeline_dag.py
[2026-08-02T00:22:32.969+0000] {logging_mixin.py:190} INFO - [2026-08-02T00:22:32.969+0000] {dag.py:3239} INFO - Sync 1 DAGs
[2026-08-02T00:22:32.995+0000] {logging_mixin.py:190} INFO - [2026-08-02T00:22:32.995+0000] {dag.py:4180} INFO - Setting next_dagrun for finascore_ml_pipeline to 2026-07-26 00:00:00+00:00, run_after=2026-08-02 00:00:00+00:00
[2026-08-02T00:22:33.009+0000] {processor.py:208} INFO - Processing /opt/airflow/dags/finascore_pipeline_dag.py took 0.092 seconds
[2026-08-02T00:23:03.134+0000] {processor.py:186} INFO - Started process (PID=2671) to work on /opt/airflow/dags/finascore_pipeline_dag.py
[2026-08-02T00:23:03.135+0000] {processor.py:914} INFO - Processing file /opt/airflow/dags/finascore_pipeline_dag.py for tasks to queue
[2026-08-02T00:23:03.137+0000] {logging_mixin.py:190} INFO - [2026-08-02T00:23:03.136+0000] {dagbag.py:588} INFO - Filling up the DagBag from /opt/airflow/dags/finascore_pipeline_dag.py
[2026-08-02T00:23:03.149+0000] {processor.py:925} INFO - DAG(s) 'finascore_ml_pipeline' retrieved from /opt/airflow/dags/finascore_pipeline_dag.py
[2026-08-02T00:23:03.180+0000] {logging_mixin.py:190} INFO - [2026-08-02T00:23:03.179+0000] {dag.py:3239} INFO - Sync 1 DAGs
[2026-08-02T00:23:03.205+0000] {logging_mixin.py:190} INFO - [2026-08-02T00:23:03.205+0000] {dag.py:4180} INFO - Setting next_dagrun for finascore_ml_pipeline to 2026-07-26 00:00:00+00:00, run_after=2026-08-02 00:00:00+00:00
[2026-08-02T00:23:03.223+0000] {processor.py:208} INFO - Processing /opt/airflow/dags/finascore_pipeline_dag.py took 0.097 seconds
[2026-08-02T00:23:33.284+0000] {processor.py:186} INFO - Started process (PID=2676) to work on /opt/airflow/dags/finascore_pipeline_dag.py
[2026-08-02T00:23:33.285+0000] {processor.py:914} INFO - Processing file /opt/airflow/dags/finascore_pipeline_dag.py for tasks to queue
[2026-08-02T00:23:33.286+0000] {logging_mixin.py:190} INFO - [2026-08-02T00:23:33.286+0000] {dagbag.py:588} INFO - Filling up the DagBag from /opt/airflow/dags/finascore_pipeline_dag.py
[2026-08-02T00:23:33.299+0000] {processor.py:925} INFO - DAG(s) 'finascore_ml_pipeline' retrieved from /opt/airflow/dags/finascore_pipeline_dag.py
[2026-08-02T00:23:33.330+0000] {logging_mixin.py:190} INFO - [2026-08-02T00:23:33.329+0000] {dag.py:3239} INFO - Sync 1 DAGs
[2026-08-02T00:23:33.354+0000] {logging_mixin.py:190} INFO - [2026-08-02T00:23:33.354+0000] {dag.py:4180} INFO - Setting next_dagrun for finascore_ml_pipeline to 2026-07-26 00:00:00+00:00, run_after=2026-08-02 00:00:00+00:00
[2026-08-02T00:23:33.371+0000] {processor.py:208} INFO - Processing /opt/airflow/dags/finascore_pipeline_dag.py took 0.092 seconds
[2026-08-02T00:24:03.500+0000] {processor.py:186} INFO - Started process (PID=2681) to work on /opt/airflow/dags/finascore_pipeline_dag.py
[2026-08-02T00:24:03.501+0000] {processor.py:914} INFO - Processing file /opt/airflow/dags/finascore_pipeline_dag.py for tasks to queue
[2026-08-02T00:24:03.503+0000] {logging_mixin.py:190} INFO - [2026-08-02T00:24:03.503+0000] {dagbag.py:588} INFO - Filling up the DagBag from /opt/airflow/dags/finascore_pipeline_dag.py
[2026-08-02T00:24:03.515+0000] {processor.py:925} INFO - DAG(s) 'finascore_ml_pipeline' retrieved from /opt/airflow/dags/finascore_pipeline_dag.py
[2026-08-02T00:24:03.547+0000] {logging_mixin.py:190} INFO - [2026-08-02T00:24:03.547+0000] {dag.py:3239} INFO - Sync 1 DAGs
[2026-08-02T00:24:03.569+0000] {logging_mixin.py:190} INFO - [2026-08-02T00:24:03.569+0000] {dag.py:4180} INFO - Setting next_dagrun for finascore_ml_pipeline to 2026-07-26 00:00:00+00:00, run_after=2026-08-02 00:00:00+00:00
[2026-08-02T00:24:03.586+0000] {processor.py:208} INFO - Processing /opt/airflow/dags/finascore_pipeline_dag.py took 0.093 seconds
[2026-08-02T00:24:33.648+0000] {processor.py:186} INFO - Started process (PID=2686) to work on /opt/airflow/dags/finascore_pipeline_dag.py
[2026-08-02T00:24:33.649+0000] {processor.py:914} INFO - Processing file /opt/airflow/dags/finascore_pipeline_dag.py for tasks to queue
[2026-08-02T00:24:33.650+0000] {logging_mixin.py:190} INFO - [2026-08-02T00:24:33.649+0000] {dagbag.py:588} INFO - Filling up the DagBag from /opt/airflow/dags/finascore_pipeline_dag.py
[2026-08-02T00:24:33.661+0000] {processor.py:925} INFO - DAG(s) 'finascore_ml_pipeline' retrieved from /opt/airflow/dags/finascore_pipeline_dag.py
[2026-08-02T00:24:33.693+0000] {logging_mixin.py:190} INFO - [2026-08-02T00:24:33.693+0000] {dag.py:3239} INFO - Sync 1 DAGs
[2026-08-02T00:24:33.719+0000] {logging_mixin.py:190} INFO - [2026-08-02T00:24:33.719+0000] {dag.py:4180} INFO - Setting next_dagrun for finascore_ml_pipeline to 2026-07-26 00:00:00+00:00, run_after=2026-08-02 00:00:00+00:00
[2026-08-02T00:24:33.735+0000] {processor.py:208} INFO - Processing /opt/airflow/dags/finascore_pipeline_dag.py took 0.093 seconds
[2026-08-02T00:25:03.863+0000] {processor.py:186} INFO - Started process (PID=2691) to work on /opt/airflow/dags/finascore_pipeline_dag.py
[2026-08-02T00:25:03.865+0000] {processor.py:914} INFO - Processing file /opt/airflow/dags/finascore_pipeline_dag.py for tasks to queue
[2026-08-02T00:25:03.866+0000] {logging_mixin.py:190} INFO - [2026-08-02T00:25:03.865+0000] {dagbag.py:588} INFO - Filling up the DagBag from /opt/airflow/dags/finascore_pipeline_dag.py
[2026-08-02T00:25:03.878+0000] {processor.py:925} INFO - DAG(s) 'finascore_ml_pipeline' retrieved from /opt/airflow/dags/finascore_pipeline_dag.py
[2026-08-02T00:25:03.910+0000] {logging_mixin.py:190} INFO - [2026-08-02T00:25:03.910+0000] {dag.py:3239} INFO - Sync 1 DAGs
[2026-08-02T00:25:03.933+0000] {logging_mixin.py:190} INFO - [2026-08-02T00:25:03.933+0000] {dag.py:4180} INFO - Setting next_dagrun for finascore_ml_pipeline to 2026-07-26 00:00:00+00:00, run_after=2026-08-02 00:00:00+00:00
[2026-08-02T00:25:03.948+0000] {processor.py:208} INFO - Processing /opt/airflow/dags/finascore_pipeline_dag.py took 0.091 seconds
[2026-08-02T00:25:34.009+0000] {processor.py:186} INFO - Started process (PID=2696) to work on /opt/airflow/dags/finascore_pipeline_dag.py
[2026-08-02T00:25:34.010+0000] {processor.py:914} INFO - Processing file /opt/airflow/dags/finascore_pipeline_dag.py for tasks to queue
[2026-08-02T00:25:34.011+0000] {logging_mixin.py:190} INFO - [2026-08-02T00:25:34.010+0000] {dagbag.py:588} INFO - Filling up the DagBag from /opt/airflow/dags/finascore_pipeline_dag.py
[2026-08-02T00:25:34.023+0000] {processor.py:925} INFO - DAG(s) 'finascore_ml_pipeline' retrieved from /opt/airflow/dags/finascore_pipeline_dag.py
[2026-08-02T00:25:34.057+0000] {logging_mixin.py:190} INFO - [2026-08-02T00:25:34.056+0000] {dag.py:3239} INFO - Sync 1 DAGs
[2026-08-02T00:25:34.083+0000] {logging_mixin.py:190} INFO - [2026-08-02T00:25:34.082+0000] {dag.py:4180} INFO - Setting next_dagrun for finascore_ml_pipeline to 2026-07-26 00:00:00+00:00, run_after=2026-08-02 00:00:00+00:00
[2026-08-02T00:25:34.099+0000] {processor.py:208} INFO - Processing /opt/airflow/dags/finascore_pipeline_dag.py took 0.096 seconds
[2026-08-02T00:26:04.235+0000] {processor.py:186} INFO - Started process (PID=2701) to work on /opt/airflow/dags/finascore_pipeline_dag.py
[2026-08-02T00:26:04.237+0000] {processor.py:914} INFO - Processing file /opt/airflow/dags/finascore_pipeline_dag.py for tasks to queue
[2026-08-02T00:26:04.238+0000] {logging_mixin.py:190} INFO - [2026-08-02T00:26:04.237+0000] {dagbag.py:588} INFO - Filling up the DagBag from /opt/airflow/dags/finascore_pipeline_dag.py
[2026-08-02T00:26:04.250+0000] {processor.py:925} INFO - DAG(s) 'finascore_ml_pipeline' retrieved from /opt/airflow/dags/finascore_pipeline_dag.py
[2026-08-02T00:26:04.280+0000] {logging_mixin.py:190} INFO - [2026-08-02T00:26:04.280+0000] {dag.py:3239} INFO - Sync 1 DAGs
[2026-08-02T00:26:04.303+0000] {logging_mixin.py:190} INFO - [2026-08-02T00:26:04.303+0000] {dag.py:4180} INFO - Setting next_dagrun for finascore_ml_pipeline to 2026-07-26 00:00:00+00:00, run_after=2026-08-02 00:00:00+00:00
[2026-08-02T00:26:04.317+0000] {processor.py:208} INFO - Processing /opt/airflow/dags/finascore_pipeline_dag.py took 0.088 seconds
[2026-08-02T00:26:34.376+0000] {processor.py:186} INFO - Started process (PID=2706) to work on /opt/airflow/dags/finascore_pipeline_dag.py
[2026-08-02T00:26:34.377+0000] {processor.py:914} INFO - Processing file /opt/airflow/dags/finascore_pipeline_dag.py for tasks to queue
[2026-08-02T00:26:34.378+0000] {logging_mixin.py:190} INFO - [2026-08-02T00:26:34.378+0000] {dagbag.py:588} INFO - Filling up the DagBag from /opt/airflow/dags/finascore_pipeline_dag.py
[2026-08-02T00:26:34.391+0000] {processor.py:925} INFO - DAG(s) 'finascore_ml_pipeline' retrieved from /opt/airflow/dags/finascore_pipeline_dag.py
[2026-08-02T00:26:34.422+0000] {logging_mixin.py:190} INFO - [2026-08-02T00:26:34.422+0000] {dag.py:3239} INFO - Sync 1 DAGs
[2026-08-02T00:26:34.446+0000] {logging_mixin.py:190} INFO - [2026-08-02T00:26:34.446+0000] {dag.py:4180} INFO - Setting next_dagrun for finascore_ml_pipeline to 2026-07-26 00:00:00+00:00, run_after=2026-08-02 00:00:00+00:00
[2026-08-02T00:26:34.463+0000] {processor.py:208} INFO - Processing /opt/airflow/dags/finascore_pipeline_dag.py took 0.093 seconds
[2026-08-02T00:27:04.595+0000] {processor.py:186} INFO - Started process (PID=2711) to work on /opt/airflow/dags/finascore_pipeline_dag.py
[2026-08-02T00:27:04.597+0000] {processor.py:914} INFO - Processing file /opt/airflow/dags/finascore_pipeline_dag.py for tasks to queue
[2026-08-02T00:27:04.598+0000] {logging_mixin.py:190} INFO - [2026-08-02T00:27:04.598+0000] {dagbag.py:588} INFO - Filling up the DagBag from /opt/airflow/dags/finascore_pipeline_dag.py
[2026-08-02T00:27:04.610+0000] {processor.py:925} INFO - DAG(s) 'finascore_ml_pipeline' retrieved from /opt/airflow/dags/finascore_pipeline_dag.py
[2026-08-02T00:27:04.641+0000] {logging_mixin.py:190} INFO - [2026-08-02T00:27:04.641+0000] {dag.py:3239} INFO - Sync 1 DAGs
[2026-08-02T00:27:04.663+0000] {logging_mixin.py:190} INFO - [2026-08-02T00:27:04.662+0000] {dag.py:4180} INFO - Setting next_dagrun for finascore_ml_pipeline to 2026-07-26 00:00:00+00:00, run_after=2026-08-02 00:00:00+00:00
[2026-08-02T00:27:04.678+0000] {processor.py:208} INFO - Processing /opt/airflow/dags/finascore_pipeline_dag.py took 0.103 seconds
[2026-08-02T00:27:34.739+0000] {processor.py:186} INFO - Started process (PID=2716) to work on /opt/airflow/dags/finascore_pipeline_dag.py
[2026-08-02T00:27:34.739+0000] {processor.py:914} INFO - Processing file /opt/airflow/dags/finascore_pipeline_dag.py for tasks to queue
[2026-08-02T00:27:34.741+0000] {logging_mixin.py:190} INFO - [2026-08-02T00:27:34.741+0000] {dagbag.py:588} INFO - Filling up the DagBag from /opt/airflow/dags/finascore_pipeline_dag.py
[2026-08-02T00:27:34.753+0000] {processor.py:925} INFO - DAG(s) 'finascore_ml_pipeline' retrieved from /opt/airflow/dags/finascore_pipeline_dag.py
[2026-08-02T00:27:34.785+0000] {logging_mixin.py:190} INFO - [2026-08-02T00:27:34.785+0000] {dag.py:3239} INFO - Sync 1 DAGs
[2026-08-02T00:27:34.808+0000] {logging_mixin.py:190} INFO - [2026-08-02T00:27:34.808+0000] {dag.py:4180} INFO - Setting next_dagrun for finascore_ml_pipeline to 2026-07-26 00:00:00+00:00, run_after=2026-08-02 00:00:00+00:00
[2026-08-02T00:27:34.825+0000] {processor.py:208} INFO - Processing /opt/airflow/dags/finascore_pipeline_dag.py took 0.093 seconds
[2026-08-02T00:28:04.947+0000] {processor.py:186} INFO - Started process (PID=2721) to work on /opt/airflow/dags/finascore_pipeline_dag.py
[2026-08-02T00:28:04.948+0000] {processor.py:914} INFO - Processing file /opt/airflow/dags/finascore_pipeline_dag.py for tasks to queue
[2026-08-02T00:28:04.949+0000] {logging_mixin.py:190} INFO - [2026-08-02T00:28:04.949+0000] {dagbag.py:588} INFO - Filling up the DagBag from /opt/airflow/dags/finascore_pipeline_dag.py
[2026-08-02T00:28:04.961+0000] {processor.py:925} INFO - DAG(s) 'finascore_ml_pipeline' retrieved from /opt/airflow/dags/finascore_pipeline_dag.py
[2026-08-02T00:28:04.996+0000] {logging_mixin.py:190} INFO - [2026-08-02T00:28:04.996+0000] {dag.py:3239} INFO - Sync 1 DAGs
[2026-08-02T00:28:05.020+0000] {logging_mixin.py:190} INFO - [2026-08-02T00:28:05.020+0000] {dag.py:4180} INFO - Setting next_dagrun for finascore_ml_pipeline to 2026-07-26 00:00:00+00:00, run_after=2026-08-02 00:00:00+00:00
[2026-08-02T00:28:05.036+0000] {processor.py:208} INFO - Processing /opt/airflow/dags/finascore_pipeline_dag.py took 0.095 seconds
[2026-08-02T00:28:35.076+0000] {processor.py:186} INFO - Started process (PID=2726) to work on /opt/airflow/dags/finascore_pipeline_dag.py
[2026-08-02T00:28:35.077+0000] {processor.py:914} INFO - Processing file /opt/airflow/dags/finascore_pipeline_dag.py for tasks to queue
[2026-08-02T00:28:35.079+0000] {logging_mixin.py:190} INFO - [2026-08-02T00:28:35.078+0000] {dagbag.py:588} INFO - Filling up the DagBag from /opt/airflow/dags/finascore_pipeline_dag.py
[2026-08-02T00:28:35.092+0000] {processor.py:925} INFO - DAG(s) 'finascore_ml_pipeline' retrieved from /opt/airflow/dags/finascore_pipeline_dag.py
[2026-08-02T00:28:35.124+0000] {logging_mixin.py:190} INFO - [2026-08-02T00:28:35.124+0000] {dag.py:3239} INFO - Sync 1 DAGs
[2026-08-02T00:28:35.148+0000] {logging_mixin.py:190} INFO - [2026-08-02T00:28:35.148+0000] {dag.py:4180} INFO - Setting next_dagrun for finascore_ml_pipeline to 2026-07-26 00:00:00+00:00, run_after=2026-08-02 00:00:00+00:00
[2026-08-02T00:28:35.163+0000] {processor.py:208} INFO - Processing /opt/airflow/dags/finascore_pipeline_dag.py took 0.094 seconds
[2026-08-02T00:29:05.301+0000] {processor.py:186} INFO - Started process (PID=2731) to work on /opt/airflow/dags/finascore_pipeline_dag.py
[2026-08-02T00:29:05.303+0000] {processor.py:914} INFO - Processing file /opt/airflow/dags/finascore_pipeline_dag.py for tasks to queue
[2026-08-02T00:29:05.304+0000] {logging_mixin.py:190} INFO - [2026-08-02T00:29:05.304+0000] {dagbag.py:588} INFO - Filling up the DagBag from /opt/airflow/dags/finascore_pipeline_dag.py
[2026-08-02T00:29:05.316+0000] {processor.py:925} INFO - DAG(s) 'finascore_ml_pipeline' retrieved from /opt/airflow/dags/finascore_pipeline_dag.py
[2026-08-02T00:29:05.347+0000] {logging_mixin.py:190} INFO - [2026-08-02T00:29:05.347+0000] {dag.py:3239} INFO - Sync 1 DAGs
[2026-08-02T00:29:05.369+0000] {logging_mixin.py:190} INFO - [2026-08-02T00:29:05.369+0000] {dag.py:4180} INFO - Setting next_dagrun for finascore_ml_pipeline to 2026-07-26 00:00:00+00:00, run_after=2026-08-02 00:00:00+00:00
[2026-08-02T00:29:05.383+0000] {processor.py:208} INFO - Processing /opt/airflow/dags/finascore_pipeline_dag.py took 0.089 seconds
[2026-08-02T00:29:35.433+0000] {processor.py:186} INFO - Started process (PID=2736) to work on /opt/airflow/dags/finascore_pipeline_dag.py
[2026-08-02T00:29:35.435+0000] {processor.py:914} INFO - Processing file /opt/airflow/dags/finascore_pipeline_dag.py for tasks to queue
[2026-08-02T00:29:35.436+0000] {logging_mixin.py:190} INFO - [2026-08-02T00:29:35.436+0000] {dagbag.py:588} INFO - Filling up the DagBag from /opt/airflow/dags/finascore_pipeline_dag.py
[2026-08-02T00:29:35.449+0000] {processor.py:925} INFO - DAG(s) 'finascore_ml_pipeline' retrieved from /opt/airflow/dags/finascore_pipeline_dag.py
[2026-08-02T00:29:35.480+0000] {logging_mixin.py:190} INFO - [2026-08-02T00:29:35.479+0000] {dag.py:3239} INFO - Sync 1 DAGs
[2026-08-02T00:29:35.502+0000] {logging_mixin.py:190} INFO - [2026-08-02T00:29:35.502+0000] {dag.py:4180} INFO - Setting next_dagrun for finascore_ml_pipeline to 2026-07-26 00:00:00+00:00, run_after=2026-08-02 00:00:00+00:00
[2026-08-02T00:29:35.519+0000] {processor.py:208} INFO - Processing /opt/airflow/dags/finascore_pipeline_dag.py took 0.092 seconds
[2026-08-02T00:30:05.644+0000] {processor.py:186} INFO - Started process (PID=2741) to work on /opt/airflow/dags/finascore_pipeline_dag.py
[2026-08-02T00:30:05.645+0000] {processor.py:914} INFO - Processing file /opt/airflow/dags/finascore_pipeline_dag.py for tasks to queue
[2026-08-02T00:30:05.646+0000] {logging_mixin.py:190} INFO - [2026-08-02T00:30:05.646+0000] {dagbag.py:588} INFO - Filling up the DagBag from /opt/airflow/dags/finascore_pipeline_dag.py
[2026-08-02T00:30:05.659+0000] {processor.py:925} INFO - DAG(s) 'finascore_ml_pipeline' retrieved from /opt/airflow/dags/finascore_pipeline_dag.py
[2026-08-02T00:30:05.691+0000] {logging_mixin.py:190} INFO - [2026-08-02T00:30:05.691+0000] {dag.py:3239} INFO - Sync 1 DAGs
[2026-08-02T00:30:05.714+0000] {logging_mixin.py:190} INFO - [2026-08-02T00:30:05.713+0000] {dag.py:4180} INFO - Setting next_dagrun for finascore_ml_pipeline to 2026-07-26 00:00:00+00:00, run_after=2026-08-02 00:00:00+00:00
[2026-08-02T00:30:05.729+0000] {processor.py:208} INFO - Processing /opt/airflow/dags/finascore_pipeline_dag.py took 0.092 seconds
[2026-08-02T00:30:35.791+0000] {processor.py:186} INFO - Started process (PID=2746) to work on /opt/airflow/dags/finascore_pipeline_dag.py
[2026-08-02T00:30:35.793+0000] {processor.py:914} INFO - Processing file /opt/airflow/dags/finascore_pipeline_dag.py for tasks to queue
[2026-08-02T00:30:35.794+0000] {logging_mixin.py:190} INFO - [2026-08-02T00:30:35.793+0000] {dagbag.py:588} INFO - Filling up the DagBag from /opt/airflow/dags/finascore_pipeline_dag.py
[2026-08-02T00:30:35.806+0000] {processor.py:925} INFO - DAG(s) 'finascore_ml_pipeline' retrieved from /opt/airflow/dags/finascore_pipeline_dag.py
[2026-08-02T00:30:35.838+0000] {logging_mixin.py:190} INFO - [2026-08-02T00:30:35.838+0000] {dag.py:3239} INFO - Sync 1 DAGs
[2026-08-02T00:30:35.865+0000] {logging_mixin.py:190} INFO - [2026-08-02T00:30:35.865+0000] {dag.py:4180} INFO - Setting next_dagrun for finascore_ml_pipeline to 2026-07-26 00:00:00+00:00, run_after=2026-08-02 00:00:00+00:00
[2026-08-02T00:30:35.880+0000] {processor.py:208} INFO - Processing /opt/airflow/dags/finascore_pipeline_dag.py took 0.096 seconds
[2026-08-02T00:31:05.997+0000] {processor.py:186} INFO - Started process (PID=2751) to work on /opt/airflow/dags/finascore_pipeline_dag.py
[2026-08-02T00:31:05.999+0000] {processor.py:914} INFO - Processing file /opt/airflow/dags/finascore_pipeline_dag.py for tasks to queue
[2026-08-02T00:31:06.000+0000] {logging_mixin.py:190} INFO - [2026-08-02T00:31:06.000+0000] {dagbag.py:588} INFO - Filling up the DagBag from /opt/airflow/dags/finascore_pipeline_dag.py
[2026-08-02T00:31:06.012+0000] {processor.py:925} INFO - DAG(s) 'finascore_ml_pipeline' retrieved from /opt/airflow/dags/finascore_pipeline_dag.py
[2026-08-02T00:31:06.043+0000] {logging_mixin.py:190} INFO - [2026-08-02T00:31:06.042+0000] {dag.py:3239} INFO - Sync 1 DAGs
[2026-08-02T00:31:06.065+0000] {logging_mixin.py:190} INFO - [2026-08-02T00:31:06.065+0000] {dag.py:4180} INFO - Setting next_dagrun for finascore_ml_pipeline to 2026-07-26 00:00:00+00:00, run_after=2026-08-02 00:00:00+00:00
[2026-08-02T00:31:06.079+0000] {processor.py:208} INFO - Processing /opt/airflow/dags/finascore_pipeline_dag.py took 0.089 seconds
[2026-08-02T00:31:36.139+0000] {processor.py:186} INFO - Started process (PID=2756) to work on /opt/airflow/dags/finascore_pipeline_dag.py
[2026-08-02T00:31:36.140+0000] {processor.py:914} INFO - Processing file /opt/airflow/dags/finascore_pipeline_dag.py for tasks to queue
[2026-08-02T00:31:36.141+0000] {logging_mixin.py:190} INFO - [2026-08-02T00:31:36.141+0000] {dagbag.py:588} INFO - Filling up the DagBag from /opt/airflow/dags/finascore_pipeline_dag.py
[2026-08-02T00:31:36.153+0000] {processor.py:925} INFO - DAG(s) 'finascore_ml_pipeline' retrieved from /opt/airflow/dags/finascore_pipeline_dag.py
[2026-08-02T00:31:36.186+0000] {logging_mixin.py:190} INFO - [2026-08-02T00:31:36.186+0000] {dag.py:3239} INFO - Sync 1 DAGs
[2026-08-02T00:31:36.210+0000] {logging_mixin.py:190} INFO - [2026-08-02T00:31:36.210+0000] {dag.py:4180} INFO - Setting next_dagrun for finascore_ml_pipeline to 2026-07-26 00:00:00+00:00, run_after=2026-08-02 00:00:00+00:00
[2026-08-02T00:31:36.227+0000] {processor.py:208} INFO - Processing /opt/airflow/dags/finascore_pipeline_dag.py took 0.094 seconds
[2026-08-02T00:32:06.357+0000] {processor.py:186} INFO - Started process (PID=2761) to work on /opt/airflow/dags/finascore_pipeline_dag.py
[2026-08-02T00:32:06.359+0000] {processor.py:914} INFO - Processing file /opt/airflow/dags/finascore_pipeline_dag.py for tasks to queue
[2026-08-02T00:32:06.360+0000] {logging_mixin.py:190} INFO - [2026-08-02T00:32:06.359+0000] {dagbag.py:588} INFO - Filling up the DagBag from /opt/airflow/dags/finascore_pipeline_dag.py
[2026-08-02T00:32:06.372+0000] {processor.py:925} INFO - DAG(s) 'finascore_ml_pipeline' retrieved from /opt/airflow/dags/finascore_pipeline_dag.py
[2026-08-02T00:32:06.402+0000] {logging_mixin.py:190} INFO - [2026-08-02T00:32:06.402+0000] {dag.py:3239} INFO - Sync 1 DAGs
[2026-08-02T00:32:06.424+0000] {logging_mixin.py:190} INFO - [2026-08-02T00:32:06.424+0000] {dag.py:4180} INFO - Setting next_dagrun for finascore_ml_pipeline to 2026-07-26 00:00:00+00:00, run_after=2026-08-02 00:00:00+00:00
[2026-08-02T00:32:06.438+0000] {processor.py:208} INFO - Processing /opt/airflow/dags/finascore_pipeline_dag.py took 0.088 seconds
[2026-08-02T00:32:36.500+0000] {processor.py:186} INFO - Started process (PID=2766) to work on /opt/airflow/dags/finascore_pipeline_dag.py
[2026-08-02T00:32:36.502+0000] {processor.py:914} INFO - Processing file /opt/airflow/dags/finascore_pipeline_dag.py for tasks to queue
[2026-08-02T00:32:36.503+0000] {logging_mixin.py:190} INFO - [2026-08-02T00:32:36.503+0000] {dagbag.py:588} INFO - Filling up the DagBag from /opt/airflow/dags/finascore_pipeline_dag.py
[2026-08-02T00:32:36.515+0000] {processor.py:925} INFO - DAG(s) 'finascore_ml_pipeline' retrieved from /opt/airflow/dags/finascore_pipeline_dag.py
[2026-08-02T00:32:36.547+0000] {logging_mixin.py:190} INFO - [2026-08-02T00:32:36.546+0000] {dag.py:3239} INFO - Sync 1 DAGs
[2026-08-02T00:32:36.570+0000] {logging_mixin.py:190} INFO - [2026-08-02T00:32:36.570+0000] {dag.py:4180} INFO - Setting next_dagrun for finascore_ml_pipeline to 2026-07-26 00:00:00+00:00, run_after=2026-08-02 00:00:00+00:00
[2026-08-02T00:32:36.585+0000] {processor.py:208} INFO - Processing /opt/airflow/dags/finascore_pipeline_dag.py took 0.091 seconds
[2026-08-02T00:33:06.713+0000] {processor.py:186} INFO - Started process (PID=2771) to work on /opt/airflow/dags/finascore_pipeline_dag.py
[2026-08-02T00:33:06.715+0000] {processor.py:914} INFO - Processing file /opt/airflow/dags/finascore_pipeline_dag.py for tasks to queue
[2026-08-02T00:33:06.716+0000] {logging_mixin.py:190} INFO - [2026-08-02T00:33:06.716+0000] {dagbag.py:588} INFO - Filling up the DagBag from /opt/airflow/dags/finascore_pipeline_dag.py
[2026-08-02T00:33:06.728+0000] {processor.py:925} INFO - DAG(s) 'finascore_ml_pipeline' retrieved from /opt/airflow/dags/finascore_pipeline_dag.py
[2026-08-02T00:33:06.760+0000] {logging_mixin.py:190} INFO - [2026-08-02T00:33:06.759+0000] {dag.py:3239} INFO - Sync 1 DAGs
[2026-08-02T00:33:06.782+0000] {logging_mixin.py:190} INFO - [2026-08-02T00:33:06.782+0000] {dag.py:4180} INFO - Setting next_dagrun for finascore_ml_pipeline to 2026-07-26 00:00:00+00:00, run_after=2026-08-02 00:00:00+00:00
[2026-08-02T00:33:06.799+0000] {processor.py:208} INFO - Processing /opt/airflow/dags/finascore_pipeline_dag.py took 0.092 seconds
[2026-08-02T00:33:36.862+0000] {processor.py:186} INFO - Started process (PID=2776) to work on /opt/airflow/dags/finascore_pipeline_dag.py
[2026-08-02T00:33:36.864+0000] {processor.py:914} INFO - Processing file /opt/airflow/dags/finascore_pipeline_dag.py for tasks to queue
[2026-08-02T00:33:36.865+0000] {logging_mixin.py:190} INFO - [2026-08-02T00:33:36.864+0000] {dagbag.py:588} INFO - Filling up the DagBag from /opt/airflow/dags/finascore_pipeline_dag.py
[2026-08-02T00:33:36.877+0000] {processor.py:925} INFO - DAG(s) 'finascore_ml_pipeline' retrieved from /opt/airflow/dags/finascore_pipeline_dag.py
[2026-08-02T00:33:36.909+0000] {logging_mixin.py:190} INFO - [2026-08-02T00:33:36.909+0000] {dag.py:3239} INFO - Sync 1 DAGs
[2026-08-02T00:33:36.934+0000] {logging_mixin.py:190} INFO - [2026-08-02T00:33:36.934+0000] {dag.py:4180} INFO - Setting next_dagrun for finascore_ml_pipeline to 2026-07-26 00:00:00+00:00, run_after=2026-08-02 00:00:00+00:00
[2026-08-02T00:33:36.951+0000] {processor.py:208} INFO - Processing /opt/airflow/dags/finascore_pipeline_dag.py took 0.095 seconds
[2026-08-02T00:34:07.070+0000] {processor.py:186} INFO - Started process (PID=2781) to work on /opt/airflow/dags/finascore_pipeline_dag.py
[2026-08-02T00:34:07.072+0000] {processor.py:914} INFO - Processing file /opt/airflow/dags/finascore_pipeline_dag.py for tasks to queue
[2026-08-02T00:34:07.073+0000] {logging_mixin.py:190} INFO - [2026-08-02T00:34:07.073+0000] {dagbag.py:588} INFO - Filling up the DagBag from /opt/airflow/dags/finascore_pipeline_dag.py
[2026-08-02T00:34:07.086+0000] {processor.py:925} INFO - DAG(s) 'finascore_ml_pipeline' retrieved from /opt/airflow/dags/finascore_pipeline_dag.py
[2026-08-02T00:34:07.121+0000] {logging_mixin.py:190} INFO - [2026-08-02T00:34:07.121+0000] {dag.py:3239} INFO - Sync 1 DAGs
[2026-08-02T00:34:07.144+0000] {logging_mixin.py:190} INFO - [2026-08-02T00:34:07.144+0000] {dag.py:4180} INFO - Setting next_dagrun for finascore_ml_pipeline to 2026-07-26 00:00:00+00:00, run_after=2026-08-02 00:00:00+00:00
[2026-08-02T00:34:07.158+0000] {processor.py:208} INFO - Processing /opt/airflow/dags/finascore_pipeline_dag.py took 0.094 seconds
[2026-08-02T00:34:37.223+0000] {processor.py:186} INFO - Started process (PID=2786) to work on /opt/airflow/dags/finascore_pipeline_dag.py
[2026-08-02T00:34:37.224+0000] {processor.py:914} INFO - Processing file /opt/airflow/dags/finascore_pipeline_dag.py for tasks to queue
[2026-08-02T00:34:37.225+0000] {logging_mixin.py:190} INFO - [2026-08-02T00:34:37.225+0000] {dagbag.py:588} INFO - Filling up the DagBag from /opt/airflow/dags/finascore_pipeline_dag.py
[2026-08-02T00:34:37.238+0000] {processor.py:925} INFO - DAG(s) 'finascore_ml_pipeline' retrieved from /opt/airflow/dags/finascore_pipeline_dag.py
[2026-08-02T00:34:37.268+0000] {logging_mixin.py:190} INFO - [2026-08-02T00:34:37.268+0000] {dag.py:3239} INFO - Sync 1 DAGs
[2026-08-02T00:34:37.293+0000] {logging_mixin.py:190} INFO - [2026-08-02T00:34:37.293+0000] {dag.py:4180} INFO - Setting next_dagrun for finascore_ml_pipeline to 2026-07-26 00:00:00+00:00, run_after=2026-08-02 00:00:00+00:00
[2026-08-02T00:34:37.307+0000] {processor.py:208} INFO - Processing /opt/airflow/dags/finascore_pipeline_dag.py took 0.090 seconds
[2026-08-02T00:35:07.432+0000] {processor.py:186} INFO - Started process (PID=2791) to work on /opt/airflow/dags/finascore_pipeline_dag.py
[2026-08-02T00:35:07.434+0000] {processor.py:914} INFO - Processing file /opt/airflow/dags/finascore_pipeline_dag.py for tasks to queue
[2026-08-02T00:35:07.435+0000] {logging_mixin.py:190} INFO - [2026-08-02T00:35:07.434+0000] {dagbag.py:588} INFO - Filling up the DagBag from /opt/airflow/dags/finascore_pipeline_dag.py
[2026-08-02T00:35:07.447+0000] {processor.py:925} INFO - DAG(s) 'finascore_ml_pipeline' retrieved from /opt/airflow/dags/finascore_pipeline_dag.py
[2026-08-02T00:35:07.478+0000] {logging_mixin.py:190} INFO - [2026-08-02T00:35:07.478+0000] {dag.py:3239} INFO - Sync 1 DAGs
[2026-08-02T00:35:07.500+0000] {logging_mixin.py:190} INFO - [2026-08-02T00:35:07.500+0000] {dag.py:4180} INFO - Setting next_dagrun for finascore_ml_pipeline to 2026-07-26 00:00:00+00:00, run_after=2026-08-02 00:00:00+00:00
[2026-08-02T00:35:07.517+0000] {processor.py:208} INFO - Processing /opt/airflow/dags/finascore_pipeline_dag.py took 0.092 seconds
[2026-08-02T00:35:37.573+0000] {processor.py:186} INFO - Started process (PID=2796) to work on /opt/airflow/dags/finascore_pipeline_dag.py
[2026-08-02T00:35:37.574+0000] {processor.py:914} INFO - Processing file /opt/airflow/dags/finascore_pipeline_dag.py for tasks to queue
[2026-08-02T00:35:37.575+0000] {logging_mixin.py:190} INFO - [2026-08-02T00:35:37.575+0000] {dagbag.py:588} INFO - Filling up the DagBag from /opt/airflow/dags/finascore_pipeline_dag.py
[2026-08-02T00:35:37.587+0000] {processor.py:925} INFO - DAG(s) 'finascore_ml_pipeline' retrieved from /opt/airflow/dags/finascore_pipeline_dag.py
[2026-08-02T00:35:37.619+0000] {logging_mixin.py:190} INFO - [2026-08-02T00:35:37.619+0000] {dag.py:3239} INFO - Sync 1 DAGs
[2026-08-02T00:35:37.642+0000] {logging_mixin.py:190} INFO - [2026-08-02T00:35:37.642+0000] {dag.py:4180} INFO - Setting next_dagrun for finascore_ml_pipeline to 2026-07-26 00:00:00+00:00, run_after=2026-08-02 00:00:00+00:00
[2026-08-02T00:35:37.657+0000] {processor.py:208} INFO - Processing /opt/airflow/dags/finascore_pipeline_dag.py took 0.091 seconds
[2026-08-02T00:36:07.806+0000] {processor.py:186} INFO - Started process (PID=2801) to work on /opt/airflow/dags/finascore_pipeline_dag.py
[2026-08-02T00:36:07.807+0000] {processor.py:914} INFO - Processing file /opt/airflow/dags/finascore_pipeline_dag.py for tasks to queue
[2026-08-02T00:36:07.808+0000] {logging_mixin.py:190} INFO - [2026-08-02T00:36:07.807+0000] {dagbag.py:588} INFO - Filling up the DagBag from /opt/airflow/dags/finascore_pipeline_dag.py
[2026-08-02T00:36:07.820+0000] {processor.py:925} INFO - DAG(s) 'finascore_ml_pipeline' retrieved from /opt/airflow/dags/finascore_pipeline_dag.py
[2026-08-02T00:36:07.852+0000] {logging_mixin.py:190} INFO - [2026-08-02T00:36:07.852+0000] {dag.py:3239} INFO - Sync 1 DAGs
[2026-08-02T00:36:07.874+0000] {logging_mixin.py:190} INFO - [2026-08-02T00:36:07.874+0000] {dag.py:4180} INFO - Setting next_dagrun for finascore_ml_pipeline to 2026-07-26 00:00:00+00:00, run_after=2026-08-02 00:00:00+00:00
[2026-08-02T00:36:07.890+0000] {processor.py:208} INFO - Processing /opt/airflow/dags/finascore_pipeline_dag.py took 0.090 seconds
[2026-08-02T00:36:37.939+0000] {processor.py:186} INFO - Started process (PID=2806) to work on /opt/airflow/dags/finascore_pipeline_dag.py
[2026-08-02T00:36:37.940+0000] {processor.py:914} INFO - Processing file /opt/airflow/dags/finascore_pipeline_dag.py for tasks to queue
[2026-08-02T00:36:37.941+0000] {logging_mixin.py:190} INFO - [2026-08-02T00:36:37.941+0000] {dagbag.py:588} INFO - Filling up the DagBag from /opt/airflow/dags/finascore_pipeline_dag.py
[2026-08-02T00:36:37.953+0000] {processor.py:925} INFO - DAG(s) 'finascore_ml_pipeline' retrieved from /opt/airflow/dags/finascore_pipeline_dag.py
[2026-08-02T00:36:37.986+0000] {logging_mixin.py:190} INFO - [2026-08-02T00:36:37.985+0000] {dag.py:3239} INFO - Sync 1 DAGs
[2026-08-02T00:36:38.010+0000] {logging_mixin.py:190} INFO - [2026-08-02T00:36:38.009+0000] {dag.py:4180} INFO - Setting next_dagrun for finascore_ml_pipeline to 2026-07-26 00:00:00+00:00, run_after=2026-08-02 00:00:00+00:00
[2026-08-02T00:36:38.025+0000] {processor.py:208} INFO - Processing /opt/airflow/dags/finascore_pipeline_dag.py took 0.093 seconds
[2026-08-02T00:37:08.158+0000] {processor.py:186} INFO - Started process (PID=2811) to work on /opt/airflow/dags/finascore_pipeline_dag.py
[2026-08-02T00:37:08.158+0000] {processor.py:914} INFO - Processing file /opt/airflow/dags/finascore_pipeline_dag.py for tasks to queue
[2026-08-02T00:37:08.159+0000] {logging_mixin.py:190} INFO - [2026-08-02T00:37:08.159+0000] {dagbag.py:588} INFO - Filling up the DagBag from /opt/airflow/dags/finascore_pipeline_dag.py
[2026-08-02T00:37:08.171+0000] {processor.py:925} INFO - DAG(s) 'finascore_ml_pipeline' retrieved from /opt/airflow/dags/finascore_pipeline_dag.py
[2026-08-02T00:37:08.203+0000] {logging_mixin.py:190} INFO - [2026-08-02T00:37:08.202+0000] {dag.py:3239} INFO - Sync 1 DAGs
[2026-08-02T00:37:08.226+0000] {logging_mixin.py:190} INFO - [2026-08-02T00:37:08.225+0000] {dag.py:4180} INFO - Setting next_dagrun for finascore_ml_pipeline to 2026-07-26 00:00:00+00:00, run_after=2026-08-02 00:00:00+00:00
[2026-08-02T00:37:08.242+0000] {processor.py:208} INFO - Processing /opt/airflow/dags/finascore_pipeline_dag.py took 0.091 seconds
[2026-08-02T00:37:38.305+0000] {processor.py:186} INFO - Started process (PID=2816) to work on /opt/airflow/dags/finascore_pipeline_dag.py
[2026-08-02T00:37:38.307+0000] {processor.py:914} INFO - Processing file /opt/airflow/dags/finascore_pipeline_dag.py for tasks to queue
[2026-08-02T00:37:38.308+0000] {logging_mixin.py:190} INFO - [2026-08-02T00:37:38.308+0000] {dagbag.py:588} INFO - Filling up the DagBag from /opt/airflow/dags/finascore_pipeline_dag.py
[2026-08-02T00:37:38.320+0000] {processor.py:925} INFO - DAG(s) 'finascore_ml_pipeline' retrieved from /opt/airflow/dags/finascore_pipeline_dag.py
[2026-08-02T00:37:38.353+0000] {logging_mixin.py:190} INFO - [2026-08-02T00:37:38.353+0000] {dag.py:3239} INFO - Sync 1 DAGs
[2026-08-02T00:37:38.376+0000] {logging_mixin.py:190} INFO - [2026-08-02T00:37:38.376+0000] {dag.py:4180} INFO - Setting next_dagrun for finascore_ml_pipeline to 2026-07-26 00:00:00+00:00, run_after=2026-08-02 00:00:00+00:00
[2026-08-02T00:37:38.392+0000] {processor.py:208} INFO - Processing /opt/airflow/dags/finascore_pipeline_dag.py took 0.093 seconds
[2026-08-02T00:38:08.508+0000] {processor.py:186} INFO - Started process (PID=2821) to work on /opt/airflow/dags/finascore_pipeline_dag.py
[2026-08-02T00:38:08.509+0000] {processor.py:914} INFO - Processing file /opt/airflow/dags/finascore_pipeline_dag.py for tasks to queue
[2026-08-02T00:38:08.512+0000] {logging_mixin.py:190} INFO - [2026-08-02T00:38:08.511+0000] {dagbag.py:588} INFO - Filling up the DagBag from /opt/airflow/dags/finascore_pipeline_dag.py
[2026-08-02T00:38:08.524+0000] {processor.py:925} INFO - DAG(s) 'finascore_ml_pipeline' retrieved from /opt/airflow/dags/finascore_pipeline_dag.py
[2026-08-02T00:38:08.555+0000] {logging_mixin.py:190} INFO - [2026-08-02T00:38:08.555+0000] {dag.py:3239} INFO - Sync 1 DAGs
[2026-08-02T00:38:08.577+0000] {logging_mixin.py:190} INFO - [2026-08-02T00:38:08.577+0000] {dag.py:4180} INFO - Setting next_dagrun for finascore_ml_pipeline to 2026-07-26 00:00:00+00:00, run_after=2026-08-02 00:00:00+00:00
[2026-08-02T00:38:08.594+0000] {processor.py:208} INFO - Processing /opt/airflow/dags/finascore_pipeline_dag.py took 0.092 seconds
[2026-08-02T00:38:38.660+0000] {processor.py:186} INFO - Started process (PID=2826) to work on /opt/airflow/dags/finascore_pipeline_dag.py
[2026-08-02T00:38:38.675+0000] {processor.py:914} INFO - Processing file /opt/airflow/dags/finascore_pipeline_dag.py for tasks to queue
[2026-08-02T00:38:38.677+0000] {logging_mixin.py:190} INFO - [2026-08-02T00:38:38.677+0000] {dagbag.py:588} INFO - Filling up the DagBag from /opt/airflow/dags/finascore_pipeline_dag.py
[2026-08-02T00:38:38.697+0000] {processor.py:925} INFO - DAG(s) 'finascore_ml_pipeline' retrieved from /opt/airflow/dags/finascore_pipeline_dag.py
[2026-08-02T00:38:38.729+0000] {logging_mixin.py:190} INFO - [2026-08-02T00:38:38.729+0000] {dag.py:3239} INFO - Sync 1 DAGs
[2026-08-02T00:38:38.752+0000] {logging_mixin.py:190} INFO - [2026-08-02T00:38:38.752+0000] {dag.py:4180} INFO - Setting next_dagrun for finascore_ml_pipeline to 2026-07-26 00:00:00+00:00, run_after=2026-08-02 00:00:00+00:00
[2026-08-02T00:38:38.768+0000] {processor.py:208} INFO - Processing /opt/airflow/dags/finascore_pipeline_dag.py took 0.114 seconds
[2026-08-02T00:39:08.880+0000] {processor.py:186} INFO - Started process (PID=2831) to work on /opt/airflow/dags/finascore_pipeline_dag.py
[2026-08-02T00:39:08.882+0000] {processor.py:914} INFO - Processing file /opt/airflow/dags/finascore_pipeline_dag.py for tasks to queue
[2026-08-02T00:39:08.883+0000] {logging_mixin.py:190} INFO - [2026-08-02T00:39:08.883+0000] {dagbag.py:588} INFO - Filling up the DagBag from /opt/airflow/dags/finascore_pipeline_dag.py
[2026-08-02T00:39:08.895+0000] {processor.py:925} INFO - DAG(s) 'finascore_ml_pipeline' retrieved from /opt/airflow/dags/finascore_pipeline_dag.py
[2026-08-02T00:39:08.926+0000] {logging_mixin.py:190} INFO - [2026-08-02T00:39:08.925+0000] {dag.py:3239} INFO - Sync 1 DAGs
[2026-08-02T00:39:08.949+0000] {logging_mixin.py:190} INFO - [2026-08-02T00:39:08.948+0000] {dag.py:4180} INFO - Setting next_dagrun for finascore_ml_pipeline to 2026-07-26 00:00:00+00:00, run_after=2026-08-02 00:00:00+00:00
[2026-08-02T00:39:08.964+0000] {processor.py:208} INFO - Processing /opt/airflow/dags/finascore_pipeline_dag.py took 0.091 seconds
[2026-08-02T00:39:39.026+0000] {processor.py:186} INFO - Started process (PID=2836) to work on /opt/airflow/dags/finascore_pipeline_dag.py
[2026-08-02T00:39:39.027+0000] {processor.py:914} INFO - Processing file /opt/airflow/dags/finascore_pipeline_dag.py for tasks to queue
[2026-08-02T00:39:39.028+0000] {logging_mixin.py:190} INFO - [2026-08-02T00:39:39.028+0000] {dagbag.py:588} INFO - Filling up the DagBag from /opt/airflow/dags/finascore_pipeline_dag.py
[2026-08-02T00:39:39.040+0000] {processor.py:925} INFO - DAG(s) 'finascore_ml_pipeline' retrieved from /opt/airflow/dags/finascore_pipeline_dag.py
[2026-08-02T00:39:39.073+0000] {logging_mixin.py:190} INFO - [2026-08-02T00:39:39.072+0000] {dag.py:3239} INFO - Sync 1 DAGs
[2026-08-02T00:39:39.097+0000] {logging_mixin.py:190} INFO - [2026-08-02T00:39:39.097+0000] {dag.py:4180} INFO - Setting next_dagrun for finascore_ml_pipeline to 2026-07-26 00:00:00+00:00, run_after=2026-08-02 00:00:00+00:00
[2026-08-02T00:39:39.113+0000] {processor.py:208} INFO - Processing /opt/airflow/dags/finascore_pipeline_dag.py took 0.093 seconds
[2026-08-02T00:40:09.231+0000] {processor.py:186} INFO - Started process (PID=2841) to work on /opt/airflow/dags/finascore_pipeline_dag.py
[2026-08-02T00:40:09.233+0000] {processor.py:914} INFO - Processing file /opt/airflow/dags/finascore_pipeline_dag.py for tasks to queue
[2026-08-02T00:40:09.234+0000] {logging_mixin.py:190} INFO - [2026-08-02T00:40:09.233+0000] {dagbag.py:588} INFO - Filling up the DagBag from /opt/airflow/dags/finascore_pipeline_dag.py
[2026-08-02T00:40:09.246+0000] {processor.py:925} INFO - DAG(s) 'finascore_ml_pipeline' retrieved from /opt/airflow/dags/finascore_pipeline_dag.py
[2026-08-02T00:40:09.279+0000] {logging_mixin.py:190} INFO - [2026-08-02T00:40:09.279+0000] {dag.py:3239} INFO - Sync 1 DAGs
[2026-08-02T00:40:09.301+0000] {logging_mixin.py:190} INFO - [2026-08-02T00:40:09.301+0000] {dag.py:4180} INFO - Setting next_dagrun for finascore_ml_pipeline to 2026-07-26 00:00:00+00:00, run_after=2026-08-02 00:00:00+00:00
[2026-08-02T00:40:09.315+0000] {processor.py:208} INFO - Processing /opt/airflow/dags/finascore_pipeline_dag.py took 0.090 seconds
[2026-08-02T00:40:39.395+0000] {processor.py:186} INFO - Started process (PID=2846) to work on /opt/airflow/dags/finascore_pipeline_dag.py
[2026-08-02T00:40:39.395+0000] {processor.py:914} INFO - Processing file /opt/airflow/dags/finascore_pipeline_dag.py for tasks to queue
[2026-08-02T00:40:39.396+0000] {logging_mixin.py:190} INFO - [2026-08-02T00:40:39.396+0000] {dagbag.py:588} INFO - Filling up the DagBag from /opt/airflow/dags/finascore_pipeline_dag.py
[2026-08-02T00:40:39.414+0000] {processor.py:925} INFO - DAG(s) 'finascore_ml_pipeline' retrieved from /opt/airflow/dags/finascore_pipeline_dag.py
[2026-08-02T00:40:39.447+0000] {logging_mixin.py:190} INFO - [2026-08-02T00:40:39.447+0000] {dag.py:3239} INFO - Sync 1 DAGs
[2026-08-02T00:40:39.470+0000] {logging_mixin.py:190} INFO - [2026-08-02T00:40:39.469+0000] {dag.py:4180} INFO - Setting next_dagrun for finascore_ml_pipeline to 2026-07-26 00:00:00+00:00, run_after=2026-08-02 00:00:00+00:00
[2026-08-02T00:40:39.484+0000] {processor.py:208} INFO - Processing /opt/airflow/dags/finascore_pipeline_dag.py took 0.096 seconds
[2026-08-02T00:41:09.588+0000] {processor.py:186} INFO - Started process (PID=2851) to work on /opt/airflow/dags/finascore_pipeline_dag.py
[2026-08-02T00:41:09.590+0000] {processor.py:914} INFO - Processing file /opt/airflow/dags/finascore_pipeline_dag.py for tasks to queue
[2026-08-02T00:41:09.591+0000] {logging_mixin.py:190} INFO - [2026-08-02T00:41:09.590+0000] {dagbag.py:588} INFO - Filling up the DagBag from /opt/airflow/dags/finascore_pipeline_dag.py
[2026-08-02T00:41:09.603+0000] {processor.py:925} INFO - DAG(s) 'finascore_ml_pipeline' retrieved from /opt/airflow/dags/finascore_pipeline_dag.py
[2026-08-02T00:41:09.635+0000] {logging_mixin.py:190} INFO - [2026-08-02T00:41:09.635+0000] {dag.py:3239} INFO - Sync 1 DAGs
[2026-08-02T00:41:09.657+0000] {logging_mixin.py:190} INFO - [2026-08-02T00:41:09.657+0000] {dag.py:4180} INFO - Setting next_dagrun for finascore_ml_pipeline to 2026-07-26 00:00:00+00:00, run_after=2026-08-02 00:00:00+00:00
[2026-08-02T00:41:09.673+0000] {processor.py:208} INFO - Processing /opt/airflow/dags/finascore_pipeline_dag.py took 0.091 seconds
[2026-08-02T00:41:39.766+0000] {processor.py:186} INFO - Started process (PID=2856) to work on /opt/airflow/dags/finascore_pipeline_dag.py
[2026-08-02T00:41:39.766+0000] {processor.py:914} INFO - Processing file /opt/airflow/dags/finascore_pipeline_dag.py for tasks to queue
[2026-08-02T00:41:39.768+0000] {logging_mixin.py:190} INFO - [2026-08-02T00:41:39.768+0000] {dagbag.py:588} INFO - Filling up the DagBag from /opt/airflow/dags/finascore_pipeline_dag.py
[2026-08-02T00:41:39.780+0000] {processor.py:925} INFO - DAG(s) 'finascore_ml_pipeline' retrieved from /opt/airflow/dags/finascore_pipeline_dag.py
[2026-08-02T00:41:39.813+0000] {logging_mixin.py:190} INFO - [2026-08-02T00:41:39.813+0000] {dag.py:3239} INFO - Sync 1 DAGs
[2026-08-02T00:41:39.836+0000] {logging_mixin.py:190} INFO - [2026-08-02T00:41:39.836+0000] {dag.py:4180} INFO - Setting next_dagrun for finascore_ml_pipeline to 2026-07-26 00:00:00+00:00, run_after=2026-08-02 00:00:00+00:00
[2026-08-02T00:41:39.853+0000] {processor.py:208} INFO - Processing /opt/airflow/dags/finascore_pipeline_dag.py took 0.093 seconds
[2026-08-02T00:42:09.952+0000] {processor.py:186} INFO - Started process (PID=2861) to work on /opt/airflow/dags/finascore_pipeline_dag.py
[2026-08-02T00:42:09.954+0000] {processor.py:914} INFO - Processing file /opt/airflow/dags/finascore_pipeline_dag.py for tasks to queue
[2026-08-02T00:42:09.955+0000] {logging_mixin.py:190} INFO - [2026-08-02T00:42:09.955+0000] {dagbag.py:588} INFO - Filling up the DagBag from /opt/airflow/dags/finascore_pipeline_dag.py
[2026-08-02T00:42:09.967+0000] {processor.py:925} INFO - DAG(s) 'finascore_ml_pipeline' retrieved from /opt/airflow/dags/finascore_pipeline_dag.py
[2026-08-02T00:42:09.999+0000] {logging_mixin.py:190} INFO - [2026-08-02T00:42:09.998+0000] {dag.py:3239} INFO - Sync 1 DAGs
[2026-08-02T00:42:10.022+0000] {logging_mixin.py:190} INFO - [2026-08-02T00:42:10.022+0000] {dag.py:4180} INFO - Setting next_dagrun for finascore_ml_pipeline to 2026-07-26 00:00:00+00:00, run_after=2026-08-02 00:00:00+00:00
[2026-08-02T00:42:10.038+0000] {processor.py:208} INFO - Processing /opt/airflow/dags/finascore_pipeline_dag.py took 0.092 seconds
[2026-08-02T00:42:40.118+0000] {processor.py:186} INFO - Started process (PID=2866) to work on /opt/airflow/dags/finascore_pipeline_dag.py
[2026-08-02T00:42:40.119+0000] {processor.py:914} INFO - Processing file /opt/airflow/dags/finascore_pipeline_dag.py for tasks to queue
[2026-08-02T00:42:40.120+0000] {logging_mixin.py:190} INFO - [2026-08-02T00:42:40.120+0000] {dagbag.py:588} INFO - Filling up the DagBag from /opt/airflow/dags/finascore_pipeline_dag.py
[2026-08-02T00:42:40.132+0000] {processor.py:925} INFO - DAG(s) 'finascore_ml_pipeline' retrieved from /opt/airflow/dags/finascore_pipeline_dag.py
[2026-08-02T00:42:40.164+0000] {logging_mixin.py:190} INFO - [2026-08-02T00:42:40.164+0000] {dag.py:3239} INFO - Sync 1 DAGs
[2026-08-02T00:42:40.187+0000] {logging_mixin.py:190} INFO - [2026-08-02T00:42:40.186+0000] {dag.py:4180} INFO - Setting next_dagrun for finascore_ml_pipeline to 2026-07-26 00:00:00+00:00, run_after=2026-08-02 00:00:00+00:00
[2026-08-02T00:42:40.203+0000] {processor.py:208} INFO - Processing /opt/airflow/dags/finascore_pipeline_dag.py took 0.091 seconds
[2026-08-02T00:43:10.303+0000] {processor.py:186} INFO - Started process (PID=2871) to work on /opt/airflow/dags/finascore_pipeline_dag.py
[2026-08-02T00:43:10.305+0000] {processor.py:914} INFO - Processing file /opt/airflow/dags/finascore_pipeline_dag.py for tasks to queue
[2026-08-02T00:43:10.306+0000] {logging_mixin.py:190} INFO - [2026-08-02T00:43:10.305+0000] {dagbag.py:588} INFO - Filling up the DagBag from /opt/airflow/dags/finascore_pipeline_dag.py
[2026-08-02T00:43:10.318+0000] {processor.py:925} INFO - DAG(s) 'finascore_ml_pipeline' retrieved from /opt/airflow/dags/finascore_pipeline_dag.py
[2026-08-02T00:43:10.351+0000] {logging_mixin.py:190} INFO - [2026-08-02T00:43:10.351+0000] {dag.py:3239} INFO - Sync 1 DAGs
[2026-08-02T00:43:10.373+0000] {logging_mixin.py:190} INFO - [2026-08-02T00:43:10.373+0000] {dag.py:4180} INFO - Setting next_dagrun for finascore_ml_pipeline to 2026-07-26 00:00:00+00:00, run_after=2026-08-02 00:00:00+00:00
[2026-08-02T00:43:10.390+0000] {processor.py:208} INFO - Processing /opt/airflow/dags/finascore_pipeline_dag.py took 0.094 seconds
[2026-08-02T00:43:40.463+0000] {processor.py:186} INFO - Started process (PID=2876) to work on /opt/airflow/dags/finascore_pipeline_dag.py
[2026-08-02T00:43:40.464+0000] {processor.py:914} INFO - Processing file /opt/airflow/dags/finascore_pipeline_dag.py for tasks to queue
[2026-08-02T00:43:40.465+0000] {logging_mixin.py:190} INFO - [2026-08-02T00:43:40.465+0000] {dagbag.py:588} INFO - Filling up the DagBag from /opt/airflow/dags/finascore_pipeline_dag.py
[2026-08-02T00:43:40.477+0000] {processor.py:925} INFO - DAG(s) 'finascore_ml_pipeline' retrieved from /opt/airflow/dags/finascore_pipeline_dag.py
[2026-08-02T00:43:40.511+0000] {logging_mixin.py:190} INFO - [2026-08-02T00:43:40.510+0000] {dag.py:3239} INFO - Sync 1 DAGs
[2026-08-02T00:43:40.533+0000] {logging_mixin.py:190} INFO - [2026-08-02T00:43:40.533+0000] {dag.py:4180} INFO - Setting next_dagrun for finascore_ml_pipeline to 2026-07-26 00:00:00+00:00, run_after=2026-08-02 00:00:00+00:00
[2026-08-02T00:43:40.550+0000] {processor.py:208} INFO - Processing /opt/airflow/dags/finascore_pipeline_dag.py took 0.092 seconds
[2026-08-02T00:44:10.653+0000] {processor.py:186} INFO - Started process (PID=2881) to work on /opt/airflow/dags/finascore_pipeline_dag.py
[2026-08-02T00:44:10.655+0000] {processor.py:914} INFO - Processing file /opt/airflow/dags/finascore_pipeline_dag.py for tasks to queue
[2026-08-02T00:44:10.656+0000] {logging_mixin.py:190} INFO - [2026-08-02T00:44:10.655+0000] {dagbag.py:588} INFO - Filling up the DagBag from /opt/airflow/dags/finascore_pipeline_dag.py
[2026-08-02T00:44:10.670+0000] {processor.py:925} INFO - DAG(s) 'finascore_ml_pipeline' retrieved from /opt/airflow/dags/finascore_pipeline_dag.py
[2026-08-02T00:44:10.715+0000] {logging_mixin.py:190} INFO - [2026-08-02T00:44:10.715+0000] {dag.py:3239} INFO - Sync 1 DAGs
[2026-08-02T00:44:10.738+0000] {logging_mixin.py:190} INFO - [2026-08-02T00:44:10.738+0000] {dag.py:4180} INFO - Setting next_dagrun for finascore_ml_pipeline to 2026-07-26 00:00:00+00:00, run_after=2026-08-02 00:00:00+00:00
[2026-08-02T00:44:10.755+0000] {processor.py:208} INFO - Processing /opt/airflow/dags/finascore_pipeline_dag.py took 0.108 seconds
[2026-08-02T00:44:40.836+0000] {processor.py:186} INFO - Started process (PID=2886) to work on /opt/airflow/dags/finascore_pipeline_dag.py
[2026-08-02T00:44:40.836+0000] {processor.py:914} INFO - Processing file /opt/airflow/dags/finascore_pipeline_dag.py for tasks to queue
[2026-08-02T00:44:40.837+0000] {logging_mixin.py:190} INFO - [2026-08-02T00:44:40.837+0000] {dagbag.py:588} INFO - Filling up the DagBag from /opt/airflow/dags/finascore_pipeline_dag.py
[2026-08-02T00:44:40.850+0000] {processor.py:925} INFO - DAG(s) 'finascore_ml_pipeline' retrieved from /opt/airflow/dags/finascore_pipeline_dag.py
[2026-08-02T00:44:40.882+0000] {logging_mixin.py:190} INFO - [2026-08-02T00:44:40.882+0000] {dag.py:3239} INFO - Sync 1 DAGs
[2026-08-02T00:44:40.907+0000] {logging_mixin.py:190} INFO - [2026-08-02T00:44:40.907+0000] {dag.py:4180} INFO - Setting next_dagrun for finascore_ml_pipeline to 2026-07-26 00:00:00+00:00, run_after=2026-08-02 00:00:00+00:00
[2026-08-02T00:44:40.925+0000] {processor.py:208} INFO - Processing /opt/airflow/dags/finascore_pipeline_dag.py took 0.095 seconds
[2026-08-02T00:45:11.030+0000] {processor.py:186} INFO - Started process (PID=2891) to work on /opt/airflow/dags/finascore_pipeline_dag.py
[2026-08-02T00:45:11.031+0000] {processor.py:914} INFO - Processing file /opt/airflow/dags/finascore_pipeline_dag.py for tasks to queue
[2026-08-02T00:45:11.032+0000] {logging_mixin.py:190} INFO - [2026-08-02T00:45:11.032+0000] {dagbag.py:588} INFO - Filling up the DagBag from /opt/airflow/dags/finascore_pipeline_dag.py
[2026-08-02T00:45:11.047+0000] {processor.py:925} INFO - DAG(s) 'finascore_ml_pipeline' retrieved from /opt/airflow/dags/finascore_pipeline_dag.py
[2026-08-02T00:45:11.080+0000] {logging_mixin.py:190} INFO - [2026-08-02T00:45:11.080+0000] {dag.py:3239} INFO - Sync 1 DAGs
[2026-08-02T00:45:11.103+0000] {logging_mixin.py:190} INFO - [2026-08-02T00:45:11.103+0000] {dag.py:4180} INFO - Setting next_dagrun for finascore_ml_pipeline to 2026-07-26 00:00:00+00:00, run_after=2026-08-02 00:00:00+00:00
[2026-08-02T00:45:11.119+0000] {processor.py:208} INFO - Processing /opt/airflow/dags/finascore_pipeline_dag.py took 0.095 seconds
[2026-08-02T00:45:41.186+0000] {processor.py:186} INFO - Started process (PID=2896) to work on /opt/airflow/dags/finascore_pipeline_dag.py
[2026-08-02T00:45:41.187+0000] {processor.py:914} INFO - Processing file /opt/airflow/dags/finascore_pipeline_dag.py for tasks to queue
[2026-08-02T00:45:41.189+0000] {logging_mixin.py:190} INFO - [2026-08-02T00:45:41.188+0000] {dagbag.py:588} INFO - Filling up the DagBag from /opt/airflow/dags/finascore_pipeline_dag.py
[2026-08-02T00:45:41.200+0000] {processor.py:925} INFO - DAG(s) 'finascore_ml_pipeline' retrieved from /opt/airflow/dags/finascore_pipeline_dag.py
[2026-08-02T00:45:41.234+0000] {logging_mixin.py:190} INFO - [2026-08-02T00:45:41.233+0000] {dag.py:3239} INFO - Sync 1 DAGs
[2026-08-02T00:45:41.255+0000] {logging_mixin.py:190} INFO - [2026-08-02T00:45:41.255+0000] {dag.py:4180} INFO - Setting next_dagrun for finascore_ml_pipeline to 2026-07-26 00:00:00+00:00, run_after=2026-08-02 00:00:00+00:00
[2026-08-02T00:45:41.272+0000] {processor.py:208} INFO - Processing /opt/airflow/dags/finascore_pipeline_dag.py took 0.091 seconds
[2026-08-02T00:46:11.383+0000] {processor.py:186} INFO - Started process (PID=2901) to work on /opt/airflow/dags/finascore_pipeline_dag.py
[2026-08-02T00:46:11.385+0000] {processor.py:914} INFO - Processing file /opt/airflow/dags/finascore_pipeline_dag.py for tasks to queue
[2026-08-02T00:46:11.386+0000] {logging_mixin.py:190} INFO - [2026-08-02T00:46:11.386+0000] {dagbag.py:588} INFO - Filling up the DagBag from /opt/airflow/dags/finascore_pipeline_dag.py
[2026-08-02T00:46:11.399+0000] {processor.py:925} INFO - DAG(s) 'finascore_ml_pipeline' retrieved from /opt/airflow/dags/finascore_pipeline_dag.py
[2026-08-02T00:46:11.432+0000] {logging_mixin.py:190} INFO - [2026-08-02T00:46:11.431+0000] {dag.py:3239} INFO - Sync 1 DAGs
[2026-08-02T00:46:11.454+0000] {logging_mixin.py:190} INFO - [2026-08-02T00:46:11.454+0000] {dag.py:4180} INFO - Setting next_dagrun for finascore_ml_pipeline to 2026-07-26 00:00:00+00:00, run_after=2026-08-02 00:00:00+00:00
[2026-08-02T00:46:11.472+0000] {processor.py:208} INFO - Processing /opt/airflow/dags/finascore_pipeline_dag.py took 0.095 seconds
[2026-08-02T00:46:41.534+0000] {processor.py:186} INFO - Started process (PID=2906) to work on /opt/airflow/dags/finascore_pipeline_dag.py
[2026-08-02T00:46:41.534+0000] {processor.py:914} INFO - Processing file /opt/airflow/dags/finascore_pipeline_dag.py for tasks to queue
[2026-08-02T00:46:41.535+0000] {logging_mixin.py:190} INFO - [2026-08-02T00:46:41.535+0000] {dagbag.py:588} INFO - Filling up the DagBag from /opt/airflow/dags/finascore_pipeline_dag.py
[2026-08-02T00:46:41.548+0000] {processor.py:925} INFO - DAG(s) 'finascore_ml_pipeline' retrieved from /opt/airflow/dags/finascore_pipeline_dag.py
[2026-08-02T00:46:41.580+0000] {logging_mixin.py:190} INFO - [2026-08-02T00:46:41.579+0000] {dag.py:3239} INFO - Sync 1 DAGs
[2026-08-02T00:46:41.603+0000] {logging_mixin.py:190} INFO - [2026-08-02T00:46:41.602+0000] {dag.py:4180} INFO - Setting next_dagrun for finascore_ml_pipeline to 2026-07-26 00:00:00+00:00, run_after=2026-08-02 00:00:00+00:00
[2026-08-02T00:46:41.619+0000] {processor.py:208} INFO - Processing /opt/airflow/dags/finascore_pipeline_dag.py took 0.091 seconds
[2026-08-02T00:47:11.732+0000] {processor.py:186} INFO - Started process (PID=2911) to work on /opt/airflow/dags/finascore_pipeline_dag.py
[2026-08-02T00:47:11.734+0000] {processor.py:914} INFO - Processing file /opt/airflow/dags/finascore_pipeline_dag.py for tasks to queue
[2026-08-02T00:47:11.735+0000] {logging_mixin.py:190} INFO - [2026-08-02T00:47:11.734+0000] {dagbag.py:588} INFO - Filling up the DagBag from /opt/airflow/dags/finascore_pipeline_dag.py
[2026-08-02T00:47:11.747+0000] {processor.py:925} INFO - DAG(s) 'finascore_ml_pipeline' retrieved from /opt/airflow/dags/finascore_pipeline_dag.py
[2026-08-02T00:47:11.778+0000] {logging_mixin.py:190} INFO - [2026-08-02T00:47:11.777+0000] {dag.py:3239} INFO - Sync 1 DAGs
[2026-08-02T00:47:11.799+0000] {logging_mixin.py:190} INFO - [2026-08-02T00:47:11.799+0000] {dag.py:4180} INFO - Setting next_dagrun for finascore_ml_pipeline to 2026-07-26 00:00:00+00:00, run_after=2026-08-02 00:00:00+00:00
[2026-08-02T00:47:11.815+0000] {processor.py:208} INFO - Processing /opt/airflow/dags/finascore_pipeline_dag.py took 0.089 seconds
[2026-08-02T00:47:41.900+0000] {processor.py:186} INFO - Started process (PID=2916) to work on /opt/airflow/dags/finascore_pipeline_dag.py
[2026-08-02T00:47:41.901+0000] {processor.py:914} INFO - Processing file /opt/airflow/dags/finascore_pipeline_dag.py for tasks to queue
[2026-08-02T00:47:41.902+0000] {logging_mixin.py:190} INFO - [2026-08-02T00:47:41.902+0000] {dagbag.py:588} INFO - Filling up the DagBag from /opt/airflow/dags/finascore_pipeline_dag.py
[2026-08-02T00:47:41.914+0000] {processor.py:925} INFO - DAG(s) 'finascore_ml_pipeline' retrieved from /opt/airflow/dags/finascore_pipeline_dag.py
[2026-08-02T00:47:41.949+0000] {logging_mixin.py:190} INFO - [2026-08-02T00:47:41.949+0000] {dag.py:3239} INFO - Sync 1 DAGs
[2026-08-02T00:47:41.972+0000] {logging_mixin.py:190} INFO - [2026-08-02T00:47:41.972+0000] {dag.py:4180} INFO - Setting next_dagrun for finascore_ml_pipeline to 2026-07-26 00:00:00+00:00, run_after=2026-08-02 00:00:00+00:00
[2026-08-02T00:47:41.988+0000] {processor.py:208} INFO - Processing /opt/airflow/dags/finascore_pipeline_dag.py took 0.094 seconds
[2026-08-02T00:48:12.087+0000] {processor.py:186} INFO - Started process (PID=2921) to work on /opt/airflow/dags/finascore_pipeline_dag.py
[2026-08-02T00:48:12.089+0000] {processor.py:914} INFO - Processing file /opt/airflow/dags/finascore_pipeline_dag.py for tasks to queue
[2026-08-02T00:48:12.090+0000] {logging_mixin.py:190} INFO - [2026-08-02T00:48:12.089+0000] {dagbag.py:588} INFO - Filling up the DagBag from /opt/airflow/dags/finascore_pipeline_dag.py
[2026-08-02T00:48:12.102+0000] {processor.py:925} INFO - DAG(s) 'finascore_ml_pipeline' retrieved from /opt/airflow/dags/finascore_pipeline_dag.py
[2026-08-02T00:48:12.135+0000] {logging_mixin.py:190} INFO - [2026-08-02T00:48:12.135+0000] {dag.py:3239} INFO - Sync 1 DAGs
[2026-08-02T00:48:12.158+0000] {logging_mixin.py:190} INFO - [2026-08-02T00:48:12.158+0000] {dag.py:4180} INFO - Setting next_dagrun for finascore_ml_pipeline to 2026-07-26 00:00:00+00:00, run_after=2026-08-02 00:00:00+00:00
[2026-08-02T00:48:12.175+0000] {processor.py:208} INFO - Processing /opt/airflow/dags/finascore_pipeline_dag.py took 0.094 seconds
[2026-08-02T00:48:42.261+0000] {processor.py:186} INFO - Started process (PID=2926) to work on /opt/airflow/dags/finascore_pipeline_dag.py
[2026-08-02T00:48:42.262+0000] {processor.py:914} INFO - Processing file /opt/airflow/dags/finascore_pipeline_dag.py for tasks to queue
[2026-08-02T00:48:42.263+0000] {logging_mixin.py:190} INFO - [2026-08-02T00:48:42.263+0000] {dagbag.py:588} INFO - Filling up the DagBag from /opt/airflow/dags/finascore_pipeline_dag.py
[2026-08-02T00:48:42.275+0000] {processor.py:925} INFO - DAG(s) 'finascore_ml_pipeline' retrieved from /opt/airflow/dags/finascore_pipeline_dag.py
[2026-08-02T00:48:42.309+0000] {logging_mixin.py:190} INFO - [2026-08-02T00:48:42.309+0000] {dag.py:3239} INFO - Sync 1 DAGs
[2026-08-02T00:48:42.332+0000] {logging_mixin.py:190} INFO - [2026-08-02T00:48:42.332+0000] {dag.py:4180} INFO - Setting next_dagrun for finascore_ml_pipeline to 2026-07-26 00:00:00+00:00, run_after=2026-08-02 00:00:00+00:00
[2026-08-02T00:48:42.347+0000] {processor.py:208} INFO - Processing /opt/airflow/dags/finascore_pipeline_dag.py took 0.092 seconds
[2026-08-02T00:49:12.454+0000] {processor.py:186} INFO - Started process (PID=2931) to work on /opt/airflow/dags/finascore_pipeline_dag.py
[2026-08-02T00:49:12.455+0000] {processor.py:914} INFO - Processing file /opt/airflow/dags/finascore_pipeline_dag.py for tasks to queue
[2026-08-02T00:49:12.457+0000] {logging_mixin.py:190} INFO - [2026-08-02T00:49:12.456+0000] {dagbag.py:588} INFO - Filling up the DagBag from /opt/airflow/dags/finascore_pipeline_dag.py
[2026-08-02T00:49:12.469+0000] {processor.py:925} INFO - DAG(s) 'finascore_ml_pipeline' retrieved from /opt/airflow/dags/finascore_pipeline_dag.py
[2026-08-02T00:49:12.501+0000] {logging_mixin.py:190} INFO - [2026-08-02T00:49:12.501+0000] {dag.py:3239} INFO - Sync 1 DAGs
[2026-08-02T00:49:12.524+0000] {logging_mixin.py:190} INFO - [2026-08-02T00:49:12.524+0000] {dag.py:4180} INFO - Setting next_dagrun for finascore_ml_pipeline to 2026-07-26 00:00:00+00:00, run_after=2026-08-02 00:00:00+00:00
[2026-08-02T00:49:12.541+0000] {processor.py:208} INFO - Processing /opt/airflow/dags/finascore_pipeline_dag.py took 0.092 seconds
[2026-08-02T00:49:42.614+0000] {processor.py:186} INFO - Started process (PID=2936) to work on /opt/airflow/dags/finascore_pipeline_dag.py
[2026-08-02T00:49:42.616+0000] {processor.py:914} INFO - Processing file /opt/airflow/dags/finascore_pipeline_dag.py for tasks to queue
[2026-08-02T00:49:42.617+0000] {logging_mixin.py:190} INFO - [2026-08-02T00:49:42.617+0000] {dagbag.py:588} INFO - Filling up the DagBag from /opt/airflow/dags/finascore_pipeline_dag.py
[2026-08-02T00:49:42.629+0000] {processor.py:925} INFO - DAG(s) 'finascore_ml_pipeline' retrieved from /opt/airflow/dags/finascore_pipeline_dag.py
[2026-08-02T00:49:42.661+0000] {logging_mixin.py:190} INFO - [2026-08-02T00:49:42.661+0000] {dag.py:3239} INFO - Sync 1 DAGs
[2026-08-02T00:49:42.684+0000] {logging_mixin.py:190} INFO - [2026-08-02T00:49:42.684+0000] {dag.py:4180} INFO - Setting next_dagrun for finascore_ml_pipeline to 2026-07-26 00:00:00+00:00, run_after=2026-08-02 00:00:00+00:00
[2026-08-02T00:49:42.700+0000] {processor.py:208} INFO - Processing /opt/airflow/dags/finascore_pipeline_dag.py took 0.092 seconds
[2026-08-02T00:50:12.817+0000] {processor.py:186} INFO - Started process (PID=2941) to work on /opt/airflow/dags/finascore_pipeline_dag.py
[2026-08-02T00:50:12.818+0000] {processor.py:914} INFO - Processing file /opt/airflow/dags/finascore_pipeline_dag.py for tasks to queue
[2026-08-02T00:50:12.819+0000] {logging_mixin.py:190} INFO - [2026-08-02T00:50:12.819+0000] {dagbag.py:588} INFO - Filling up the DagBag from /opt/airflow/dags/finascore_pipeline_dag.py
[2026-08-02T00:50:12.831+0000] {processor.py:925} INFO - DAG(s) 'finascore_ml_pipeline' retrieved from /opt/airflow/dags/finascore_pipeline_dag.py
[2026-08-02T00:50:12.864+0000] {logging_mixin.py:190} INFO - [2026-08-02T00:50:12.864+0000] {dag.py:3239} INFO - Sync 1 DAGs
[2026-08-02T00:50:12.886+0000] {logging_mixin.py:190} INFO - [2026-08-02T00:50:12.886+0000] {dag.py:4180} INFO - Setting next_dagrun for finascore_ml_pipeline to 2026-07-26 00:00:00+00:00, run_after=2026-08-02 00:00:00+00:00
[2026-08-02T00:50:12.903+0000] {processor.py:208} INFO - Processing /opt/airflow/dags/finascore_pipeline_dag.py took 0.093 seconds
[2026-08-02T00:50:42.987+0000] {processor.py:186} INFO - Started process (PID=2946) to work on /opt/airflow/dags/finascore_pipeline_dag.py
[2026-08-02T00:50:42.988+0000] {processor.py:914} INFO - Processing file /opt/airflow/dags/finascore_pipeline_dag.py for tasks to queue
[2026-08-02T00:50:42.989+0000] {logging_mixin.py:190} INFO - [2026-08-02T00:50:42.989+0000] {dagbag.py:588} INFO - Filling up the DagBag from /opt/airflow/dags/finascore_pipeline_dag.py
[2026-08-02T00:50:43.002+0000] {processor.py:925} INFO - DAG(s) 'finascore_ml_pipeline' retrieved from /opt/airflow/dags/finascore_pipeline_dag.py
[2026-08-02T00:50:43.035+0000] {logging_mixin.py:190} INFO - [2026-08-02T00:50:43.035+0000] {dag.py:3239} INFO - Sync 1 DAGs
[2026-08-02T00:50:43.058+0000] {logging_mixin.py:190} INFO - [2026-08-02T00:50:43.058+0000] {dag.py:4180} INFO - Setting next_dagrun for finascore_ml_pipeline to 2026-07-26 00:00:00+00:00, run_after=2026-08-02 00:00:00+00:00
[2026-08-02T00:50:43.075+0000] {processor.py:208} INFO - Processing /opt/airflow/dags/finascore_pipeline_dag.py took 0.094 seconds
[2026-08-02T00:51:13.173+0000] {processor.py:186} INFO - Started process (PID=2951) to work on /opt/airflow/dags/finascore_pipeline_dag.py
[2026-08-02T00:51:13.174+0000] {processor.py:914} INFO - Processing file /opt/airflow/dags/finascore_pipeline_dag.py for tasks to queue
[2026-08-02T00:51:13.175+0000] {logging_mixin.py:190} INFO - [2026-08-02T00:51:13.175+0000] {dagbag.py:588} INFO - Filling up the DagBag from /opt/airflow/dags/finascore_pipeline_dag.py
[2026-08-02T00:51:13.187+0000] {processor.py:925} INFO - DAG(s) 'finascore_ml_pipeline' retrieved from /opt/airflow/dags/finascore_pipeline_dag.py
[2026-08-02T00:51:13.222+0000] {logging_mixin.py:190} INFO - [2026-08-02T00:51:13.222+0000] {dag.py:3239} INFO - Sync 1 DAGs
[2026-08-02T00:51:13.245+0000] {logging_mixin.py:190} INFO - [2026-08-02T00:51:13.245+0000] {dag.py:4180} INFO - Setting next_dagrun for finascore_ml_pipeline to 2026-07-26 00:00:00+00:00, run_after=2026-08-02 00:00:00+00:00
[2026-08-02T00:51:13.261+0000] {processor.py:208} INFO - Processing /opt/airflow/dags/finascore_pipeline_dag.py took 0.094 seconds
[2026-08-02T00:51:43.338+0000] {processor.py:186} INFO - Started process (PID=2956) to work on /opt/airflow/dags/finascore_pipeline_dag.py
[2026-08-02T00:51:43.340+0000] {processor.py:914} INFO - Processing file /opt/airflow/dags/finascore_pipeline_dag.py for tasks to queue
[2026-08-02T00:51:43.341+0000] {logging_mixin.py:190} INFO - [2026-08-02T00:51:43.340+0000] {dagbag.py:588} INFO - Filling up the DagBag from /opt/airflow/dags/finascore_pipeline_dag.py
[2026-08-02T00:51:43.353+0000] {processor.py:925} INFO - DAG(s) 'finascore_ml_pipeline' retrieved from /opt/airflow/dags/finascore_pipeline_dag.py
[2026-08-02T00:51:43.386+0000] {logging_mixin.py:190} INFO - [2026-08-02T00:51:43.386+0000] {dag.py:3239} INFO - Sync 1 DAGs
[2026-08-02T00:51:43.408+0000] {logging_mixin.py:190} INFO - [2026-08-02T00:51:43.408+0000] {dag.py:4180} INFO - Setting next_dagrun for finascore_ml_pipeline to 2026-07-26 00:00:00+00:00, run_after=2026-08-02 00:00:00+00:00
[2026-08-02T00:51:43.423+0000] {processor.py:208} INFO - Processing /opt/airflow/dags/finascore_pipeline_dag.py took 0.091 seconds
[2026-08-02T00:52:13.526+0000] {processor.py:186} INFO - Started process (PID=2961) to work on /opt/airflow/dags/finascore_pipeline_dag.py
[2026-08-02T00:52:13.527+0000] {processor.py:914} INFO - Processing file /opt/airflow/dags/finascore_pipeline_dag.py for tasks to queue
[2026-08-02T00:52:13.528+0000] {logging_mixin.py:190} INFO - [2026-08-02T00:52:13.528+0000] {dagbag.py:588} INFO - Filling up the DagBag from /opt/airflow/dags/finascore_pipeline_dag.py
[2026-08-02T00:52:13.543+0000] {processor.py:925} INFO - DAG(s) 'finascore_ml_pipeline' retrieved from /opt/airflow/dags/finascore_pipeline_dag.py
[2026-08-02T00:52:13.574+0000] {logging_mixin.py:190} INFO - [2026-08-02T00:52:13.573+0000] {dag.py:3239} INFO - Sync 1 DAGs
[2026-08-02T00:52:13.596+0000] {logging_mixin.py:190} INFO - [2026-08-02T00:52:13.595+0000] {dag.py:4180} INFO - Setting next_dagrun for finascore_ml_pipeline to 2026-07-26 00:00:00+00:00, run_after=2026-08-02 00:00:00+00:00
[2026-08-02T00:52:13.612+0000] {processor.py:208} INFO - Processing /opt/airflow/dags/finascore_pipeline_dag.py took 0.092 seconds
[2026-08-02T00:52:43.691+0000] {processor.py:186} INFO - Started process (PID=2966) to work on /opt/airflow/dags/finascore_pipeline_dag.py
[2026-08-02T00:52:43.693+0000] {processor.py:914} INFO - Processing file /opt/airflow/dags/finascore_pipeline_dag.py for tasks to queue
[2026-08-02T00:52:43.694+0000] {logging_mixin.py:190} INFO - [2026-08-02T00:52:43.694+0000] {dagbag.py:588} INFO - Filling up the DagBag from /opt/airflow/dags/finascore_pipeline_dag.py
[2026-08-02T00:52:43.708+0000] {processor.py:925} INFO - DAG(s) 'finascore_ml_pipeline' retrieved from /opt/airflow/dags/finascore_pipeline_dag.py
[2026-08-02T00:52:43.741+0000] {logging_mixin.py:190} INFO - [2026-08-02T00:52:43.741+0000] {dag.py:3239} INFO - Sync 1 DAGs
[2026-08-02T00:52:43.763+0000] {logging_mixin.py:190} INFO - [2026-08-02T00:52:43.763+0000] {dag.py:4180} INFO - Setting next_dagrun for finascore_ml_pipeline to 2026-07-26 00:00:00+00:00, run_after=2026-08-02 00:00:00+00:00
[2026-08-02T00:52:43.776+0000] {processor.py:208} INFO - Processing /opt/airflow/dags/finascore_pipeline_dag.py took 0.091 seconds
[2026-08-02T00:53:13.894+0000] {processor.py:186} INFO - Started process (PID=2971) to work on /opt/airflow/dags/finascore_pipeline_dag.py
[2026-08-02T00:53:13.894+0000] {processor.py:914} INFO - Processing file /opt/airflow/dags/finascore_pipeline_dag.py for tasks to queue
[2026-08-02T00:53:13.896+0000] {logging_mixin.py:190} INFO - [2026-08-02T00:53:13.896+0000] {dagbag.py:588} INFO - Filling up the DagBag from /opt/airflow/dags/finascore_pipeline_dag.py
[2026-08-02T00:53:13.911+0000] {processor.py:925} INFO - DAG(s) 'finascore_ml_pipeline' retrieved from /opt/airflow/dags/finascore_pipeline_dag.py
[2026-08-02T00:53:13.941+0000] {logging_mixin.py:190} INFO - [2026-08-02T00:53:13.941+0000] {dag.py:3239} INFO - Sync 1 DAGs
[2026-08-02T00:53:13.964+0000] {logging_mixin.py:190} INFO - [2026-08-02T00:53:13.964+0000] {dag.py:4180} INFO - Setting next_dagrun for finascore_ml_pipeline to 2026-07-26 00:00:00+00:00, run_after=2026-08-02 00:00:00+00:00
[2026-08-02T00:53:13.978+0000] {processor.py:208} INFO - Processing /opt/airflow/dags/finascore_pipeline_dag.py took 0.090 seconds
[2026-08-02T00:53:44.047+0000] {processor.py:186} INFO - Started process (PID=2976) to work on /opt/airflow/dags/finascore_pipeline_dag.py
[2026-08-02T00:53:44.049+0000] {processor.py:914} INFO - Processing file /opt/airflow/dags/finascore_pipeline_dag.py for tasks to queue
[2026-08-02T00:53:44.051+0000] {logging_mixin.py:190} INFO - [2026-08-02T00:53:44.050+0000] {dagbag.py:588} INFO - Filling up the DagBag from /opt/airflow/dags/finascore_pipeline_dag.py
[2026-08-02T00:53:44.062+0000] {processor.py:925} INFO - DAG(s) 'finascore_ml_pipeline' retrieved from /opt/airflow/dags/finascore_pipeline_dag.py
[2026-08-02T00:53:44.093+0000] {logging_mixin.py:190} INFO - [2026-08-02T00:53:44.092+0000] {dag.py:3239} INFO - Sync 1 DAGs
[2026-08-02T00:53:44.116+0000] {logging_mixin.py:190} INFO - [2026-08-02T00:53:44.116+0000] {dag.py:4180} INFO - Setting next_dagrun for finascore_ml_pipeline to 2026-07-26 00:00:00+00:00, run_after=2026-08-02 00:00:00+00:00
[2026-08-02T00:53:44.130+0000] {processor.py:208} INFO - Processing /opt/airflow/dags/finascore_pipeline_dag.py took 0.089 seconds
[2026-08-02T00:54:14.254+0000] {processor.py:186} INFO - Started process (PID=2981) to work on /opt/airflow/dags/finascore_pipeline_dag.py
[2026-08-02T00:54:14.254+0000] {processor.py:914} INFO - Processing file /opt/airflow/dags/finascore_pipeline_dag.py for tasks to queue
[2026-08-02T00:54:14.256+0000] {logging_mixin.py:190} INFO - [2026-08-02T00:54:14.255+0000] {dagbag.py:588} INFO - Filling up the DagBag from /opt/airflow/dags/finascore_pipeline_dag.py
[2026-08-02T00:54:14.269+0000] {processor.py:925} INFO - DAG(s) 'finascore_ml_pipeline' retrieved from /opt/airflow/dags/finascore_pipeline_dag.py
[2026-08-02T00:54:14.300+0000] {logging_mixin.py:190} INFO - [2026-08-02T00:54:14.300+0000] {dag.py:3239} INFO - Sync 1 DAGs
[2026-08-02T00:54:14.322+0000] {logging_mixin.py:190} INFO - [2026-08-02T00:54:14.322+0000] {dag.py:4180} INFO - Setting next_dagrun for finascore_ml_pipeline to 2026-07-26 00:00:00+00:00, run_after=2026-08-02 00:00:00+00:00
[2026-08-02T00:54:14.339+0000] {processor.py:208} INFO - Processing /opt/airflow/dags/finascore_pipeline_dag.py took 0.091 seconds
[2026-08-02T00:54:44.401+0000] {processor.py:186} INFO - Started process (PID=2986) to work on /opt/airflow/dags/finascore_pipeline_dag.py
[2026-08-02T00:54:44.403+0000] {processor.py:914} INFO - Processing file /opt/airflow/dags/finascore_pipeline_dag.py for tasks to queue
[2026-08-02T00:54:44.404+0000] {logging_mixin.py:190} INFO - [2026-08-02T00:54:44.403+0000] {dagbag.py:588} INFO - Filling up the DagBag from /opt/airflow/dags/finascore_pipeline_dag.py
[2026-08-02T00:54:44.416+0000] {processor.py:925} INFO - DAG(s) 'finascore_ml_pipeline' retrieved from /opt/airflow/dags/finascore_pipeline_dag.py
[2026-08-02T00:54:44.450+0000] {logging_mixin.py:190} INFO - [2026-08-02T00:54:44.450+0000] {dag.py:3239} INFO - Sync 1 DAGs
[2026-08-02T00:54:44.473+0000] {logging_mixin.py:190} INFO - [2026-08-02T00:54:44.473+0000] {dag.py:4180} INFO - Setting next_dagrun for finascore_ml_pipeline to 2026-07-26 00:00:00+00:00, run_after=2026-08-02 00:00:00+00:00
[2026-08-02T00:54:44.489+0000] {processor.py:208} INFO - Processing /opt/airflow/dags/finascore_pipeline_dag.py took 0.094 seconds
[2026-08-02T00:55:14.595+0000] {processor.py:186} INFO - Started process (PID=2991) to work on /opt/airflow/dags/finascore_pipeline_dag.py
[2026-08-02T00:55:14.596+0000] {processor.py:914} INFO - Processing file /opt/airflow/dags/finascore_pipeline_dag.py for tasks to queue
[2026-08-02T00:55:14.597+0000] {logging_mixin.py:190} INFO - [2026-08-02T00:55:14.596+0000] {dagbag.py:588} INFO - Filling up the DagBag from /opt/airflow/dags/finascore_pipeline_dag.py
[2026-08-02T00:55:14.610+0000] {processor.py:925} INFO - DAG(s) 'finascore_ml_pipeline' retrieved from /opt/airflow/dags/finascore_pipeline_dag.py
[2026-08-02T00:55:14.641+0000] {logging_mixin.py:190} INFO - [2026-08-02T00:55:14.641+0000] {dag.py:3239} INFO - Sync 1 DAGs
[2026-08-02T00:55:14.663+0000] {logging_mixin.py:190} INFO - [2026-08-02T00:55:14.663+0000] {dag.py:4180} INFO - Setting next_dagrun for finascore_ml_pipeline to 2026-07-26 00:00:00+00:00, run_after=2026-08-02 00:00:00+00:00
[2026-08-02T00:55:14.678+0000] {processor.py:208} INFO - Processing /opt/airflow/dags/finascore_pipeline_dag.py took 0.089 seconds
[2026-08-02T00:55:44.772+0000] {processor.py:186} INFO - Started process (PID=2996) to work on /opt/airflow/dags/finascore_pipeline_dag.py
[2026-08-02T00:55:44.773+0000] {processor.py:914} INFO - Processing file /opt/airflow/dags/finascore_pipeline_dag.py for tasks to queue
[2026-08-02T00:55:44.774+0000] {logging_mixin.py:190} INFO - [2026-08-02T00:55:44.774+0000] {dagbag.py:588} INFO - Filling up the DagBag from /opt/airflow/dags/finascore_pipeline_dag.py
[2026-08-02T00:55:44.787+0000] {processor.py:925} INFO - DAG(s) 'finascore_ml_pipeline' retrieved from /opt/airflow/dags/finascore_pipeline_dag.py
[2026-08-02T00:55:44.835+0000] {logging_mixin.py:190} INFO - [2026-08-02T00:55:44.835+0000] {dag.py:3239} INFO - Sync 1 DAGs
[2026-08-02T00:55:44.858+0000] {logging_mixin.py:190} INFO - [2026-08-02T00:55:44.857+0000] {dag.py:4180} INFO - Setting next_dagrun for finascore_ml_pipeline to 2026-07-26 00:00:00+00:00, run_after=2026-08-02 00:00:00+00:00
[2026-08-02T00:55:44.875+0000] {processor.py:208} INFO - Processing /opt/airflow/dags/finascore_pipeline_dag.py took 0.109 seconds
[2026-08-02T00:56:14.958+0000] {processor.py:186} INFO - Started process (PID=3001) to work on /opt/airflow/dags/finascore_pipeline_dag.py
[2026-08-02T00:56:14.959+0000] {processor.py:914} INFO - Processing file /opt/airflow/dags/finascore_pipeline_dag.py for tasks to queue
[2026-08-02T00:56:14.960+0000] {logging_mixin.py:190} INFO - [2026-08-02T00:56:14.960+0000] {dagbag.py:588} INFO - Filling up the DagBag from /opt/airflow/dags/finascore_pipeline_dag.py
[2026-08-02T00:56:14.973+0000] {processor.py:925} INFO - DAG(s) 'finascore_ml_pipeline' retrieved from /opt/airflow/dags/finascore_pipeline_dag.py
[2026-08-02T00:56:15.005+0000] {logging_mixin.py:190} INFO - [2026-08-02T00:56:15.004+0000] {dag.py:3239} INFO - Sync 1 DAGs
[2026-08-02T00:56:15.027+0000] {logging_mixin.py:190} INFO - [2026-08-02T00:56:15.027+0000] {dag.py:4180} INFO - Setting next_dagrun for finascore_ml_pipeline to 2026-07-26 00:00:00+00:00, run_after=2026-08-02 00:00:00+00:00
[2026-08-02T00:56:15.042+0000] {processor.py:208} INFO - Processing /opt/airflow/dags/finascore_pipeline_dag.py took 0.090 seconds
[2026-08-02T00:56:45.134+0000] {processor.py:186} INFO - Started process (PID=3006) to work on /opt/airflow/dags/finascore_pipeline_dag.py
[2026-08-02T00:56:45.136+0000] {processor.py:914} INFO - Processing file /opt/airflow/dags/finascore_pipeline_dag.py for tasks to queue
[2026-08-02T00:56:45.137+0000] {logging_mixin.py:190} INFO - [2026-08-02T00:56:45.137+0000] {dagbag.py:588} INFO - Filling up the DagBag from /opt/airflow/dags/finascore_pipeline_dag.py
[2026-08-02T00:56:45.150+0000] {processor.py:925} INFO - DAG(s) 'finascore_ml_pipeline' retrieved from /opt/airflow/dags/finascore_pipeline_dag.py
[2026-08-02T00:56:45.182+0000] {logging_mixin.py:190} INFO - [2026-08-02T00:56:45.181+0000] {dag.py:3239} INFO - Sync 1 DAGs
[2026-08-02T00:56:45.204+0000] {logging_mixin.py:190} INFO - [2026-08-02T00:56:45.204+0000] {dag.py:4180} INFO - Setting next_dagrun for finascore_ml_pipeline to 2026-07-26 00:00:00+00:00, run_after=2026-08-02 00:00:00+00:00
[2026-08-02T00:56:45.220+0000] {processor.py:208} INFO - Processing /opt/airflow/dags/finascore_pipeline_dag.py took 0.092 seconds
[2026-08-02T00:57:15.314+0000] {processor.py:186} INFO - Started process (PID=3011) to work on /opt/airflow/dags/finascore_pipeline_dag.py
[2026-08-02T00:57:15.314+0000] {processor.py:914} INFO - Processing file /opt/airflow/dags/finascore_pipeline_dag.py for tasks to queue
[2026-08-02T00:57:15.315+0000] {logging_mixin.py:190} INFO - [2026-08-02T00:57:15.315+0000] {dagbag.py:588} INFO - Filling up the DagBag from /opt/airflow/dags/finascore_pipeline_dag.py
[2026-08-02T00:57:15.327+0000] {processor.py:925} INFO - DAG(s) 'finascore_ml_pipeline' retrieved from /opt/airflow/dags/finascore_pipeline_dag.py
[2026-08-02T00:57:15.361+0000] {logging_mixin.py:190} INFO - [2026-08-02T00:57:15.361+0000] {dag.py:3239} INFO - Sync 1 DAGs
[2026-08-02T00:57:15.383+0000] {logging_mixin.py:190} INFO - [2026-08-02T00:57:15.383+0000] {dag.py:4180} INFO - Setting next_dagrun for finascore_ml_pipeline to 2026-07-26 00:00:00+00:00, run_after=2026-08-02 00:00:00+00:00
[2026-08-02T00:57:15.400+0000] {processor.py:208} INFO - Processing /opt/airflow/dags/finascore_pipeline_dag.py took 0.093 seconds
[2026-08-02T00:57:45.492+0000] {processor.py:186} INFO - Started process (PID=3016) to work on /opt/airflow/dags/finascore_pipeline_dag.py
[2026-08-02T00:57:45.494+0000] {processor.py:914} INFO - Processing file /opt/airflow/dags/finascore_pipeline_dag.py for tasks to queue
[2026-08-02T00:57:45.495+0000] {logging_mixin.py:190} INFO - [2026-08-02T00:57:45.495+0000] {dagbag.py:588} INFO - Filling up the DagBag from /opt/airflow/dags/finascore_pipeline_dag.py
[2026-08-02T00:57:45.507+0000] {processor.py:925} INFO - DAG(s) 'finascore_ml_pipeline' retrieved from /opt/airflow/dags/finascore_pipeline_dag.py
[2026-08-02T00:57:45.539+0000] {logging_mixin.py:190} INFO - [2026-08-02T00:57:45.538+0000] {dag.py:3239} INFO - Sync 1 DAGs
[2026-08-02T00:57:45.561+0000] {logging_mixin.py:190} INFO - [2026-08-02T00:57:45.561+0000] {dag.py:4180} INFO - Setting next_dagrun for finascore_ml_pipeline to 2026-07-26 00:00:00+00:00, run_after=2026-08-02 00:00:00+00:00
[2026-08-02T00:57:45.575+0000] {processor.py:208} INFO - Processing /opt/airflow/dags/finascore_pipeline_dag.py took 0.089 seconds
[2026-08-02T00:58:15.662+0000] {processor.py:186} INFO - Started process (PID=3021) to work on /opt/airflow/dags/finascore_pipeline_dag.py
[2026-08-02T00:58:15.663+0000] {processor.py:914} INFO - Processing file /opt/airflow/dags/finascore_pipeline_dag.py for tasks to queue
[2026-08-02T00:58:15.664+0000] {logging_mixin.py:190} INFO - [2026-08-02T00:58:15.664+0000] {dagbag.py:588} INFO - Filling up the DagBag from /opt/airflow/dags/finascore_pipeline_dag.py
[2026-08-02T00:58:15.676+0000] {processor.py:925} INFO - DAG(s) 'finascore_ml_pipeline' retrieved from /opt/airflow/dags/finascore_pipeline_dag.py
[2026-08-02T00:58:15.709+0000] {logging_mixin.py:190} INFO - [2026-08-02T00:58:15.709+0000] {dag.py:3239} INFO - Sync 1 DAGs
[2026-08-02T00:58:15.731+0000] {logging_mixin.py:190} INFO - [2026-08-02T00:58:15.731+0000] {dag.py:4180} INFO - Setting next_dagrun for finascore_ml_pipeline to 2026-07-26 00:00:00+00:00, run_after=2026-08-02 00:00:00+00:00
[2026-08-02T00:58:15.747+0000] {processor.py:208} INFO - Processing /opt/airflow/dags/finascore_pipeline_dag.py took 0.091 seconds
[2026-08-02T00:58:45.859+0000] {processor.py:186} INFO - Started process (PID=3026) to work on /opt/airflow/dags/finascore_pipeline_dag.py
[2026-08-02T00:58:45.860+0000] {processor.py:914} INFO - Processing file /opt/airflow/dags/finascore_pipeline_dag.py for tasks to queue
[2026-08-02T00:58:45.861+0000] {logging_mixin.py:190} INFO - [2026-08-02T00:58:45.861+0000] {dagbag.py:588} INFO - Filling up the DagBag from /opt/airflow/dags/finascore_pipeline_dag.py
[2026-08-02T00:58:45.873+0000] {processor.py:925} INFO - DAG(s) 'finascore_ml_pipeline' retrieved from /opt/airflow/dags/finascore_pipeline_dag.py
[2026-08-02T00:58:45.906+0000] {logging_mixin.py:190} INFO - [2026-08-02T00:58:45.906+0000] {dag.py:3239} INFO - Sync 1 DAGs
[2026-08-02T00:58:45.927+0000] {logging_mixin.py:190} INFO - [2026-08-02T00:58:45.927+0000] {dag.py:4180} INFO - Setting next_dagrun for finascore_ml_pipeline to 2026-07-26 00:00:00+00:00, run_after=2026-08-02 00:00:00+00:00
[2026-08-02T00:58:45.943+0000] {processor.py:208} INFO - Processing /opt/airflow/dags/finascore_pipeline_dag.py took 0.090 seconds
[2026-08-02T00:59:16.033+0000] {processor.py:186} INFO - Started process (PID=3031) to work on /opt/airflow/dags/finascore_pipeline_dag.py
[2026-08-02T00:59:16.034+0000] {processor.py:914} INFO - Processing file /opt/airflow/dags/finascore_pipeline_dag.py for tasks to queue
[2026-08-02T00:59:16.035+0000] {logging_mixin.py:190} INFO - [2026-08-02T00:59:16.034+0000] {dagbag.py:588} INFO - Filling up the DagBag from /opt/airflow/dags/finascore_pipeline_dag.py
[2026-08-02T00:59:16.047+0000] {processor.py:925} INFO - DAG(s) 'finascore_ml_pipeline' retrieved from /opt/airflow/dags/finascore_pipeline_dag.py
[2026-08-02T00:59:16.078+0000] {logging_mixin.py:190} INFO - [2026-08-02T00:59:16.078+0000] {dag.py:3239} INFO - Sync 1 DAGs
[2026-08-02T00:59:16.101+0000] {logging_mixin.py:190} INFO - [2026-08-02T00:59:16.101+0000] {dag.py:4180} INFO - Setting next_dagrun for finascore_ml_pipeline to 2026-07-26 00:00:00+00:00, run_after=2026-08-02 00:00:00+00:00
[2026-08-02T00:59:16.115+0000] {processor.py:208} INFO - Processing /opt/airflow/dags/finascore_pipeline_dag.py took 0.088 seconds
[2026-08-02T00:59:46.207+0000] {processor.py:186} INFO - Started process (PID=3036) to work on /opt/airflow/dags/finascore_pipeline_dag.py
[2026-08-02T00:59:46.207+0000] {processor.py:914} INFO - Processing file /opt/airflow/dags/finascore_pipeline_dag.py for tasks to queue
[2026-08-02T00:59:46.208+0000] {logging_mixin.py:190} INFO - [2026-08-02T00:59:46.208+0000] {dagbag.py:588} INFO - Filling up the DagBag from /opt/airflow/dags/finascore_pipeline_dag.py
[2026-08-02T00:59:46.221+0000] {processor.py:925} INFO - DAG(s) 'finascore_ml_pipeline' retrieved from /opt/airflow/dags/finascore_pipeline_dag.py
[2026-08-02T00:59:46.254+0000] {logging_mixin.py:190} INFO - [2026-08-02T00:59:46.254+0000] {dag.py:3239} INFO - Sync 1 DAGs
[2026-08-02T00:59:46.277+0000] {logging_mixin.py:190} INFO - [2026-08-02T00:59:46.277+0000] {dag.py:4180} INFO - Setting next_dagrun for finascore_ml_pipeline to 2026-07-26 00:00:00+00:00, run_after=2026-08-02 00:00:00+00:00
[2026-08-02T00:59:46.293+0000] {processor.py:208} INFO - Processing /opt/airflow/dags/finascore_pipeline_dag.py took 0.092 seconds
[2026-08-02T01:00:16.381+0000] {processor.py:186} INFO - Started process (PID=3041) to work on /opt/airflow/dags/finascore_pipeline_dag.py
[2026-08-02T01:00:16.382+0000] {processor.py:914} INFO - Processing file /opt/airflow/dags/finascore_pipeline_dag.py for tasks to queue
[2026-08-02T01:00:16.383+0000] {logging_mixin.py:190} INFO - [2026-08-02T01:00:16.383+0000] {dagbag.py:588} INFO - Filling up the DagBag from /opt/airflow/dags/finascore_pipeline_dag.py
[2026-08-02T01:00:16.395+0000] {processor.py:925} INFO - DAG(s) 'finascore_ml_pipeline' retrieved from /opt/airflow/dags/finascore_pipeline_dag.py
[2026-08-02T01:00:16.429+0000] {logging_mixin.py:190} INFO - [2026-08-02T01:00:16.429+0000] {dag.py:3239} INFO - Sync 1 DAGs
[2026-08-02T01:00:16.453+0000] {logging_mixin.py:190} INFO - [2026-08-02T01:00:16.452+0000] {dag.py:4180} INFO - Setting next_dagrun for finascore_ml_pipeline to 2026-07-26 00:00:00+00:00, run_after=2026-08-02 00:00:00+00:00
[2026-08-02T01:00:16.469+0000] {processor.py:208} INFO - Processing /opt/airflow/dags/finascore_pipeline_dag.py took 0.093 seconds
[2026-08-02T01:00:46.566+0000] {processor.py:186} INFO - Started process (PID=3046) to work on /opt/airflow/dags/finascore_pipeline_dag.py
[2026-08-02T01:00:46.567+0000] {processor.py:914} INFO - Processing file /opt/airflow/dags/finascore_pipeline_dag.py for tasks to queue
[2026-08-02T01:00:46.568+0000] {logging_mixin.py:190} INFO - [2026-08-02T01:00:46.568+0000] {dagbag.py:588} INFO - Filling up the DagBag from /opt/airflow/dags/finascore_pipeline_dag.py
[2026-08-02T01:00:46.580+0000] {processor.py:925} INFO - DAG(s) 'finascore_ml_pipeline' retrieved from /opt/airflow/dags/finascore_pipeline_dag.py
[2026-08-02T01:00:46.611+0000] {logging_mixin.py:190} INFO - [2026-08-02T01:00:46.611+0000] {dag.py:3239} INFO - Sync 1 DAGs
[2026-08-02T01:00:46.632+0000] {logging_mixin.py:190} INFO - [2026-08-02T01:00:46.632+0000] {dag.py:4180} INFO - Setting next_dagrun for finascore_ml_pipeline to 2026-07-26 00:00:00+00:00, run_after=2026-08-02 00:00:00+00:00
[2026-08-02T01:00:46.650+0000] {processor.py:208} INFO - Processing /opt/airflow/dags/finascore_pipeline_dag.py took 0.091 seconds
[2026-08-02T01:01:16.744+0000] {processor.py:186} INFO - Started process (PID=3051) to work on /opt/airflow/dags/finascore_pipeline_dag.py
[2026-08-02T01:01:16.746+0000] {processor.py:914} INFO - Processing file /opt/airflow/dags/finascore_pipeline_dag.py for tasks to queue
[2026-08-02T01:01:16.747+0000] {logging_mixin.py:190} INFO - [2026-08-02T01:01:16.747+0000] {dagbag.py:588} INFO - Filling up the DagBag from /opt/airflow/dags/finascore_pipeline_dag.py
[2026-08-02T01:01:16.759+0000] {processor.py:925} INFO - DAG(s) 'finascore_ml_pipeline' retrieved from /opt/airflow/dags/finascore_pipeline_dag.py
[2026-08-02T01:01:16.791+0000] {logging_mixin.py:190} INFO - [2026-08-02T01:01:16.791+0000] {dag.py:3239} INFO - Sync 1 DAGs
[2026-08-02T01:01:16.815+0000] {logging_mixin.py:190} INFO - [2026-08-02T01:01:16.814+0000] {dag.py:4180} INFO - Setting next_dagrun for finascore_ml_pipeline to 2026-07-26 00:00:00+00:00, run_after=2026-08-02 00:00:00+00:00
[2026-08-02T01:01:16.832+0000] {processor.py:208} INFO - Processing /opt/airflow/dags/finascore_pipeline_dag.py took 0.094 seconds
[2026-08-02T01:01:46.933+0000] {processor.py:186} INFO - Started process (PID=3056) to work on /opt/airflow/dags/finascore_pipeline_dag.py
[2026-08-02T01:01:46.933+0000] {processor.py:914} INFO - Processing file /opt/airflow/dags/finascore_pipeline_dag.py for tasks to queue
[2026-08-02T01:01:46.934+0000] {logging_mixin.py:190} INFO - [2026-08-02T01:01:46.934+0000] {dagbag.py:588} INFO - Filling up the DagBag from /opt/airflow/dags/finascore_pipeline_dag.py
[2026-08-02T01:01:46.946+0000] {processor.py:925} INFO - DAG(s) 'finascore_ml_pipeline' retrieved from /opt/airflow/dags/finascore_pipeline_dag.py
[2026-08-02T01:01:46.982+0000] {logging_mixin.py:190} INFO - [2026-08-02T01:01:46.982+0000] {dag.py:3239} INFO - Sync 1 DAGs
[2026-08-02T01:01:47.005+0000] {logging_mixin.py:190} INFO - [2026-08-02T01:01:47.005+0000] {dag.py:4180} INFO - Setting next_dagrun for finascore_ml_pipeline to 2026-07-26 00:00:00+00:00, run_after=2026-08-02 00:00:00+00:00
[2026-08-02T01:01:47.021+0000] {processor.py:208} INFO - Processing /opt/airflow/dags/finascore_pipeline_dag.py took 0.095 seconds
[2026-08-02T01:02:17.124+0000] {processor.py:186} INFO - Started process (PID=3061) to work on /opt/airflow/dags/finascore_pipeline_dag.py
[2026-08-02T01:02:17.126+0000] {processor.py:914} INFO - Processing file /opt/airflow/dags/finascore_pipeline_dag.py for tasks to queue
[2026-08-02T01:02:17.127+0000] {logging_mixin.py:190} INFO - [2026-08-02T01:02:17.126+0000] {dagbag.py:588} INFO - Filling up the DagBag from /opt/airflow/dags/finascore_pipeline_dag.py
[2026-08-02T01:02:17.142+0000] {processor.py:925} INFO - DAG(s) 'finascore_ml_pipeline' retrieved from /opt/airflow/dags/finascore_pipeline_dag.py
[2026-08-02T01:02:17.175+0000] {logging_mixin.py:190} INFO - [2026-08-02T01:02:17.175+0000] {dag.py:3239} INFO - Sync 1 DAGs
[2026-08-02T01:02:17.198+0000] {logging_mixin.py:190} INFO - [2026-08-02T01:02:17.198+0000] {dag.py:4180} INFO - Setting next_dagrun for finascore_ml_pipeline to 2026-07-26 00:00:00+00:00, run_after=2026-08-02 00:00:00+00:00
[2026-08-02T01:02:17.215+0000] {processor.py:208} INFO - Processing /opt/airflow/dags/finascore_pipeline_dag.py took 0.097 seconds
[2026-08-02T01:02:47.302+0000] {processor.py:186} INFO - Started process (PID=3066) to work on /opt/airflow/dags/finascore_pipeline_dag.py
[2026-08-02T01:02:47.303+0000] {processor.py:914} INFO - Processing file /opt/airflow/dags/finascore_pipeline_dag.py for tasks to queue
[2026-08-02T01:02:47.304+0000] {logging_mixin.py:190} INFO - [2026-08-02T01:02:47.303+0000] {dagbag.py:588} INFO - Filling up the DagBag from /opt/airflow/dags/finascore_pipeline_dag.py
[2026-08-02T01:02:47.316+0000] {processor.py:925} INFO - DAG(s) 'finascore_ml_pipeline' retrieved from /opt/airflow/dags/finascore_pipeline_dag.py
[2026-08-02T01:02:47.353+0000] {logging_mixin.py:190} INFO - [2026-08-02T01:02:47.353+0000] {dag.py:3239} INFO - Sync 1 DAGs
[2026-08-02T01:02:47.376+0000] {logging_mixin.py:190} INFO - [2026-08-02T01:02:47.376+0000] {dag.py:4180} INFO - Setting next_dagrun for finascore_ml_pipeline to 2026-07-26 00:00:00+00:00, run_after=2026-08-02 00:00:00+00:00
[2026-08-02T01:02:47.393+0000] {processor.py:208} INFO - Processing /opt/airflow/dags/finascore_pipeline_dag.py took 0.098 seconds
[2026-08-02T01:03:17.490+0000] {processor.py:186} INFO - Started process (PID=3071) to work on /opt/airflow/dags/finascore_pipeline_dag.py
[2026-08-02T01:03:17.492+0000] {processor.py:914} INFO - Processing file /opt/airflow/dags/finascore_pipeline_dag.py for tasks to queue
[2026-08-02T01:03:17.493+0000] {logging_mixin.py:190} INFO - [2026-08-02T01:03:17.493+0000] {dagbag.py:588} INFO - Filling up the DagBag from /opt/airflow/dags/finascore_pipeline_dag.py
[2026-08-02T01:03:17.506+0000] {processor.py:925} INFO - DAG(s) 'finascore_ml_pipeline' retrieved from /opt/airflow/dags/finascore_pipeline_dag.py
[2026-08-02T01:03:17.541+0000] {logging_mixin.py:190} INFO - [2026-08-02T01:03:17.541+0000] {dag.py:3239} INFO - Sync 1 DAGs
[2026-08-02T01:03:17.563+0000] {logging_mixin.py:190} INFO - [2026-08-02T01:03:17.563+0000] {dag.py:4180} INFO - Setting next_dagrun for finascore_ml_pipeline to 2026-07-26 00:00:00+00:00, run_after=2026-08-02 00:00:00+00:00
[2026-08-02T01:03:17.578+0000] {processor.py:208} INFO - Processing /opt/airflow/dags/finascore_pipeline_dag.py took 0.096 seconds
[2026-08-02T01:03:47.655+0000] {processor.py:186} INFO - Started process (PID=3076) to work on /opt/airflow/dags/finascore_pipeline_dag.py
[2026-08-02T01:03:47.656+0000] {processor.py:914} INFO - Processing file /opt/airflow/dags/finascore_pipeline_dag.py for tasks to queue
[2026-08-02T01:03:47.657+0000] {logging_mixin.py:190} INFO - [2026-08-02T01:03:47.657+0000] {dagbag.py:588} INFO - Filling up the DagBag from /opt/airflow/dags/finascore_pipeline_dag.py
[2026-08-02T01:03:47.669+0000] {processor.py:925} INFO - DAG(s) 'finascore_ml_pipeline' retrieved from /opt/airflow/dags/finascore_pipeline_dag.py
[2026-08-02T01:03:47.702+0000] {logging_mixin.py:190} INFO - [2026-08-02T01:03:47.702+0000] {dag.py:3239} INFO - Sync 1 DAGs
[2026-08-02T01:03:47.724+0000] {logging_mixin.py:190} INFO - [2026-08-02T01:03:47.724+0000] {dag.py:4180} INFO - Setting next_dagrun for finascore_ml_pipeline to 2026-07-26 00:00:00+00:00, run_after=2026-08-02 00:00:00+00:00
[2026-08-02T01:03:47.739+0000] {processor.py:208} INFO - Processing /opt/airflow/dags/finascore_pipeline_dag.py took 0.091 seconds
[2026-08-02T01:04:17.840+0000] {processor.py:186} INFO - Started process (PID=3081) to work on /opt/airflow/dags/finascore_pipeline_dag.py
[2026-08-02T01:04:17.842+0000] {processor.py:914} INFO - Processing file /opt/airflow/dags/finascore_pipeline_dag.py for tasks to queue
[2026-08-02T01:04:17.843+0000] {logging_mixin.py:190} INFO - [2026-08-02T01:04:17.843+0000] {dagbag.py:588} INFO - Filling up the DagBag from /opt/airflow/dags/finascore_pipeline_dag.py
[2026-08-02T01:04:17.857+0000] {processor.py:925} INFO - DAG(s) 'finascore_ml_pipeline' retrieved from /opt/airflow/dags/finascore_pipeline_dag.py
[2026-08-02T01:04:17.892+0000] {logging_mixin.py:190} INFO - [2026-08-02T01:04:17.892+0000] {dag.py:3239} INFO - Sync 1 DAGs
[2026-08-02T01:04:17.915+0000] {logging_mixin.py:190} INFO - [2026-08-02T01:04:17.915+0000] {dag.py:4180} INFO - Setting next_dagrun for finascore_ml_pipeline to 2026-07-26 00:00:00+00:00, run_after=2026-08-02 00:00:00+00:00
[2026-08-02T01:04:17.932+0000] {processor.py:208} INFO - Processing /opt/airflow/dags/finascore_pipeline_dag.py took 0.098 seconds
[2026-08-02T01:04:48.013+0000] {processor.py:186} INFO - Started process (PID=3086) to work on /opt/airflow/dags/finascore_pipeline_dag.py
[2026-08-02T01:04:48.015+0000] {processor.py:914} INFO - Processing file /opt/airflow/dags/finascore_pipeline_dag.py for tasks to queue
[2026-08-02T01:04:48.016+0000] {logging_mixin.py:190} INFO - [2026-08-02T01:04:48.016+0000] {dagbag.py:588} INFO - Filling up the DagBag from /opt/airflow/dags/finascore_pipeline_dag.py
[2026-08-02T01:04:48.028+0000] {processor.py:925} INFO - DAG(s) 'finascore_ml_pipeline' retrieved from /opt/airflow/dags/finascore_pipeline_dag.py
[2026-08-02T01:04:48.064+0000] {logging_mixin.py:190} INFO - [2026-08-02T01:04:48.063+0000] {dag.py:3239} INFO - Sync 1 DAGs
[2026-08-02T01:04:48.087+0000] {logging_mixin.py:190} INFO - [2026-08-02T01:04:48.086+0000] {dag.py:4180} INFO - Setting next_dagrun for finascore_ml_pipeline to 2026-07-26 00:00:00+00:00, run_after=2026-08-02 00:00:00+00:00
[2026-08-02T01:04:48.103+0000] {processor.py:208} INFO - Processing /opt/airflow/dags/finascore_pipeline_dag.py took 0.097 seconds
[2026-08-02T01:05:18.207+0000] {processor.py:186} INFO - Started process (PID=3091) to work on /opt/airflow/dags/finascore_pipeline_dag.py
[2026-08-02T01:05:18.209+0000] {processor.py:914} INFO - Processing file /opt/airflow/dags/finascore_pipeline_dag.py for tasks to queue
[2026-08-02T01:05:18.210+0000] {logging_mixin.py:190} INFO - [2026-08-02T01:05:18.210+0000] {dagbag.py:588} INFO - Filling up the DagBag from /opt/airflow/dags/finascore_pipeline_dag.py
[2026-08-02T01:05:18.223+0000] {processor.py:925} INFO - DAG(s) 'finascore_ml_pipeline' retrieved from /opt/airflow/dags/finascore_pipeline_dag.py
[2026-08-02T01:05:18.255+0000] {logging_mixin.py:190} INFO - [2026-08-02T01:05:18.254+0000] {dag.py:3239} INFO - Sync 1 DAGs
[2026-08-02T01:05:18.277+0000] {logging_mixin.py:190} INFO - [2026-08-02T01:05:18.277+0000] {dag.py:4180} INFO - Setting next_dagrun for finascore_ml_pipeline to 2026-07-26 00:00:00+00:00, run_after=2026-08-02 00:00:00+00:00
[2026-08-02T01:05:18.292+0000] {processor.py:208} INFO - Processing /opt/airflow/dags/finascore_pipeline_dag.py took 0.092 seconds
[2026-08-02T01:05:48.383+0000] {processor.py:186} INFO - Started process (PID=3096) to work on /opt/airflow/dags/finascore_pipeline_dag.py
[2026-08-02T01:05:48.385+0000] {processor.py:914} INFO - Processing file /opt/airflow/dags/finascore_pipeline_dag.py for tasks to queue
[2026-08-02T01:05:48.386+0000] {logging_mixin.py:190} INFO - [2026-08-02T01:05:48.386+0000] {dagbag.py:588} INFO - Filling up the DagBag from /opt/airflow/dags/finascore_pipeline_dag.py
[2026-08-02T01:05:48.398+0000] {processor.py:925} INFO - DAG(s) 'finascore_ml_pipeline' retrieved from /opt/airflow/dags/finascore_pipeline_dag.py
[2026-08-02T01:05:48.433+0000] {logging_mixin.py:190} INFO - [2026-08-02T01:05:48.433+0000] {dag.py:3239} INFO - Sync 1 DAGs
[2026-08-02T01:05:48.456+0000] {logging_mixin.py:190} INFO - [2026-08-02T01:05:48.456+0000] {dag.py:4180} INFO - Setting next_dagrun for finascore_ml_pipeline to 2026-07-26 00:00:00+00:00, run_after=2026-08-02 00:00:00+00:00
[2026-08-02T01:05:48.473+0000] {processor.py:208} INFO - Processing /opt/airflow/dags/finascore_pipeline_dag.py took 0.096 seconds
[2026-08-02T01:06:18.567+0000] {processor.py:186} INFO - Started process (PID=3101) to work on /opt/airflow/dags/finascore_pipeline_dag.py
[2026-08-02T01:06:18.568+0000] {processor.py:914} INFO - Processing file /opt/airflow/dags/finascore_pipeline_dag.py for tasks to queue
[2026-08-02T01:06:18.569+0000] {logging_mixin.py:190} INFO - [2026-08-02T01:06:18.569+0000] {dagbag.py:588} INFO - Filling up the DagBag from /opt/airflow/dags/finascore_pipeline_dag.py
[2026-08-02T01:06:18.581+0000] {processor.py:925} INFO - DAG(s) 'finascore_ml_pipeline' retrieved from /opt/airflow/dags/finascore_pipeline_dag.py
[2026-08-02T01:06:18.615+0000] {logging_mixin.py:190} INFO - [2026-08-02T01:06:18.615+0000] {dag.py:3239} INFO - Sync 1 DAGs
[2026-08-02T01:06:18.639+0000] {logging_mixin.py:190} INFO - [2026-08-02T01:06:18.639+0000] {dag.py:4180} INFO - Setting next_dagrun for finascore_ml_pipeline to 2026-07-26 00:00:00+00:00, run_after=2026-08-02 00:00:00+00:00
[2026-08-02T01:06:18.656+0000] {processor.py:208} INFO - Processing /opt/airflow/dags/finascore_pipeline_dag.py took 0.096 seconds
[2026-08-02T01:06:48.746+0000] {processor.py:186} INFO - Started process (PID=3106) to work on /opt/airflow/dags/finascore_pipeline_dag.py
[2026-08-02T01:06:48.748+0000] {processor.py:914} INFO - Processing file /opt/airflow/dags/finascore_pipeline_dag.py for tasks to queue
[2026-08-02T01:06:48.749+0000] {logging_mixin.py:190} INFO - [2026-08-02T01:06:48.748+0000] {dagbag.py:588} INFO - Filling up the DagBag from /opt/airflow/dags/finascore_pipeline_dag.py
[2026-08-02T01:06:48.761+0000] {processor.py:925} INFO - DAG(s) 'finascore_ml_pipeline' retrieved from /opt/airflow/dags/finascore_pipeline_dag.py
[2026-08-02T01:06:48.797+0000] {logging_mixin.py:190} INFO - [2026-08-02T01:06:48.797+0000] {dag.py:3239} INFO - Sync 1 DAGs
[2026-08-02T01:06:48.820+0000] {logging_mixin.py:190} INFO - [2026-08-02T01:06:48.820+0000] {dag.py:4180} INFO - Setting next_dagrun for finascore_ml_pipeline to 2026-07-26 00:00:00+00:00, run_after=2026-08-02 00:00:00+00:00
[2026-08-02T01:06:48.836+0000] {processor.py:208} INFO - Processing /opt/airflow/dags/finascore_pipeline_dag.py took 0.096 seconds
[2026-08-02T01:07:18.945+0000] {processor.py:186} INFO - Started process (PID=3111) to work on /opt/airflow/dags/finascore_pipeline_dag.py
[2026-08-02T01:07:18.947+0000] {processor.py:914} INFO - Processing file /opt/airflow/dags/finascore_pipeline_dag.py for tasks to queue
[2026-08-02T01:07:18.948+0000] {logging_mixin.py:190} INFO - [2026-08-02T01:07:18.948+0000] {dagbag.py:588} INFO - Filling up the DagBag from /opt/airflow/dags/finascore_pipeline_dag.py
[2026-08-02T01:07:18.961+0000] {processor.py:925} INFO - DAG(s) 'finascore_ml_pipeline' retrieved from /opt/airflow/dags/finascore_pipeline_dag.py
[2026-08-02T01:07:18.995+0000] {logging_mixin.py:190} INFO - [2026-08-02T01:07:18.994+0000] {dag.py:3239} INFO - Sync 1 DAGs
[2026-08-02T01:07:19.018+0000] {logging_mixin.py:190} INFO - [2026-08-02T01:07:19.017+0000] {dag.py:4180} INFO - Setting next_dagrun for finascore_ml_pipeline to 2026-07-26 00:00:00+00:00, run_after=2026-08-02 00:00:00+00:00
[2026-08-02T01:07:19.034+0000] {processor.py:208} INFO - Processing /opt/airflow/dags/finascore_pipeline_dag.py took 0.094 seconds
[2026-08-02T01:07:49.096+0000] {processor.py:186} INFO - Started process (PID=3116) to work on /opt/airflow/dags/finascore_pipeline_dag.py
[2026-08-02T01:07:49.098+0000] {processor.py:914} INFO - Processing file /opt/airflow/dags/finascore_pipeline_dag.py for tasks to queue
[2026-08-02T01:07:49.099+0000] {logging_mixin.py:190} INFO - [2026-08-02T01:07:49.099+0000] {dagbag.py:588} INFO - Filling up the DagBag from /opt/airflow/dags/finascore_pipeline_dag.py
[2026-08-02T01:07:49.112+0000] {processor.py:925} INFO - DAG(s) 'finascore_ml_pipeline' retrieved from /opt/airflow/dags/finascore_pipeline_dag.py
[2026-08-02T01:07:49.144+0000] {logging_mixin.py:190} INFO - [2026-08-02T01:07:49.144+0000] {dag.py:3239} INFO - Sync 1 DAGs
[2026-08-02T01:07:49.168+0000] {logging_mixin.py:190} INFO - [2026-08-02T01:07:49.168+0000] {dag.py:4180} INFO - Setting next_dagrun for finascore_ml_pipeline to 2026-07-26 00:00:00+00:00, run_after=2026-08-02 00:00:00+00:00
[2026-08-02T01:07:49.183+0000] {processor.py:208} INFO - Processing /opt/airflow/dags/finascore_pipeline_dag.py took 0.093 seconds
[2026-08-02T01:08:19.287+0000] {processor.py:186} INFO - Started process (PID=3121) to work on /opt/airflow/dags/finascore_pipeline_dag.py
[2026-08-02T01:08:19.289+0000] {processor.py:914} INFO - Processing file /opt/airflow/dags/finascore_pipeline_dag.py for tasks to queue
[2026-08-02T01:08:19.291+0000] {logging_mixin.py:190} INFO - [2026-08-02T01:08:19.290+0000] {dagbag.py:588} INFO - Filling up the DagBag from /opt/airflow/dags/finascore_pipeline_dag.py
[2026-08-02T01:08:19.304+0000] {processor.py:925} INFO - DAG(s) 'finascore_ml_pipeline' retrieved from /opt/airflow/dags/finascore_pipeline_dag.py
[2026-08-02T01:08:19.337+0000] {logging_mixin.py:190} INFO - [2026-08-02T01:08:19.337+0000] {dag.py:3239} INFO - Sync 1 DAGs
[2026-08-02T01:08:19.360+0000] {logging_mixin.py:190} INFO - [2026-08-02T01:08:19.360+0000] {dag.py:4180} INFO - Setting next_dagrun for finascore_ml_pipeline to 2026-07-26 00:00:00+00:00, run_after=2026-08-02 00:00:00+00:00
[2026-08-02T01:08:19.376+0000] {processor.py:208} INFO - Processing /opt/airflow/dags/finascore_pipeline_dag.py took 0.096 seconds
[2026-08-02T01:08:49.441+0000] {processor.py:186} INFO - Started process (PID=3126) to work on /opt/airflow/dags/finascore_pipeline_dag.py
[2026-08-02T01:08:49.442+0000] {processor.py:914} INFO - Processing file /opt/airflow/dags/finascore_pipeline_dag.py for tasks to queue
[2026-08-02T01:08:49.444+0000] {logging_mixin.py:190} INFO - [2026-08-02T01:08:49.443+0000] {dagbag.py:588} INFO - Filling up the DagBag from /opt/airflow/dags/finascore_pipeline_dag.py
[2026-08-02T01:08:49.456+0000] {processor.py:925} INFO - DAG(s) 'finascore_ml_pipeline' retrieved from /opt/airflow/dags/finascore_pipeline_dag.py
[2026-08-02T01:08:49.489+0000] {logging_mixin.py:190} INFO - [2026-08-02T01:08:49.488+0000] {dag.py:3239} INFO - Sync 1 DAGs
[2026-08-02T01:08:49.516+0000] {logging_mixin.py:190} INFO - [2026-08-02T01:08:49.516+0000] {dag.py:4180} INFO - Setting next_dagrun for finascore_ml_pipeline to 2026-07-26 00:00:00+00:00, run_after=2026-08-02 00:00:00+00:00
[2026-08-02T01:08:49.532+0000] {processor.py:208} INFO - Processing /opt/airflow/dags/finascore_pipeline_dag.py took 0.098 seconds
[2026-08-02T01:09:19.649+0000] {processor.py:186} INFO - Started process (PID=3131) to work on /opt/airflow/dags/finascore_pipeline_dag.py
[2026-08-02T01:09:19.651+0000] {processor.py:914} INFO - Processing file /opt/airflow/dags/finascore_pipeline_dag.py for tasks to queue
[2026-08-02T01:09:19.652+0000] {logging_mixin.py:190} INFO - [2026-08-02T01:09:19.651+0000] {dagbag.py:588} INFO - Filling up the DagBag from /opt/airflow/dags/finascore_pipeline_dag.py
[2026-08-02T01:09:19.665+0000] {processor.py:925} INFO - DAG(s) 'finascore_ml_pipeline' retrieved from /opt/airflow/dags/finascore_pipeline_dag.py
[2026-08-02T01:09:19.698+0000] {logging_mixin.py:190} INFO - [2026-08-02T01:09:19.698+0000] {dag.py:3239} INFO - Sync 1 DAGs
[2026-08-02T01:09:19.722+0000] {logging_mixin.py:190} INFO - [2026-08-02T01:09:19.721+0000] {dag.py:4180} INFO - Setting next_dagrun for finascore_ml_pipeline to 2026-07-26 00:00:00+00:00, run_after=2026-08-02 00:00:00+00:00
[2026-08-02T01:09:19.738+0000] {processor.py:208} INFO - Processing /opt/airflow/dags/finascore_pipeline_dag.py took 0.096 seconds
[2026-08-02T01:09:49.811+0000] {processor.py:186} INFO - Started process (PID=3136) to work on /opt/airflow/dags/finascore_pipeline_dag.py
[2026-08-02T01:09:49.812+0000] {processor.py:914} INFO - Processing file /opt/airflow/dags/finascore_pipeline_dag.py for tasks to queue
[2026-08-02T01:09:49.813+0000] {logging_mixin.py:190} INFO - [2026-08-02T01:09:49.813+0000] {dagbag.py:588} INFO - Filling up the DagBag from /opt/airflow/dags/finascore_pipeline_dag.py
[2026-08-02T01:09:49.826+0000] {processor.py:925} INFO - DAG(s) 'finascore_ml_pipeline' retrieved from /opt/airflow/dags/finascore_pipeline_dag.py
[2026-08-02T01:09:49.860+0000] {logging_mixin.py:190} INFO - [2026-08-02T01:09:49.860+0000] {dag.py:3239} INFO - Sync 1 DAGs
[2026-08-02T01:09:49.886+0000] {logging_mixin.py:190} INFO - [2026-08-02T01:09:49.886+0000] {dag.py:4180} INFO - Setting next_dagrun for finascore_ml_pipeline to 2026-07-26 00:00:00+00:00, run_after=2026-08-02 00:00:00+00:00
[2026-08-02T01:09:49.904+0000] {processor.py:208} INFO - Processing /opt/airflow/dags/finascore_pipeline_dag.py took 0.099 seconds
[2026-08-02T01:10:20.048+0000] {processor.py:186} INFO - Started process (PID=3141) to work on /opt/airflow/dags/finascore_pipeline_dag.py
[2026-08-02T01:10:20.048+0000] {processor.py:914} INFO - Processing file /opt/airflow/dags/finascore_pipeline_dag.py for tasks to queue
[2026-08-02T01:10:20.049+0000] {logging_mixin.py:190} INFO - [2026-08-02T01:10:20.049+0000] {dagbag.py:588} INFO - Filling up the DagBag from /opt/airflow/dags/finascore_pipeline_dag.py
[2026-08-02T01:10:20.062+0000] {processor.py:925} INFO - DAG(s) 'finascore_ml_pipeline' retrieved from /opt/airflow/dags/finascore_pipeline_dag.py
[2026-08-02T01:10:20.093+0000] {logging_mixin.py:190} INFO - [2026-08-02T01:10:20.093+0000] {dag.py:3239} INFO - Sync 1 DAGs
[2026-08-02T01:10:20.117+0000] {logging_mixin.py:190} INFO - [2026-08-02T01:10:20.117+0000] {dag.py:4180} INFO - Setting next_dagrun for finascore_ml_pipeline to 2026-07-26 00:00:00+00:00, run_after=2026-08-02 00:00:00+00:00
[2026-08-02T01:10:20.133+0000] {processor.py:208} INFO - Processing /opt/airflow/dags/finascore_pipeline_dag.py took 0.093 seconds
[2026-08-02T01:10:50.198+0000] {processor.py:186} INFO - Started process (PID=3146) to work on /opt/airflow/dags/finascore_pipeline_dag.py
[2026-08-02T01:10:50.199+0000] {processor.py:914} INFO - Processing file /opt/airflow/dags/finascore_pipeline_dag.py for tasks to queue
[2026-08-02T01:10:50.200+0000] {logging_mixin.py:190} INFO - [2026-08-02T01:10:50.200+0000] {dagbag.py:588} INFO - Filling up the DagBag from /opt/airflow/dags/finascore_pipeline_dag.py
[2026-08-02T01:10:50.213+0000] {processor.py:925} INFO - DAG(s) 'finascore_ml_pipeline' retrieved from /opt/airflow/dags/finascore_pipeline_dag.py
[2026-08-02T01:10:50.246+0000] {logging_mixin.py:190} INFO - [2026-08-02T01:10:50.246+0000] {dag.py:3239} INFO - Sync 1 DAGs
[2026-08-02T01:10:50.271+0000] {logging_mixin.py:190} INFO - [2026-08-02T01:10:50.270+0000] {dag.py:4180} INFO - Setting next_dagrun for finascore_ml_pipeline to 2026-07-26 00:00:00+00:00, run_after=2026-08-02 00:00:00+00:00
[2026-08-02T01:10:50.287+0000] {processor.py:208} INFO - Processing /opt/airflow/dags/finascore_pipeline_dag.py took 0.096 seconds
[2026-08-02T01:11:20.401+0000] {processor.py:186} INFO - Started process (PID=3151) to work on /opt/airflow/dags/finascore_pipeline_dag.py
[2026-08-02T01:11:20.401+0000] {processor.py:914} INFO - Processing file /opt/airflow/dags/finascore_pipeline_dag.py for tasks to queue
[2026-08-02T01:11:20.403+0000] {logging_mixin.py:190} INFO - [2026-08-02T01:11:20.403+0000] {dagbag.py:588} INFO - Filling up the DagBag from /opt/airflow/dags/finascore_pipeline_dag.py
[2026-08-02T01:11:20.418+0000] {processor.py:925} INFO - DAG(s) 'finascore_ml_pipeline' retrieved from /opt/airflow/dags/finascore_pipeline_dag.py
[2026-08-02T01:11:20.450+0000] {logging_mixin.py:190} INFO - [2026-08-02T01:11:20.450+0000] {dag.py:3239} INFO - Sync 1 DAGs
[2026-08-02T01:11:20.473+0000] {logging_mixin.py:190} INFO - [2026-08-02T01:11:20.473+0000] {dag.py:4180} INFO - Setting next_dagrun for finascore_ml_pipeline to 2026-07-26 00:00:00+00:00, run_after=2026-08-02 00:00:00+00:00
[2026-08-02T01:11:20.488+0000] {processor.py:208} INFO - Processing /opt/airflow/dags/finascore_pipeline_dag.py took 0.094 seconds
[2026-08-02T01:11:50.562+0000] {processor.py:186} INFO - Started process (PID=3156) to work on /opt/airflow/dags/finascore_pipeline_dag.py
[2026-08-02T01:11:50.564+0000] {processor.py:914} INFO - Processing file /opt/airflow/dags/finascore_pipeline_dag.py for tasks to queue
[2026-08-02T01:11:50.565+0000] {logging_mixin.py:190} INFO - [2026-08-02T01:11:50.565+0000] {dagbag.py:588} INFO - Filling up the DagBag from /opt/airflow/dags/finascore_pipeline_dag.py
[2026-08-02T01:11:50.578+0000] {processor.py:925} INFO - DAG(s) 'finascore_ml_pipeline' retrieved from /opt/airflow/dags/finascore_pipeline_dag.py
[2026-08-02T01:11:50.614+0000] {logging_mixin.py:190} INFO - [2026-08-02T01:11:50.613+0000] {dag.py:3239} INFO - Sync 1 DAGs
[2026-08-02T01:11:50.636+0000] {logging_mixin.py:190} INFO - [2026-08-02T01:11:50.636+0000] {dag.py:4180} INFO - Setting next_dagrun for finascore_ml_pipeline to 2026-07-26 00:00:00+00:00, run_after=2026-08-02 00:00:00+00:00
[2026-08-02T01:11:50.652+0000] {processor.py:208} INFO - Processing /opt/airflow/dags/finascore_pipeline_dag.py took 0.097 seconds
[2026-08-02T01:12:20.764+0000] {processor.py:186} INFO - Started process (PID=3161) to work on /opt/airflow/dags/finascore_pipeline_dag.py
[2026-08-02T01:12:20.765+0000] {processor.py:914} INFO - Processing file /opt/airflow/dags/finascore_pipeline_dag.py for tasks to queue
[2026-08-02T01:12:20.766+0000] {logging_mixin.py:190} INFO - [2026-08-02T01:12:20.765+0000] {dagbag.py:588} INFO - Filling up the DagBag from /opt/airflow/dags/finascore_pipeline_dag.py
[2026-08-02T01:12:20.778+0000] {processor.py:925} INFO - DAG(s) 'finascore_ml_pipeline' retrieved from /opt/airflow/dags/finascore_pipeline_dag.py
[2026-08-02T01:12:20.812+0000] {logging_mixin.py:190} INFO - [2026-08-02T01:12:20.812+0000] {dag.py:3239} INFO - Sync 1 DAGs
[2026-08-02T01:12:20.834+0000] {logging_mixin.py:190} INFO - [2026-08-02T01:12:20.834+0000] {dag.py:4180} INFO - Setting next_dagrun for finascore_ml_pipeline to 2026-07-26 00:00:00+00:00, run_after=2026-08-02 00:00:00+00:00
[2026-08-02T01:12:20.850+0000] {processor.py:208} INFO - Processing /opt/airflow/dags/finascore_pipeline_dag.py took 0.092 seconds
[2026-08-02T01:12:50.946+0000] {processor.py:186} INFO - Started process (PID=3166) to work on /opt/airflow/dags/finascore_pipeline_dag.py
[2026-08-02T01:12:50.948+0000] {processor.py:914} INFO - Processing file /opt/airflow/dags/finascore_pipeline_dag.py for tasks to queue
[2026-08-02T01:12:50.949+0000] {logging_mixin.py:190} INFO - [2026-08-02T01:12:50.948+0000] {dagbag.py:588} INFO - Filling up the DagBag from /opt/airflow/dags/finascore_pipeline_dag.py
[2026-08-02T01:12:50.961+0000] {processor.py:925} INFO - DAG(s) 'finascore_ml_pipeline' retrieved from /opt/airflow/dags/finascore_pipeline_dag.py
[2026-08-02T01:12:50.997+0000] {logging_mixin.py:190} INFO - [2026-08-02T01:12:50.997+0000] {dag.py:3239} INFO - Sync 1 DAGs
[2026-08-02T01:12:51.020+0000] {logging_mixin.py:190} INFO - [2026-08-02T01:12:51.020+0000] {dag.py:4180} INFO - Setting next_dagrun for finascore_ml_pipeline to 2026-07-26 00:00:00+00:00, run_after=2026-08-02 00:00:00+00:00
[2026-08-02T01:12:51.041+0000] {processor.py:208} INFO - Processing /opt/airflow/dags/finascore_pipeline_dag.py took 0.101 seconds
[2026-08-02T01:13:21.138+0000] {processor.py:186} INFO - Started process (PID=3171) to work on /opt/airflow/dags/finascore_pipeline_dag.py
[2026-08-02T01:13:21.139+0000] {processor.py:914} INFO - Processing file /opt/airflow/dags/finascore_pipeline_dag.py for tasks to queue
[2026-08-02T01:13:21.140+0000] {logging_mixin.py:190} INFO - [2026-08-02T01:13:21.139+0000] {dagbag.py:588} INFO - Filling up the DagBag from /opt/airflow/dags/finascore_pipeline_dag.py
[2026-08-02T01:13:21.152+0000] {processor.py:925} INFO - DAG(s) 'finascore_ml_pipeline' retrieved from /opt/airflow/dags/finascore_pipeline_dag.py
[2026-08-02T01:13:21.187+0000] {logging_mixin.py:190} INFO - [2026-08-02T01:13:21.187+0000] {dag.py:3239} INFO - Sync 1 DAGs
[2026-08-02T01:13:21.210+0000] {logging_mixin.py:190} INFO - [2026-08-02T01:13:21.210+0000] {dag.py:4180} INFO - Setting next_dagrun for finascore_ml_pipeline to 2026-07-26 00:00:00+00:00, run_after=2026-08-02 00:00:00+00:00
[2026-08-02T01:13:21.226+0000] {processor.py:208} INFO - Processing /opt/airflow/dags/finascore_pipeline_dag.py took 0.095 seconds
[2026-08-02T01:13:51.315+0000] {processor.py:186} INFO - Started process (PID=3176) to work on /opt/airflow/dags/finascore_pipeline_dag.py
[2026-08-02T01:13:51.317+0000] {processor.py:914} INFO - Processing file /opt/airflow/dags/finascore_pipeline_dag.py for tasks to queue
[2026-08-02T01:13:51.318+0000] {logging_mixin.py:190} INFO - [2026-08-02T01:13:51.317+0000] {dagbag.py:588} INFO - Filling up the DagBag from /opt/airflow/dags/finascore_pipeline_dag.py
[2026-08-02T01:13:51.330+0000] {processor.py:925} INFO - DAG(s) 'finascore_ml_pipeline' retrieved from /opt/airflow/dags/finascore_pipeline_dag.py
[2026-08-02T01:13:51.365+0000] {logging_mixin.py:190} INFO - [2026-08-02T01:13:51.365+0000] {dag.py:3239} INFO - Sync 1 DAGs
[2026-08-02T01:13:51.388+0000] {logging_mixin.py:190} INFO - [2026-08-02T01:13:51.388+0000] {dag.py:4180} INFO - Setting next_dagrun for finascore_ml_pipeline to 2026-07-26 00:00:00+00:00, run_after=2026-08-02 00:00:00+00:00
[2026-08-02T01:13:51.402+0000] {processor.py:208} INFO - Processing /opt/airflow/dags/finascore_pipeline_dag.py took 0.094 seconds
[2026-08-02T01:14:21.497+0000] {processor.py:186} INFO - Started process (PID=3181) to work on /opt/airflow/dags/finascore_pipeline_dag.py
[2026-08-02T01:14:21.497+0000] {processor.py:914} INFO - Processing file /opt/airflow/dags/finascore_pipeline_dag.py for tasks to queue
[2026-08-02T01:14:21.498+0000] {logging_mixin.py:190} INFO - [2026-08-02T01:14:21.498+0000] {dagbag.py:588} INFO - Filling up the DagBag from /opt/airflow/dags/finascore_pipeline_dag.py
[2026-08-02T01:14:21.511+0000] {processor.py:925} INFO - DAG(s) 'finascore_ml_pipeline' retrieved from /opt/airflow/dags/finascore_pipeline_dag.py
[2026-08-02T01:14:21.547+0000] {logging_mixin.py:190} INFO - [2026-08-02T01:14:21.547+0000] {dag.py:3239} INFO - Sync 1 DAGs
[2026-08-02T01:14:21.571+0000] {logging_mixin.py:190} INFO - [2026-08-02T01:14:21.570+0000] {dag.py:4180} INFO - Setting next_dagrun for finascore_ml_pipeline to 2026-07-26 00:00:00+00:00, run_after=2026-08-02 00:00:00+00:00
[2026-08-02T01:14:21.586+0000] {processor.py:208} INFO - Processing /opt/airflow/dags/finascore_pipeline_dag.py took 0.095 seconds
[2026-08-02T01:14:51.669+0000] {processor.py:186} INFO - Started process (PID=3186) to work on /opt/airflow/dags/finascore_pipeline_dag.py
[2026-08-02T01:14:51.671+0000] {processor.py:914} INFO - Processing file /opt/airflow/dags/finascore_pipeline_dag.py for tasks to queue
[2026-08-02T01:14:51.673+0000] {logging_mixin.py:190} INFO - [2026-08-02T01:14:51.672+0000] {dagbag.py:588} INFO - Filling up the DagBag from /opt/airflow/dags/finascore_pipeline_dag.py
[2026-08-02T01:14:51.686+0000] {processor.py:925} INFO - DAG(s) 'finascore_ml_pipeline' retrieved from /opt/airflow/dags/finascore_pipeline_dag.py
[2026-08-02T01:14:51.719+0000] {logging_mixin.py:190} INFO - [2026-08-02T01:14:51.719+0000] {dag.py:3239} INFO - Sync 1 DAGs
[2026-08-02T01:14:51.741+0000] {logging_mixin.py:190} INFO - [2026-08-02T01:14:51.741+0000] {dag.py:4180} INFO - Setting next_dagrun for finascore_ml_pipeline to 2026-07-26 00:00:00+00:00, run_after=2026-08-02 00:00:00+00:00
[2026-08-02T01:14:51.756+0000] {processor.py:208} INFO - Processing /opt/airflow/dags/finascore_pipeline_dag.py took 0.093 seconds
[2026-08-02T01:15:21.854+0000] {processor.py:186} INFO - Started process (PID=3191) to work on /opt/airflow/dags/finascore_pipeline_dag.py
[2026-08-02T01:15:21.855+0000] {processor.py:914} INFO - Processing file /opt/airflow/dags/finascore_pipeline_dag.py for tasks to queue
[2026-08-02T01:15:21.857+0000] {logging_mixin.py:190} INFO - [2026-08-02T01:15:21.856+0000] {dagbag.py:588} INFO - Filling up the DagBag from /opt/airflow/dags/finascore_pipeline_dag.py
[2026-08-02T01:15:21.869+0000] {processor.py:925} INFO - DAG(s) 'finascore_ml_pipeline' retrieved from /opt/airflow/dags/finascore_pipeline_dag.py
[2026-08-02T01:15:21.907+0000] {logging_mixin.py:190} INFO - [2026-08-02T01:15:21.906+0000] {dag.py:3239} INFO - Sync 1 DAGs
[2026-08-02T01:15:21.929+0000] {logging_mixin.py:190} INFO - [2026-08-02T01:15:21.929+0000] {dag.py:4180} INFO - Setting next_dagrun for finascore_ml_pipeline to 2026-07-26 00:00:00+00:00, run_after=2026-08-02 00:00:00+00:00
[2026-08-02T01:15:21.945+0000] {processor.py:208} INFO - Processing /opt/airflow/dags/finascore_pipeline_dag.py took 0.097 seconds
[2026-08-02T01:15:52.049+0000] {processor.py:186} INFO - Started process (PID=3196) to work on /opt/airflow/dags/finascore_pipeline_dag.py
[2026-08-02T01:15:52.050+0000] {processor.py:914} INFO - Processing file /opt/airflow/dags/finascore_pipeline_dag.py for tasks to queue
[2026-08-02T01:15:52.051+0000] {logging_mixin.py:190} INFO - [2026-08-02T01:15:52.051+0000] {dagbag.py:588} INFO - Filling up the DagBag from /opt/airflow/dags/finascore_pipeline_dag.py
[2026-08-02T01:15:52.063+0000] {processor.py:925} INFO - DAG(s) 'finascore_ml_pipeline' retrieved from /opt/airflow/dags/finascore_pipeline_dag.py
[2026-08-02T01:15:52.096+0000] {logging_mixin.py:190} INFO - [2026-08-02T01:15:52.096+0000] {dag.py:3239} INFO - Sync 1 DAGs
[2026-08-02T01:15:52.119+0000] {logging_mixin.py:190} INFO - [2026-08-02T01:15:52.119+0000] {dag.py:4180} INFO - Setting next_dagrun for finascore_ml_pipeline to 2026-07-26 00:00:00+00:00, run_after=2026-08-02 00:00:00+00:00
[2026-08-02T01:15:52.136+0000] {processor.py:208} INFO - Processing /opt/airflow/dags/finascore_pipeline_dag.py took 0.094 seconds
[2026-08-02T01:16:22.226+0000] {processor.py:186} INFO - Started process (PID=3201) to work on /opt/airflow/dags/finascore_pipeline_dag.py
[2026-08-02T01:16:22.227+0000] {processor.py:914} INFO - Processing file /opt/airflow/dags/finascore_pipeline_dag.py for tasks to queue
[2026-08-02T01:16:22.228+0000] {logging_mixin.py:190} INFO - [2026-08-02T01:16:22.228+0000] {dagbag.py:588} INFO - Filling up the DagBag from /opt/airflow/dags/finascore_pipeline_dag.py
[2026-08-02T01:16:22.241+0000] {processor.py:925} INFO - DAG(s) 'finascore_ml_pipeline' retrieved from /opt/airflow/dags/finascore_pipeline_dag.py
[2026-08-02T01:16:22.275+0000] {logging_mixin.py:190} INFO - [2026-08-02T01:16:22.275+0000] {dag.py:3239} INFO - Sync 1 DAGs
[2026-08-02T01:16:22.298+0000] {logging_mixin.py:190} INFO - [2026-08-02T01:16:22.298+0000] {dag.py:4180} INFO - Setting next_dagrun for finascore_ml_pipeline to 2026-07-26 00:00:00+00:00, run_after=2026-08-02 00:00:00+00:00
[2026-08-02T01:16:22.314+0000] {processor.py:208} INFO - Processing /opt/airflow/dags/finascore_pipeline_dag.py took 0.094 seconds
[2026-08-02T01:16:52.413+0000] {processor.py:186} INFO - Started process (PID=3206) to work on /opt/airflow/dags/finascore_pipeline_dag.py
[2026-08-02T01:16:52.415+0000] {processor.py:914} INFO - Processing file /opt/airflow/dags/finascore_pipeline_dag.py for tasks to queue
[2026-08-02T01:16:52.416+0000] {logging_mixin.py:190} INFO - [2026-08-02T01:16:52.416+0000] {dagbag.py:588} INFO - Filling up the DagBag from /opt/airflow/dags/finascore_pipeline_dag.py
[2026-08-02T01:16:52.429+0000] {processor.py:925} INFO - DAG(s) 'finascore_ml_pipeline' retrieved from /opt/airflow/dags/finascore_pipeline_dag.py
[2026-08-02T01:16:52.464+0000] {logging_mixin.py:190} INFO - [2026-08-02T01:16:52.464+0000] {dag.py:3239} INFO - Sync 1 DAGs
[2026-08-02T01:16:52.487+0000] {logging_mixin.py:190} INFO - [2026-08-02T01:16:52.486+0000] {dag.py:4180} INFO - Setting next_dagrun for finascore_ml_pipeline to 2026-07-26 00:00:00+00:00, run_after=2026-08-02 00:00:00+00:00
[2026-08-02T01:16:52.503+0000] {processor.py:208} INFO - Processing /opt/airflow/dags/finascore_pipeline_dag.py took 0.096 seconds
[2026-08-02T01:17:22.584+0000] {processor.py:186} INFO - Started process (PID=3211) to work on /opt/airflow/dags/finascore_pipeline_dag.py
[2026-08-02T01:17:22.585+0000] {processor.py:914} INFO - Processing file /opt/airflow/dags/finascore_pipeline_dag.py for tasks to queue
[2026-08-02T01:17:22.586+0000] {logging_mixin.py:190} INFO - [2026-08-02T01:17:22.586+0000] {dagbag.py:588} INFO - Filling up the DagBag from /opt/airflow/dags/finascore_pipeline_dag.py
[2026-08-02T01:17:22.599+0000] {processor.py:925} INFO - DAG(s) 'finascore_ml_pipeline' retrieved from /opt/airflow/dags/finascore_pipeline_dag.py
[2026-08-02T01:17:22.634+0000] {logging_mixin.py:190} INFO - [2026-08-02T01:17:22.634+0000] {dag.py:3239} INFO - Sync 1 DAGs
[2026-08-02T01:17:22.657+0000] {logging_mixin.py:190} INFO - [2026-08-02T01:17:22.657+0000] {dag.py:4180} INFO - Setting next_dagrun for finascore_ml_pipeline to 2026-07-26 00:00:00+00:00, run_after=2026-08-02 00:00:00+00:00
[2026-08-02T01:17:22.672+0000] {processor.py:208} INFO - Processing /opt/airflow/dags/finascore_pipeline_dag.py took 0.094 seconds
[2026-08-02T01:17:52.766+0000] {processor.py:186} INFO - Started process (PID=3216) to work on /opt/airflow/dags/finascore_pipeline_dag.py
[2026-08-02T01:17:52.767+0000] {processor.py:914} INFO - Processing file /opt/airflow/dags/finascore_pipeline_dag.py for tasks to queue
[2026-08-02T01:17:52.768+0000] {logging_mixin.py:190} INFO - [2026-08-02T01:17:52.768+0000] {dagbag.py:588} INFO - Filling up the DagBag from /opt/airflow/dags/finascore_pipeline_dag.py
[2026-08-02T01:17:52.780+0000] {processor.py:925} INFO - DAG(s) 'finascore_ml_pipeline' retrieved from /opt/airflow/dags/finascore_pipeline_dag.py
[2026-08-02T01:17:52.817+0000] {logging_mixin.py:190} INFO - [2026-08-02T01:17:52.816+0000] {dag.py:3239} INFO - Sync 1 DAGs
[2026-08-02T01:17:52.840+0000] {logging_mixin.py:190} INFO - [2026-08-02T01:17:52.840+0000] {dag.py:4180} INFO - Setting next_dagrun for finascore_ml_pipeline to 2026-07-26 00:00:00+00:00, run_after=2026-08-02 00:00:00+00:00
[2026-08-02T01:17:52.857+0000] {processor.py:208} INFO - Processing /opt/airflow/dags/finascore_pipeline_dag.py took 0.097 seconds
[2026-08-02T01:18:22.934+0000] {processor.py:186} INFO - Started process (PID=3221) to work on /opt/airflow/dags/finascore_pipeline_dag.py
[2026-08-02T01:18:22.936+0000] {processor.py:914} INFO - Processing file /opt/airflow/dags/finascore_pipeline_dag.py for tasks to queue
[2026-08-02T01:18:22.937+0000] {logging_mixin.py:190} INFO - [2026-08-02T01:18:22.937+0000] {dagbag.py:588} INFO - Filling up the DagBag from /opt/airflow/dags/finascore_pipeline_dag.py
[2026-08-02T01:18:22.949+0000] {processor.py:925} INFO - DAG(s) 'finascore_ml_pipeline' retrieved from /opt/airflow/dags/finascore_pipeline_dag.py
[2026-08-02T01:18:22.998+0000] {logging_mixin.py:190} INFO - [2026-08-02T01:18:22.997+0000] {dag.py:3239} INFO - Sync 1 DAGs
[2026-08-02T01:18:23.020+0000] {logging_mixin.py:190} INFO - [2026-08-02T01:18:23.020+0000] {dag.py:4180} INFO - Setting next_dagrun for finascore_ml_pipeline to 2026-07-26 00:00:00+00:00, run_after=2026-08-02 00:00:00+00:00
[2026-08-02T01:18:23.038+0000] {processor.py:208} INFO - Processing /opt/airflow/dags/finascore_pipeline_dag.py took 0.109 seconds
[2026-08-02T01:18:53.144+0000] {processor.py:186} INFO - Started process (PID=3226) to work on /opt/airflow/dags/finascore_pipeline_dag.py
[2026-08-02T01:18:53.144+0000] {processor.py:914} INFO - Processing file /opt/airflow/dags/finascore_pipeline_dag.py for tasks to queue
[2026-08-02T01:18:53.146+0000] {logging_mixin.py:190} INFO - [2026-08-02T01:18:53.146+0000] {dagbag.py:588} INFO - Filling up the DagBag from /opt/airflow/dags/finascore_pipeline_dag.py
[2026-08-02T01:18:53.158+0000] {processor.py:925} INFO - DAG(s) 'finascore_ml_pipeline' retrieved from /opt/airflow/dags/finascore_pipeline_dag.py
[2026-08-02T01:18:53.192+0000] {logging_mixin.py:190} INFO - [2026-08-02T01:18:53.191+0000] {dag.py:3239} INFO - Sync 1 DAGs
[2026-08-02T01:18:53.215+0000] {logging_mixin.py:190} INFO - [2026-08-02T01:18:53.215+0000] {dag.py:4180} INFO - Setting next_dagrun for finascore_ml_pipeline to 2026-07-26 00:00:00+00:00, run_after=2026-08-02 00:00:00+00:00
[2026-08-02T01:18:53.231+0000] {processor.py:208} INFO - Processing /opt/airflow/dags/finascore_pipeline_dag.py took 0.093 seconds
[2026-08-02T01:19:23.311+0000] {processor.py:186} INFO - Started process (PID=3231) to work on /opt/airflow/dags/finascore_pipeline_dag.py
[2026-08-02T01:19:23.313+0000] {processor.py:914} INFO - Processing file /opt/airflow/dags/finascore_pipeline_dag.py for tasks to queue
[2026-08-02T01:19:23.314+0000] {logging_mixin.py:190} INFO - [2026-08-02T01:19:23.314+0000] {dagbag.py:588} INFO - Filling up the DagBag from /opt/airflow/dags/finascore_pipeline_dag.py
[2026-08-02T01:19:23.329+0000] {processor.py:925} INFO - DAG(s) 'finascore_ml_pipeline' retrieved from /opt/airflow/dags/finascore_pipeline_dag.py
[2026-08-02T01:19:23.366+0000] {logging_mixin.py:190} INFO - [2026-08-02T01:19:23.365+0000] {dag.py:3239} INFO - Sync 1 DAGs
[2026-08-02T01:19:23.389+0000] {logging_mixin.py:190} INFO - [2026-08-02T01:19:23.389+0000] {dag.py:4180} INFO - Setting next_dagrun for finascore_ml_pipeline to 2026-07-26 00:00:00+00:00, run_after=2026-08-02 00:00:00+00:00
[2026-08-02T01:19:23.404+0000] {processor.py:208} INFO - Processing /opt/airflow/dags/finascore_pipeline_dag.py took 0.102 seconds
[2026-08-02T01:19:53.496+0000] {processor.py:186} INFO - Started process (PID=3236) to work on /opt/airflow/dags/finascore_pipeline_dag.py
[2026-08-02T01:19:53.496+0000] {processor.py:914} INFO - Processing file /opt/airflow/dags/finascore_pipeline_dag.py for tasks to queue
[2026-08-02T01:19:53.497+0000] {logging_mixin.py:190} INFO - [2026-08-02T01:19:53.497+0000] {dagbag.py:588} INFO - Filling up the DagBag from /opt/airflow/dags/finascore_pipeline_dag.py
[2026-08-02T01:19:53.510+0000] {processor.py:925} INFO - DAG(s) 'finascore_ml_pipeline' retrieved from /opt/airflow/dags/finascore_pipeline_dag.py
[2026-08-02T01:19:53.553+0000] {logging_mixin.py:190} INFO - [2026-08-02T01:19:53.552+0000] {dag.py:3239} INFO - Sync 1 DAGs
[2026-08-02T01:19:53.576+0000] {logging_mixin.py:190} INFO - [2026-08-02T01:19:53.575+0000] {dag.py:4180} INFO - Setting next_dagrun for finascore_ml_pipeline to 2026-07-26 00:00:00+00:00, run_after=2026-08-02 00:00:00+00:00
[2026-08-02T01:19:53.592+0000] {processor.py:208} INFO - Processing /opt/airflow/dags/finascore_pipeline_dag.py took 0.102 seconds
[2026-08-02T01:20:23.678+0000] {processor.py:186} INFO - Started process (PID=3241) to work on /opt/airflow/dags/finascore_pipeline_dag.py
[2026-08-02T01:20:23.680+0000] {processor.py:914} INFO - Processing file /opt/airflow/dags/finascore_pipeline_dag.py for tasks to queue
[2026-08-02T01:20:23.681+0000] {logging_mixin.py:190} INFO - [2026-08-02T01:20:23.681+0000] {dagbag.py:588} INFO - Filling up the DagBag from /opt/airflow/dags/finascore_pipeline_dag.py
[2026-08-02T01:20:23.694+0000] {processor.py:925} INFO - DAG(s) 'finascore_ml_pipeline' retrieved from /opt/airflow/dags/finascore_pipeline_dag.py
[2026-08-02T01:20:23.733+0000] {logging_mixin.py:190} INFO - [2026-08-02T01:20:23.733+0000] {dag.py:3239} INFO - Sync 1 DAGs
[2026-08-02T01:20:23.756+0000] {logging_mixin.py:190} INFO - [2026-08-02T01:20:23.756+0000] {dag.py:4180} INFO - Setting next_dagrun for finascore_ml_pipeline to 2026-07-26 00:00:00+00:00, run_after=2026-08-02 00:00:00+00:00
[2026-08-02T01:20:23.770+0000] {processor.py:208} INFO - Processing /opt/airflow/dags/finascore_pipeline_dag.py took 0.098 seconds
[2026-08-02T01:20:53.873+0000] {processor.py:186} INFO - Started process (PID=3246) to work on /opt/airflow/dags/finascore_pipeline_dag.py
[2026-08-02T01:20:53.874+0000] {processor.py:914} INFO - Processing file /opt/airflow/dags/finascore_pipeline_dag.py for tasks to queue
[2026-08-02T01:20:53.875+0000] {logging_mixin.py:190} INFO - [2026-08-02T01:20:53.874+0000] {dagbag.py:588} INFO - Filling up the DagBag from /opt/airflow/dags/finascore_pipeline_dag.py
[2026-08-02T01:20:53.891+0000] {processor.py:925} INFO - DAG(s) 'finascore_ml_pipeline' retrieved from /opt/airflow/dags/finascore_pipeline_dag.py
[2026-08-02T01:20:53.924+0000] {logging_mixin.py:190} INFO - [2026-08-02T01:20:53.924+0000] {dag.py:3239} INFO - Sync 1 DAGs
[2026-08-02T01:20:53.950+0000] {logging_mixin.py:190} INFO - [2026-08-02T01:20:53.950+0000] {dag.py:4180} INFO - Setting next_dagrun for finascore_ml_pipeline to 2026-07-26 00:00:00+00:00, run_after=2026-08-02 00:00:00+00:00
[2026-08-02T01:20:53.966+0000] {processor.py:208} INFO - Processing /opt/airflow/dags/finascore_pipeline_dag.py took 0.099 seconds
[2026-08-02T01:21:24.049+0000] {processor.py:186} INFO - Started process (PID=3251) to work on /opt/airflow/dags/finascore_pipeline_dag.py
[2026-08-02T01:21:24.050+0000] {processor.py:914} INFO - Processing file /opt/airflow/dags/finascore_pipeline_dag.py for tasks to queue
[2026-08-02T01:21:24.051+0000] {logging_mixin.py:190} INFO - [2026-08-02T01:21:24.051+0000] {dagbag.py:588} INFO - Filling up the DagBag from /opt/airflow/dags/finascore_pipeline_dag.py
[2026-08-02T01:21:24.063+0000] {processor.py:925} INFO - DAG(s) 'finascore_ml_pipeline' retrieved from /opt/airflow/dags/finascore_pipeline_dag.py
[2026-08-02T01:21:24.096+0000] {logging_mixin.py:190} INFO - [2026-08-02T01:21:24.096+0000] {dag.py:3239} INFO - Sync 1 DAGs
[2026-08-02T01:21:24.120+0000] {logging_mixin.py:190} INFO - [2026-08-02T01:21:24.119+0000] {dag.py:4180} INFO - Setting next_dagrun for finascore_ml_pipeline to 2026-07-26 00:00:00+00:00, run_after=2026-08-02 00:00:00+00:00
[2026-08-02T01:21:24.134+0000] {processor.py:208} INFO - Processing /opt/airflow/dags/finascore_pipeline_dag.py took 0.091 seconds
[2026-08-02T01:21:54.240+0000] {processor.py:186} INFO - Started process (PID=3256) to work on /opt/airflow/dags/finascore_pipeline_dag.py
[2026-08-02T01:21:54.242+0000] {processor.py:914} INFO - Processing file /opt/airflow/dags/finascore_pipeline_dag.py for tasks to queue
[2026-08-02T01:21:54.243+0000] {logging_mixin.py:190} INFO - [2026-08-02T01:21:54.243+0000] {dagbag.py:588} INFO - Filling up the DagBag from /opt/airflow/dags/finascore_pipeline_dag.py
[2026-08-02T01:21:54.256+0000] {processor.py:925} INFO - DAG(s) 'finascore_ml_pipeline' retrieved from /opt/airflow/dags/finascore_pipeline_dag.py
[2026-08-02T01:21:54.292+0000] {logging_mixin.py:190} INFO - [2026-08-02T01:21:54.292+0000] {dag.py:3239} INFO - Sync 1 DAGs
[2026-08-02T01:21:54.315+0000] {logging_mixin.py:190} INFO - [2026-08-02T01:21:54.315+0000] {dag.py:4180} INFO - Setting next_dagrun for finascore_ml_pipeline to 2026-07-26 00:00:00+00:00, run_after=2026-08-02 00:00:00+00:00
[2026-08-02T01:21:54.330+0000] {processor.py:208} INFO - Processing /opt/airflow/dags/finascore_pipeline_dag.py took 0.096 seconds
[2026-08-02T01:22:24.421+0000] {processor.py:186} INFO - Started process (PID=3261) to work on /opt/airflow/dags/finascore_pipeline_dag.py
[2026-08-02T01:22:24.422+0000] {processor.py:914} INFO - Processing file /opt/airflow/dags/finascore_pipeline_dag.py for tasks to queue
[2026-08-02T01:22:24.423+0000] {logging_mixin.py:190} INFO - [2026-08-02T01:22:24.423+0000] {dagbag.py:588} INFO - Filling up the DagBag from /opt/airflow/dags/finascore_pipeline_dag.py
[2026-08-02T01:22:24.436+0000] {processor.py:925} INFO - DAG(s) 'finascore_ml_pipeline' retrieved from /opt/airflow/dags/finascore_pipeline_dag.py
[2026-08-02T01:22:24.470+0000] {logging_mixin.py:190} INFO - [2026-08-02T01:22:24.470+0000] {dag.py:3239} INFO - Sync 1 DAGs
[2026-08-02T01:22:24.493+0000] {logging_mixin.py:190} INFO - [2026-08-02T01:22:24.493+0000] {dag.py:4180} INFO - Setting next_dagrun for finascore_ml_pipeline to 2026-07-26 00:00:00+00:00, run_after=2026-08-02 00:00:00+00:00
[2026-08-02T01:22:24.507+0000] {processor.py:208} INFO - Processing /opt/airflow/dags/finascore_pipeline_dag.py took 0.093 seconds
[2026-08-02T01:22:54.612+0000] {processor.py:186} INFO - Started process (PID=3266) to work on /opt/airflow/dags/finascore_pipeline_dag.py
[2026-08-02T01:22:54.613+0000] {processor.py:914} INFO - Processing file /opt/airflow/dags/finascore_pipeline_dag.py for tasks to queue
[2026-08-02T01:22:54.615+0000] {logging_mixin.py:190} INFO - [2026-08-02T01:22:54.614+0000] {dagbag.py:588} INFO - Filling up the DagBag from /opt/airflow/dags/finascore_pipeline_dag.py
[2026-08-02T01:22:54.627+0000] {processor.py:925} INFO - DAG(s) 'finascore_ml_pipeline' retrieved from /opt/airflow/dags/finascore_pipeline_dag.py
[2026-08-02T01:22:54.662+0000] {logging_mixin.py:190} INFO - [2026-08-02T01:22:54.662+0000] {dag.py:3239} INFO - Sync 1 DAGs
[2026-08-02T01:22:54.686+0000] {logging_mixin.py:190} INFO - [2026-08-02T01:22:54.685+0000] {dag.py:4180} INFO - Setting next_dagrun for finascore_ml_pipeline to 2026-07-26 00:00:00+00:00, run_after=2026-08-02 00:00:00+00:00
[2026-08-02T01:22:54.702+0000] {processor.py:208} INFO - Processing /opt/airflow/dags/finascore_pipeline_dag.py took 0.096 seconds
[2026-08-02T01:23:24.792+0000] {processor.py:186} INFO - Started process (PID=3271) to work on /opt/airflow/dags/finascore_pipeline_dag.py
[2026-08-02T01:23:24.792+0000] {processor.py:914} INFO - Processing file /opt/airflow/dags/finascore_pipeline_dag.py for tasks to queue
[2026-08-02T01:23:24.794+0000] {logging_mixin.py:190} INFO - [2026-08-02T01:23:24.793+0000] {dagbag.py:588} INFO - Filling up the DagBag from /opt/airflow/dags/finascore_pipeline_dag.py
[2026-08-02T01:23:24.806+0000] {processor.py:925} INFO - DAG(s) 'finascore_ml_pipeline' retrieved from /opt/airflow/dags/finascore_pipeline_dag.py
[2026-08-02T01:23:24.841+0000] {logging_mixin.py:190} INFO - [2026-08-02T01:23:24.841+0000] {dag.py:3239} INFO - Sync 1 DAGs
[2026-08-02T01:23:24.868+0000] {logging_mixin.py:190} INFO - [2026-08-02T01:23:24.867+0000] {dag.py:4180} INFO - Setting next_dagrun for finascore_ml_pipeline to 2026-07-26 00:00:00+00:00, run_after=2026-08-02 00:00:00+00:00
[2026-08-02T01:23:24.884+0000] {processor.py:208} INFO - Processing /opt/airflow/dags/finascore_pipeline_dag.py took 0.098 seconds
[2026-08-02T01:23:54.977+0000] {processor.py:186} INFO - Started process (PID=3276) to work on /opt/airflow/dags/finascore_pipeline_dag.py
[2026-08-02T01:23:54.978+0000] {processor.py:914} INFO - Processing file /opt/airflow/dags/finascore_pipeline_dag.py for tasks to queue
[2026-08-02T01:23:54.979+0000] {logging_mixin.py:190} INFO - [2026-08-02T01:23:54.979+0000] {dagbag.py:588} INFO - Filling up the DagBag from /opt/airflow/dags/finascore_pipeline_dag.py
[2026-08-02T01:23:54.992+0000] {processor.py:925} INFO - DAG(s) 'finascore_ml_pipeline' retrieved from /opt/airflow/dags/finascore_pipeline_dag.py
[2026-08-02T01:23:55.042+0000] {logging_mixin.py:190} INFO - [2026-08-02T01:23:55.042+0000] {dag.py:3239} INFO - Sync 1 DAGs
[2026-08-02T01:23:55.065+0000] {logging_mixin.py:190} INFO - [2026-08-02T01:23:55.065+0000] {dag.py:4180} INFO - Setting next_dagrun for finascore_ml_pipeline to 2026-07-26 00:00:00+00:00, run_after=2026-08-02 00:00:00+00:00
[2026-08-02T01:23:55.083+0000] {processor.py:208} INFO - Processing /opt/airflow/dags/finascore_pipeline_dag.py took 0.112 seconds
[2026-08-02T01:24:25.177+0000] {processor.py:186} INFO - Started process (PID=3281) to work on /opt/airflow/dags/finascore_pipeline_dag.py
[2026-08-02T01:24:25.177+0000] {processor.py:914} INFO - Processing file /opt/airflow/dags/finascore_pipeline_dag.py for tasks to queue
[2026-08-02T01:24:25.179+0000] {logging_mixin.py:190} INFO - [2026-08-02T01:24:25.178+0000] {dagbag.py:588} INFO - Filling up the DagBag from /opt/airflow/dags/finascore_pipeline_dag.py
[2026-08-02T01:24:25.191+0000] {processor.py:925} INFO - DAG(s) 'finascore_ml_pipeline' retrieved from /opt/airflow/dags/finascore_pipeline_dag.py
[2026-08-02T01:24:25.226+0000] {logging_mixin.py:190} INFO - [2026-08-02T01:24:25.226+0000] {dag.py:3239} INFO - Sync 1 DAGs
[2026-08-02T01:24:25.250+0000] {logging_mixin.py:190} INFO - [2026-08-02T01:24:25.249+0000] {dag.py:4180} INFO - Setting next_dagrun for finascore_ml_pipeline to 2026-07-26 00:00:00+00:00, run_after=2026-08-02 00:00:00+00:00
[2026-08-02T01:24:25.266+0000] {processor.py:208} INFO - Processing /opt/airflow/dags/finascore_pipeline_dag.py took 0.095 seconds
[2026-08-02T01:24:55.362+0000] {processor.py:186} INFO - Started process (PID=3286) to work on /opt/airflow/dags/finascore_pipeline_dag.py
[2026-08-02T01:24:55.364+0000] {processor.py:914} INFO - Processing file /opt/airflow/dags/finascore_pipeline_dag.py for tasks to queue
[2026-08-02T01:24:55.365+0000] {logging_mixin.py:190} INFO - [2026-08-02T01:24:55.365+0000] {dagbag.py:588} INFO - Filling up the DagBag from /opt/airflow/dags/finascore_pipeline_dag.py
[2026-08-02T01:24:55.378+0000] {processor.py:925} INFO - DAG(s) 'finascore_ml_pipeline' retrieved from /opt/airflow/dags/finascore_pipeline_dag.py
[2026-08-02T01:24:55.429+0000] {logging_mixin.py:190} INFO - [2026-08-02T01:24:55.429+0000] {dag.py:3239} INFO - Sync 1 DAGs
[2026-08-02T01:24:55.471+0000] {logging_mixin.py:190} INFO - [2026-08-02T01:24:55.471+0000] {dag.py:4180} INFO - Setting next_dagrun for finascore_ml_pipeline to 2026-07-26 00:00:00+00:00, run_after=2026-08-02 00:00:00+00:00
[2026-08-02T01:24:55.495+0000] {processor.py:208} INFO - Processing /opt/airflow/dags/finascore_pipeline_dag.py took 0.140 seconds
[2026-08-02T09:42:39.343+0000] {processor.py:186} INFO - Started process (PID=160) to work on /opt/airflow/dags/finascore_pipeline_dag.py
[2026-08-02T09:42:39.345+0000] {processor.py:914} INFO - Processing file /opt/airflow/dags/finascore_pipeline_dag.py for tasks to queue
[2026-08-02T09:42:39.346+0000] {logging_mixin.py:190} INFO - [2026-08-02T09:42:39.346+0000] {dagbag.py:588} INFO - Filling up the DagBag from /opt/airflow/dags/finascore_pipeline_dag.py
[2026-08-02T09:42:39.371+0000] {processor.py:925} INFO - DAG(s) 'finascore_ml_pipeline' retrieved from /opt/airflow/dags/finascore_pipeline_dag.py
[2026-08-02T09:42:39.406+0000] {logging_mixin.py:190} INFO - [2026-08-02T09:42:39.406+0000] {dag.py:3239} INFO - Sync 1 DAGs
[2026-08-02T09:42:39.432+0000] {logging_mixin.py:190} INFO - [2026-08-02T09:42:39.432+0000] {dag.py:4180} INFO - Setting next_dagrun for finascore_ml_pipeline to 2026-07-26 00:00:00+00:00, run_after=2026-08-02 00:00:00+00:00
[2026-08-02T09:42:39.448+0000] {processor.py:208} INFO - Processing /opt/airflow/dags/finascore_pipeline_dag.py took 0.112 seconds
[2026-08-02T09:43:09.506+0000] {processor.py:186} INFO - Started process (PID=166) to work on /opt/airflow/dags/finascore_pipeline_dag.py
[2026-08-02T09:43:09.507+0000] {processor.py:914} INFO - Processing file /opt/airflow/dags/finascore_pipeline_dag.py for tasks to queue
[2026-08-02T09:43:09.509+0000] {logging_mixin.py:190} INFO - [2026-08-02T09:43:09.508+0000] {dagbag.py:588} INFO - Filling up the DagBag from /opt/airflow/dags/finascore_pipeline_dag.py
[2026-08-02T09:43:09.531+0000] {processor.py:925} INFO - DAG(s) 'finascore_ml_pipeline' retrieved from /opt/airflow/dags/finascore_pipeline_dag.py
[2026-08-02T09:43:09.597+0000] {logging_mixin.py:190} INFO - [2026-08-02T09:43:09.597+0000] {dag.py:3239} INFO - Sync 1 DAGs
[2026-08-02T09:43:09.632+0000] {logging_mixin.py:190} INFO - [2026-08-02T09:43:09.632+0000] {dag.py:4180} INFO - Setting next_dagrun for finascore_ml_pipeline to 2026-07-26 00:00:00+00:00, run_after=2026-08-02 00:00:00+00:00
[2026-08-02T09:43:09.655+0000] {processor.py:208} INFO - Processing /opt/airflow/dags/finascore_pipeline_dag.py took 0.157 seconds
[2026-08-02T09:43:39.798+0000] {processor.py:186} INFO - Started process (PID=171) to work on /opt/airflow/dags/finascore_pipeline_dag.py
[2026-08-02T09:43:39.799+0000] {processor.py:914} INFO - Processing file /opt/airflow/dags/finascore_pipeline_dag.py for tasks to queue
[2026-08-02T09:43:39.802+0000] {logging_mixin.py:190} INFO - [2026-08-02T09:43:39.800+0000] {dagbag.py:588} INFO - Filling up the DagBag from /opt/airflow/dags/finascore_pipeline_dag.py
[2026-08-02T09:43:39.844+0000] {processor.py:925} INFO - DAG(s) 'finascore_ml_pipeline' retrieved from /opt/airflow/dags/finascore_pipeline_dag.py
[2026-08-02T09:43:39.906+0000] {logging_mixin.py:190} INFO - [2026-08-02T09:43:39.906+0000] {dag.py:3239} INFO - Sync 1 DAGs
[2026-08-02T09:43:39.947+0000] {logging_mixin.py:190} INFO - [2026-08-02T09:43:39.947+0000] {dag.py:4180} INFO - Setting next_dagrun for finascore_ml_pipeline to 2026-07-26 00:00:00+00:00, run_after=2026-08-02 00:00:00+00:00
[2026-08-02T09:43:40.163+0000] {processor.py:208} INFO - Processing /opt/airflow/dags/finascore_pipeline_dag.py took 0.379 seconds
[2026-08-02T09:44:10.318+0000] {processor.py:186} INFO - Started process (PID=176) to work on /opt/airflow/dags/finascore_pipeline_dag.py
[2026-08-02T09:44:10.320+0000] {processor.py:914} INFO - Processing file /opt/airflow/dags/finascore_pipeline_dag.py for tasks to queue
[2026-08-02T09:44:10.321+0000] {logging_mixin.py:190} INFO - [2026-08-02T09:44:10.321+0000] {dagbag.py:588} INFO - Filling up the DagBag from /opt/airflow/dags/finascore_pipeline_dag.py
[2026-08-02T09:44:10.335+0000] {processor.py:925} INFO - DAG(s) 'finascore_ml_pipeline' retrieved from /opt/airflow/dags/finascore_pipeline_dag.py
[2026-08-02T09:44:10.369+0000] {logging_mixin.py:190} INFO - [2026-08-02T09:44:10.368+0000] {dag.py:3239} INFO - Sync 1 DAGs
[2026-08-02T09:44:10.540+0000] {logging_mixin.py:190} INFO - [2026-08-02T09:44:10.540+0000] {dag.py:4180} INFO - Setting next_dagrun for finascore_ml_pipeline to 2026-07-26 00:00:00+00:00, run_after=2026-08-02 00:00:00+00:00
[2026-08-02T09:44:10.554+0000] {processor.py:208} INFO - Processing /opt/airflow/dags/finascore_pipeline_dag.py took 0.243 seconds
[2026-08-02T09:44:40.701+0000] {processor.py:186} INFO - Started process (PID=181) to work on /opt/airflow/dags/finascore_pipeline_dag.py
[2026-08-02T09:44:40.702+0000] {processor.py:914} INFO - Processing file /opt/airflow/dags/finascore_pipeline_dag.py for tasks to queue
[2026-08-02T09:44:40.703+0000] {logging_mixin.py:190} INFO - [2026-08-02T09:44:40.703+0000] {dagbag.py:588} INFO - Filling up the DagBag from /opt/airflow/dags/finascore_pipeline_dag.py
[2026-08-02T09:44:40.715+0000] {processor.py:925} INFO - DAG(s) 'finascore_ml_pipeline' retrieved from /opt/airflow/dags/finascore_pipeline_dag.py
[2026-08-02T09:44:40.888+0000] {logging_mixin.py:190} INFO - [2026-08-02T09:44:40.887+0000] {dag.py:3239} INFO - Sync 1 DAGs
[2026-08-02T09:44:40.906+0000] {logging_mixin.py:190} INFO - [2026-08-02T09:44:40.906+0000] {dag.py:4180} INFO - Setting next_dagrun for finascore_ml_pipeline to 2026-07-26 00:00:00+00:00, run_after=2026-08-02 00:00:00+00:00
[2026-08-02T09:44:40.922+0000] {processor.py:208} INFO - Processing /opt/airflow/dags/finascore_pipeline_dag.py took 0.227 seconds
[2026-08-02T09:45:11.054+0000] {processor.py:186} INFO - Started process (PID=186) to work on /opt/airflow/dags/finascore_pipeline_dag.py
[2026-08-02T09:45:11.056+0000] {processor.py:914} INFO - Processing file /opt/airflow/dags/finascore_pipeline_dag.py for tasks to queue
[2026-08-02T09:45:11.057+0000] {logging_mixin.py:190} INFO - [2026-08-02T09:45:11.056+0000] {dagbag.py:588} INFO - Filling up the DagBag from /opt/airflow/dags/finascore_pipeline_dag.py
[2026-08-02T09:45:11.209+0000] {processor.py:925} INFO - DAG(s) 'finascore_ml_pipeline' retrieved from /opt/airflow/dags/finascore_pipeline_dag.py
[2026-08-02T09:45:11.235+0000] {logging_mixin.py:190} INFO - [2026-08-02T09:45:11.234+0000] {dag.py:3239} INFO - Sync 1 DAGs
[2026-08-02T09:45:11.253+0000] {logging_mixin.py:190} INFO - [2026-08-02T09:45:11.253+0000] {dag.py:4180} INFO - Setting next_dagrun for finascore_ml_pipeline to 2026-07-26 00:00:00+00:00, run_after=2026-08-02 00:00:00+00:00
[2026-08-02T09:45:11.267+0000] {processor.py:208} INFO - Processing /opt/airflow/dags/finascore_pipeline_dag.py took 0.219 seconds
[2026-08-02T09:45:41.561+0000] {processor.py:186} INFO - Started process (PID=191) to work on /opt/airflow/dags/finascore_pipeline_dag.py
[2026-08-02T09:45:41.563+0000] {processor.py:914} INFO - Processing file /opt/airflow/dags/finascore_pipeline_dag.py for tasks to queue
[2026-08-02T09:45:41.564+0000] {logging_mixin.py:190} INFO - [2026-08-02T09:45:41.564+0000] {dagbag.py:588} INFO - Filling up the DagBag from /opt/airflow/dags/finascore_pipeline_dag.py
[2026-08-02T09:45:41.576+0000] {processor.py:925} INFO - DAG(s) 'finascore_ml_pipeline' retrieved from /opt/airflow/dags/finascore_pipeline_dag.py
[2026-08-02T09:45:41.607+0000] {logging_mixin.py:190} INFO - [2026-08-02T09:45:41.607+0000] {dag.py:3239} INFO - Sync 1 DAGs
[2026-08-02T09:45:41.629+0000] {logging_mixin.py:190} INFO - [2026-08-02T09:45:41.629+0000] {dag.py:4180} INFO - Setting next_dagrun for finascore_ml_pipeline to 2026-07-26 00:00:00+00:00, run_after=2026-08-02 00:00:00+00:00
[2026-08-02T09:45:41.647+0000] {processor.py:208} INFO - Processing /opt/airflow/dags/finascore_pipeline_dag.py took 0.092 seconds
[2026-08-02T09:46:11.696+0000] {processor.py:186} INFO - Started process (PID=196) to work on /opt/airflow/dags/finascore_pipeline_dag.py
[2026-08-02T09:46:11.698+0000] {processor.py:914} INFO - Processing file /opt/airflow/dags/finascore_pipeline_dag.py for tasks to queue
[2026-08-02T09:46:11.699+0000] {logging_mixin.py:190} INFO - [2026-08-02T09:46:11.699+0000] {dagbag.py:588} INFO - Filling up the DagBag from /opt/airflow/dags/finascore_pipeline_dag.py
[2026-08-02T09:46:11.710+0000] {processor.py:925} INFO - DAG(s) 'finascore_ml_pipeline' retrieved from /opt/airflow/dags/finascore_pipeline_dag.py
[2026-08-02T09:46:11.742+0000] {logging_mixin.py:190} INFO - [2026-08-02T09:46:11.742+0000] {dag.py:3239} INFO - Sync 1 DAGs
[2026-08-02T09:46:11.765+0000] {logging_mixin.py:190} INFO - [2026-08-02T09:46:11.765+0000] {dag.py:4180} INFO - Setting next_dagrun for finascore_ml_pipeline to 2026-07-26 00:00:00+00:00, run_after=2026-08-02 00:00:00+00:00
[2026-08-02T09:46:11.782+0000] {processor.py:208} INFO - Processing /opt/airflow/dags/finascore_pipeline_dag.py took 0.092 seconds
[2026-08-02T09:46:41.925+0000] {processor.py:186} INFO - Started process (PID=201) to work on /opt/airflow/dags/finascore_pipeline_dag.py
[2026-08-02T09:46:41.927+0000] {processor.py:914} INFO - Processing file /opt/airflow/dags/finascore_pipeline_dag.py for tasks to queue
[2026-08-02T09:46:41.928+0000] {logging_mixin.py:190} INFO - [2026-08-02T09:46:41.928+0000] {dagbag.py:588} INFO - Filling up the DagBag from /opt/airflow/dags/finascore_pipeline_dag.py
[2026-08-02T09:46:41.940+0000] {processor.py:925} INFO - DAG(s) 'finascore_ml_pipeline' retrieved from /opt/airflow/dags/finascore_pipeline_dag.py
[2026-08-02T09:46:41.985+0000] {logging_mixin.py:190} INFO - [2026-08-02T09:46:41.985+0000] {dag.py:3239} INFO - Sync 1 DAGs
[2026-08-02T09:46:42.008+0000] {logging_mixin.py:190} INFO - [2026-08-02T09:46:42.008+0000] {dag.py:4180} INFO - Setting next_dagrun for finascore_ml_pipeline to 2026-07-26 00:00:00+00:00, run_after=2026-08-02 00:00:00+00:00
[2026-08-02T09:46:42.025+0000] {processor.py:208} INFO - Processing /opt/airflow/dags/finascore_pipeline_dag.py took 0.106 seconds
[2026-08-02T09:47:12.084+0000] {processor.py:186} INFO - Started process (PID=206) to work on /opt/airflow/dags/finascore_pipeline_dag.py
[2026-08-02T09:47:12.086+0000] {processor.py:914} INFO - Processing file /opt/airflow/dags/finascore_pipeline_dag.py for tasks to queue
[2026-08-02T09:47:12.087+0000] {logging_mixin.py:190} INFO - [2026-08-02T09:47:12.087+0000] {dagbag.py:588} INFO - Filling up the DagBag from /opt/airflow/dags/finascore_pipeline_dag.py
[2026-08-02T09:47:12.099+0000] {processor.py:925} INFO - DAG(s) 'finascore_ml_pipeline' retrieved from /opt/airflow/dags/finascore_pipeline_dag.py
[2026-08-02T09:47:12.134+0000] {logging_mixin.py:190} INFO - [2026-08-02T09:47:12.134+0000] {dag.py:3239} INFO - Sync 1 DAGs
[2026-08-02T09:47:12.160+0000] {logging_mixin.py:190} INFO - [2026-08-02T09:47:12.160+0000] {dag.py:4180} INFO - Setting next_dagrun for finascore_ml_pipeline to 2026-07-26 00:00:00+00:00, run_after=2026-08-02 00:00:00+00:00
[2026-08-02T09:47:12.174+0000] {processor.py:208} INFO - Processing /opt/airflow/dags/finascore_pipeline_dag.py took 0.096 seconds
[2026-08-02T09:47:42.288+0000] {processor.py:186} INFO - Started process (PID=211) to work on /opt/airflow/dags/finascore_pipeline_dag.py
[2026-08-02T09:47:42.290+0000] {processor.py:914} INFO - Processing file /opt/airflow/dags/finascore_pipeline_dag.py for tasks to queue
[2026-08-02T09:47:42.291+0000] {logging_mixin.py:190} INFO - [2026-08-02T09:47:42.290+0000] {dagbag.py:588} INFO - Filling up the DagBag from /opt/airflow/dags/finascore_pipeline_dag.py
[2026-08-02T09:47:42.303+0000] {processor.py:925} INFO - DAG(s) 'finascore_ml_pipeline' retrieved from /opt/airflow/dags/finascore_pipeline_dag.py
[2026-08-02T09:47:42.334+0000] {logging_mixin.py:190} INFO - [2026-08-02T09:47:42.334+0000] {dag.py:3239} INFO - Sync 1 DAGs
[2026-08-02T09:47:42.357+0000] {logging_mixin.py:190} INFO - [2026-08-02T09:47:42.356+0000] {dag.py:4180} INFO - Setting next_dagrun for finascore_ml_pipeline to 2026-07-26 00:00:00+00:00, run_after=2026-08-02 00:00:00+00:00
[2026-08-02T09:47:42.373+0000] {processor.py:208} INFO - Processing /opt/airflow/dags/finascore_pipeline_dag.py took 0.092 seconds
[2026-08-02T09:48:12.453+0000] {processor.py:186} INFO - Started process (PID=216) to work on /opt/airflow/dags/finascore_pipeline_dag.py
[2026-08-02T09:48:12.455+0000] {processor.py:914} INFO - Processing file /opt/airflow/dags/finascore_pipeline_dag.py for tasks to queue
[2026-08-02T09:48:12.456+0000] {logging_mixin.py:190} INFO - [2026-08-02T09:48:12.456+0000] {dagbag.py:588} INFO - Filling up the DagBag from /opt/airflow/dags/finascore_pipeline_dag.py
[2026-08-02T09:48:12.469+0000] {processor.py:925} INFO - DAG(s) 'finascore_ml_pipeline' retrieved from /opt/airflow/dags/finascore_pipeline_dag.py
[2026-08-02T09:48:12.500+0000] {logging_mixin.py:190} INFO - [2026-08-02T09:48:12.500+0000] {dag.py:3239} INFO - Sync 1 DAGs
[2026-08-02T09:48:12.522+0000] {logging_mixin.py:190} INFO - [2026-08-02T09:48:12.522+0000] {dag.py:4180} INFO - Setting next_dagrun for finascore_ml_pipeline to 2026-07-26 00:00:00+00:00, run_after=2026-08-02 00:00:00+00:00
[2026-08-02T09:48:12.538+0000] {processor.py:208} INFO - Processing /opt/airflow/dags/finascore_pipeline_dag.py took 0.090 seconds
[2026-08-02T09:48:42.651+0000] {processor.py:186} INFO - Started process (PID=221) to work on /opt/airflow/dags/finascore_pipeline_dag.py
[2026-08-02T09:48:42.653+0000] {processor.py:914} INFO - Processing file /opt/airflow/dags/finascore_pipeline_dag.py for tasks to queue
[2026-08-02T09:48:42.654+0000] {logging_mixin.py:190} INFO - [2026-08-02T09:48:42.654+0000] {dagbag.py:588} INFO - Filling up the DagBag from /opt/airflow/dags/finascore_pipeline_dag.py
[2026-08-02T09:48:42.666+0000] {processor.py:925} INFO - DAG(s) 'finascore_ml_pipeline' retrieved from /opt/airflow/dags/finascore_pipeline_dag.py
[2026-08-02T09:48:42.696+0000] {logging_mixin.py:190} INFO - [2026-08-02T09:48:42.696+0000] {dag.py:3239} INFO - Sync 1 DAGs
[2026-08-02T09:48:42.718+0000] {logging_mixin.py:190} INFO - [2026-08-02T09:48:42.718+0000] {dag.py:4180} INFO - Setting next_dagrun for finascore_ml_pipeline to 2026-07-26 00:00:00+00:00, run_after=2026-08-02 00:00:00+00:00
[2026-08-02T09:48:42.733+0000] {processor.py:208} INFO - Processing /opt/airflow/dags/finascore_pipeline_dag.py took 0.090 seconds
[2026-08-02T09:49:12.803+0000] {processor.py:186} INFO - Started process (PID=226) to work on /opt/airflow/dags/finascore_pipeline_dag.py
[2026-08-02T09:49:12.804+0000] {processor.py:914} INFO - Processing file /opt/airflow/dags/finascore_pipeline_dag.py for tasks to queue
[2026-08-02T09:49:12.805+0000] {logging_mixin.py:190} INFO - [2026-08-02T09:49:12.805+0000] {dagbag.py:588} INFO - Filling up the DagBag from /opt/airflow/dags/finascore_pipeline_dag.py
[2026-08-02T09:49:12.817+0000] {processor.py:925} INFO - DAG(s) 'finascore_ml_pipeline' retrieved from /opt/airflow/dags/finascore_pipeline_dag.py
[2026-08-02T09:49:12.849+0000] {logging_mixin.py:190} INFO - [2026-08-02T09:49:12.849+0000] {dag.py:3239} INFO - Sync 1 DAGs
[2026-08-02T09:49:12.872+0000] {logging_mixin.py:190} INFO - [2026-08-02T09:49:12.872+0000] {dag.py:4180} INFO - Setting next_dagrun for finascore_ml_pipeline to 2026-07-26 00:00:00+00:00, run_after=2026-08-02 00:00:00+00:00
[2026-08-02T09:49:12.888+0000] {processor.py:208} INFO - Processing /opt/airflow/dags/finascore_pipeline_dag.py took 0.091 seconds
[2026-08-02T09:49:43.003+0000] {processor.py:186} INFO - Started process (PID=231) to work on /opt/airflow/dags/finascore_pipeline_dag.py
[2026-08-02T09:49:43.005+0000] {processor.py:914} INFO - Processing file /opt/airflow/dags/finascore_pipeline_dag.py for tasks to queue
[2026-08-02T09:49:43.006+0000] {logging_mixin.py:190} INFO - [2026-08-02T09:49:43.006+0000] {dagbag.py:588} INFO - Filling up the DagBag from /opt/airflow/dags/finascore_pipeline_dag.py
[2026-08-02T09:49:43.019+0000] {processor.py:925} INFO - DAG(s) 'finascore_ml_pipeline' retrieved from /opt/airflow/dags/finascore_pipeline_dag.py
[2026-08-02T09:49:43.052+0000] {logging_mixin.py:190} INFO - [2026-08-02T09:49:43.052+0000] {dag.py:3239} INFO - Sync 1 DAGs
[2026-08-02T09:49:43.075+0000] {logging_mixin.py:190} INFO - [2026-08-02T09:49:43.075+0000] {dag.py:4180} INFO - Setting next_dagrun for finascore_ml_pipeline to 2026-07-26 00:00:00+00:00, run_after=2026-08-02 00:00:00+00:00
[2026-08-02T09:49:43.090+0000] {processor.py:208} INFO - Processing /opt/airflow/dags/finascore_pipeline_dag.py took 0.094 seconds
[2026-08-02T09:50:13.205+0000] {processor.py:186} INFO - Started process (PID=236) to work on /opt/airflow/dags/finascore_pipeline_dag.py
[2026-08-02T09:50:13.206+0000] {processor.py:914} INFO - Processing file /opt/airflow/dags/finascore_pipeline_dag.py for tasks to queue
[2026-08-02T09:50:13.207+0000] {logging_mixin.py:190} INFO - [2026-08-02T09:50:13.207+0000] {dagbag.py:588} INFO - Filling up the DagBag from /opt/airflow/dags/finascore_pipeline_dag.py
[2026-08-02T09:50:13.230+0000] {processor.py:925} INFO - DAG(s) 'finascore_ml_pipeline' retrieved from /opt/airflow/dags/finascore_pipeline_dag.py
[2026-08-02T09:50:13.300+0000] {logging_mixin.py:190} INFO - [2026-08-02T09:50:13.300+0000] {dag.py:3239} INFO - Sync 1 DAGs
[2026-08-02T09:50:13.351+0000] {logging_mixin.py:190} INFO - [2026-08-02T09:50:13.350+0000] {dag.py:4180} INFO - Setting next_dagrun for finascore_ml_pipeline to 2026-07-26 00:00:00+00:00, run_after=2026-08-02 00:00:00+00:00
[2026-08-02T09:50:13.393+0000] {processor.py:208} INFO - Processing /opt/airflow/dags/finascore_pipeline_dag.py took 0.198 seconds
[2026-08-02T09:50:43.597+0000] {processor.py:186} INFO - Started process (PID=241) to work on /opt/airflow/dags/finascore_pipeline_dag.py
[2026-08-02T09:50:43.598+0000] {processor.py:914} INFO - Processing file /opt/airflow/dags/finascore_pipeline_dag.py for tasks to queue
[2026-08-02T09:50:43.602+0000] {logging_mixin.py:190} INFO - [2026-08-02T09:50:43.601+0000] {dagbag.py:588} INFO - Filling up the DagBag from /opt/airflow/dags/finascore_pipeline_dag.py
[2026-08-02T09:50:43.622+0000] {processor.py:925} INFO - DAG(s) 'finascore_ml_pipeline' retrieved from /opt/airflow/dags/finascore_pipeline_dag.py
[2026-08-02T09:50:43.672+0000] {logging_mixin.py:190} INFO - [2026-08-02T09:50:43.672+0000] {dag.py:3239} INFO - Sync 1 DAGs
[2026-08-02T09:50:43.716+0000] {logging_mixin.py:190} INFO - [2026-08-02T09:50:43.716+0000] {dag.py:4180} INFO - Setting next_dagrun for finascore_ml_pipeline to 2026-07-26 00:00:00+00:00, run_after=2026-08-02 00:00:00+00:00
[2026-08-02T09:50:43.751+0000] {processor.py:208} INFO - Processing /opt/airflow/dags/finascore_pipeline_dag.py took 0.163 seconds
[2026-08-02T09:51:13.954+0000] {processor.py:186} INFO - Started process (PID=246) to work on /opt/airflow/dags/finascore_pipeline_dag.py
[2026-08-02T09:51:13.956+0000] {processor.py:914} INFO - Processing file /opt/airflow/dags/finascore_pipeline_dag.py for tasks to queue
[2026-08-02T09:51:13.957+0000] {logging_mixin.py:190} INFO - [2026-08-02T09:51:13.957+0000] {dagbag.py:588} INFO - Filling up the DagBag from /opt/airflow/dags/finascore_pipeline_dag.py
[2026-08-02T09:51:13.978+0000] {processor.py:925} INFO - DAG(s) 'finascore_ml_pipeline' retrieved from /opt/airflow/dags/finascore_pipeline_dag.py
[2026-08-02T09:51:14.041+0000] {logging_mixin.py:190} INFO - [2026-08-02T09:51:14.041+0000] {dag.py:3239} INFO - Sync 1 DAGs
[2026-08-02T09:51:14.075+0000] {logging_mixin.py:190} INFO - [2026-08-02T09:51:14.075+0000] {dag.py:4180} INFO - Setting next_dagrun for finascore_ml_pipeline to 2026-07-26 00:00:00+00:00, run_after=2026-08-02 00:00:00+00:00
[2026-08-02T09:51:14.102+0000] {processor.py:208} INFO - Processing /opt/airflow/dags/finascore_pipeline_dag.py took 0.157 seconds
[2026-08-02T09:51:44.292+0000] {processor.py:186} INFO - Started process (PID=251) to work on /opt/airflow/dags/finascore_pipeline_dag.py
[2026-08-02T09:51:44.293+0000] {processor.py:914} INFO - Processing file /opt/airflow/dags/finascore_pipeline_dag.py for tasks to queue
[2026-08-02T09:51:44.294+0000] {logging_mixin.py:190} INFO - [2026-08-02T09:51:44.294+0000] {dagbag.py:588} INFO - Filling up the DagBag from /opt/airflow/dags/finascore_pipeline_dag.py
[2026-08-02T09:51:44.314+0000] {processor.py:925} INFO - DAG(s) 'finascore_ml_pipeline' retrieved from /opt/airflow/dags/finascore_pipeline_dag.py
[2026-08-02T09:51:44.361+0000] {logging_mixin.py:190} INFO - [2026-08-02T09:51:44.360+0000] {dag.py:3239} INFO - Sync 1 DAGs
[2026-08-02T09:51:44.402+0000] {logging_mixin.py:190} INFO - [2026-08-02T09:51:44.402+0000] {dag.py:4180} INFO - Setting next_dagrun for finascore_ml_pipeline to 2026-07-26 00:00:00+00:00, run_after=2026-08-02 00:00:00+00:00
[2026-08-02T09:51:44.429+0000] {processor.py:208} INFO - Processing /opt/airflow/dags/finascore_pipeline_dag.py took 0.145 seconds
[2026-08-02T09:52:14.631+0000] {processor.py:186} INFO - Started process (PID=256) to work on /opt/airflow/dags/finascore_pipeline_dag.py
[2026-08-02T09:52:14.633+0000] {processor.py:914} INFO - Processing file /opt/airflow/dags/finascore_pipeline_dag.py for tasks to queue
[2026-08-02T09:52:14.636+0000] {logging_mixin.py:190} INFO - [2026-08-02T09:52:14.635+0000] {dagbag.py:588} INFO - Filling up the DagBag from /opt/airflow/dags/finascore_pipeline_dag.py
[2026-08-02T09:52:14.656+0000] {processor.py:925} INFO - DAG(s) 'finascore_ml_pipeline' retrieved from /opt/airflow/dags/finascore_pipeline_dag.py
[2026-08-02T09:52:14.705+0000] {logging_mixin.py:190} INFO - [2026-08-02T09:52:14.704+0000] {dag.py:3239} INFO - Sync 1 DAGs
[2026-08-02T09:52:14.740+0000] {logging_mixin.py:190} INFO - [2026-08-02T09:52:14.740+0000] {dag.py:4180} INFO - Setting next_dagrun for finascore_ml_pipeline to 2026-07-26 00:00:00+00:00, run_after=2026-08-02 00:00:00+00:00
[2026-08-02T09:52:14.765+0000] {processor.py:208} INFO - Processing /opt/airflow/dags/finascore_pipeline_dag.py took 0.143 seconds
[2026-08-02T09:52:44.813+0000] {processor.py:186} INFO - Started process (PID=261) to work on /opt/airflow/dags/finascore_pipeline_dag.py
[2026-08-02T09:52:44.814+0000] {processor.py:914} INFO - Processing file /opt/airflow/dags/finascore_pipeline_dag.py for tasks to queue
[2026-08-02T09:52:44.815+0000] {logging_mixin.py:190} INFO - [2026-08-02T09:52:44.815+0000] {dagbag.py:588} INFO - Filling up the DagBag from /opt/airflow/dags/finascore_pipeline_dag.py
[2026-08-02T09:52:44.837+0000] {processor.py:925} INFO - DAG(s) 'finascore_ml_pipeline' retrieved from /opt/airflow/dags/finascore_pipeline_dag.py
[2026-08-02T09:52:44.884+0000] {logging_mixin.py:190} INFO - [2026-08-02T09:52:44.883+0000] {dag.py:3239} INFO - Sync 1 DAGs
[2026-08-02T09:52:44.917+0000] {logging_mixin.py:190} INFO - [2026-08-02T09:52:44.916+0000] {dag.py:4180} INFO - Setting next_dagrun for finascore_ml_pipeline to 2026-07-26 00:00:00+00:00, run_after=2026-08-02 00:00:00+00:00
[2026-08-02T09:52:44.944+0000] {processor.py:208} INFO - Processing /opt/airflow/dags/finascore_pipeline_dag.py took 0.140 seconds
[2026-08-02T09:53:15.154+0000] {processor.py:186} INFO - Started process (PID=266) to work on /opt/airflow/dags/finascore_pipeline_dag.py
[2026-08-02T09:53:15.157+0000] {processor.py:914} INFO - Processing file /opt/airflow/dags/finascore_pipeline_dag.py for tasks to queue
[2026-08-02T09:53:15.158+0000] {logging_mixin.py:190} INFO - [2026-08-02T09:53:15.158+0000] {dagbag.py:588} INFO - Filling up the DagBag from /opt/airflow/dags/finascore_pipeline_dag.py
[2026-08-02T09:53:15.176+0000] {processor.py:925} INFO - DAG(s) 'finascore_ml_pipeline' retrieved from /opt/airflow/dags/finascore_pipeline_dag.py
[2026-08-02T09:53:15.220+0000] {logging_mixin.py:190} INFO - [2026-08-02T09:53:15.220+0000] {dag.py:3239} INFO - Sync 1 DAGs
[2026-08-02T09:53:15.262+0000] {logging_mixin.py:190} INFO - [2026-08-02T09:53:15.262+0000] {dag.py:4180} INFO - Setting next_dagrun for finascore_ml_pipeline to 2026-07-26 00:00:00+00:00, run_after=2026-08-02 00:00:00+00:00
[2026-08-02T09:53:15.287+0000] {processor.py:208} INFO - Processing /opt/airflow/dags/finascore_pipeline_dag.py took 0.144 seconds
[2026-08-02T09:53:45.325+0000] {processor.py:186} INFO - Started process (PID=271) to work on /opt/airflow/dags/finascore_pipeline_dag.py
[2026-08-02T09:53:45.326+0000] {processor.py:914} INFO - Processing file /opt/airflow/dags/finascore_pipeline_dag.py for tasks to queue
[2026-08-02T09:53:45.329+0000] {logging_mixin.py:190} INFO - [2026-08-02T09:53:45.329+0000] {dagbag.py:588} INFO - Filling up the DagBag from /opt/airflow/dags/finascore_pipeline_dag.py
[2026-08-02T09:53:45.341+0000] {processor.py:925} INFO - DAG(s) 'finascore_ml_pipeline' retrieved from /opt/airflow/dags/finascore_pipeline_dag.py
[2026-08-02T09:53:45.372+0000] {logging_mixin.py:190} INFO - [2026-08-02T09:53:45.372+0000] {dag.py:3239} INFO - Sync 1 DAGs
[2026-08-02T09:53:45.394+0000] {logging_mixin.py:190} INFO - [2026-08-02T09:53:45.394+0000] {dag.py:4180} INFO - Setting next_dagrun for finascore_ml_pipeline to 2026-07-26 00:00:00+00:00, run_after=2026-08-02 00:00:00+00:00
[2026-08-02T09:53:45.408+0000] {processor.py:208} INFO - Processing /opt/airflow/dags/finascore_pipeline_dag.py took 0.090 seconds
[2026-08-02T09:54:15.474+0000] {processor.py:186} INFO - Started process (PID=276) to work on /opt/airflow/dags/finascore_pipeline_dag.py
[2026-08-02T09:54:15.476+0000] {processor.py:914} INFO - Processing file /opt/airflow/dags/finascore_pipeline_dag.py for tasks to queue
[2026-08-02T09:54:15.478+0000] {logging_mixin.py:190} INFO - [2026-08-02T09:54:15.477+0000] {dagbag.py:588} INFO - Filling up the DagBag from /opt/airflow/dags/finascore_pipeline_dag.py
[2026-08-02T09:54:15.491+0000] {processor.py:925} INFO - DAG(s) 'finascore_ml_pipeline' retrieved from /opt/airflow/dags/finascore_pipeline_dag.py
[2026-08-02T09:54:15.529+0000] {logging_mixin.py:190} INFO - [2026-08-02T09:54:15.528+0000] {dag.py:3239} INFO - Sync 1 DAGs
[2026-08-02T09:54:15.554+0000] {logging_mixin.py:190} INFO - [2026-08-02T09:54:15.553+0000] {dag.py:4180} INFO - Setting next_dagrun for finascore_ml_pipeline to 2026-07-26 00:00:00+00:00, run_after=2026-08-02 00:00:00+00:00
[2026-08-02T09:54:15.574+0000] {processor.py:208} INFO - Processing /opt/airflow/dags/finascore_pipeline_dag.py took 0.105 seconds
[2026-08-02T09:54:45.736+0000] {processor.py:186} INFO - Started process (PID=281) to work on /opt/airflow/dags/finascore_pipeline_dag.py
[2026-08-02T09:54:45.738+0000] {processor.py:914} INFO - Processing file /opt/airflow/dags/finascore_pipeline_dag.py for tasks to queue
[2026-08-02T09:54:45.739+0000] {logging_mixin.py:190} INFO - [2026-08-02T09:54:45.738+0000] {dagbag.py:588} INFO - Filling up the DagBag from /opt/airflow/dags/finascore_pipeline_dag.py
[2026-08-02T09:54:45.760+0000] {processor.py:925} INFO - DAG(s) 'finascore_ml_pipeline' retrieved from /opt/airflow/dags/finascore_pipeline_dag.py
[2026-08-02T09:54:45.810+0000] {logging_mixin.py:190} INFO - [2026-08-02T09:54:45.810+0000] {dag.py:3239} INFO - Sync 1 DAGs
[2026-08-02T09:54:45.849+0000] {logging_mixin.py:190} INFO - [2026-08-02T09:54:45.849+0000] {dag.py:4180} INFO - Setting next_dagrun for finascore_ml_pipeline to 2026-07-26 00:00:00+00:00, run_after=2026-08-02 00:00:00+00:00
[2026-08-02T09:54:45.875+0000] {processor.py:208} INFO - Processing /opt/airflow/dags/finascore_pipeline_dag.py took 0.154 seconds
[2026-08-02T09:55:15.922+0000] {processor.py:186} INFO - Started process (PID=286) to work on /opt/airflow/dags/finascore_pipeline_dag.py
[2026-08-02T09:55:15.924+0000] {processor.py:914} INFO - Processing file /opt/airflow/dags/finascore_pipeline_dag.py for tasks to queue
[2026-08-02T09:55:15.925+0000] {logging_mixin.py:190} INFO - [2026-08-02T09:55:15.924+0000] {dagbag.py:588} INFO - Filling up the DagBag from /opt/airflow/dags/finascore_pipeline_dag.py
[2026-08-02T09:55:15.938+0000] {processor.py:925} INFO - DAG(s) 'finascore_ml_pipeline' retrieved from /opt/airflow/dags/finascore_pipeline_dag.py
[2026-08-02T09:55:15.984+0000] {logging_mixin.py:190} INFO - [2026-08-02T09:55:15.984+0000] {dag.py:3239} INFO - Sync 1 DAGs
[2026-08-02T09:55:16.030+0000] {logging_mixin.py:190} INFO - [2026-08-02T09:55:16.029+0000] {dag.py:4180} INFO - Setting next_dagrun for finascore_ml_pipeline to 2026-07-26 00:00:00+00:00, run_after=2026-08-02 00:00:00+00:00
[2026-08-02T09:55:16.048+0000] {processor.py:208} INFO - Processing /opt/airflow/dags/finascore_pipeline_dag.py took 0.133 seconds
[2026-08-02T09:55:46.119+0000] {processor.py:186} INFO - Started process (PID=291) to work on /opt/airflow/dags/finascore_pipeline_dag.py
[2026-08-02T09:55:46.121+0000] {processor.py:914} INFO - Processing file /opt/airflow/dags/finascore_pipeline_dag.py for tasks to queue
[2026-08-02T09:55:46.127+0000] {logging_mixin.py:190} INFO - [2026-08-02T09:55:46.125+0000] {dagbag.py:588} INFO - Filling up the DagBag from /opt/airflow/dags/finascore_pipeline_dag.py
[2026-08-02T09:55:46.153+0000] {processor.py:925} INFO - DAG(s) 'finascore_ml_pipeline' retrieved from /opt/airflow/dags/finascore_pipeline_dag.py
[2026-08-02T09:55:46.231+0000] {logging_mixin.py:190} INFO - [2026-08-02T09:55:46.231+0000] {dag.py:3239} INFO - Sync 1 DAGs
[2026-08-02T09:55:46.305+0000] {logging_mixin.py:190} INFO - [2026-08-02T09:55:46.304+0000] {dag.py:4180} INFO - Setting next_dagrun for finascore_ml_pipeline to 2026-07-26 00:00:00+00:00, run_after=2026-08-02 00:00:00+00:00
[2026-08-02T09:55:46.349+0000] {processor.py:208} INFO - Processing /opt/airflow/dags/finascore_pipeline_dag.py took 0.243 seconds
[2026-08-02T09:56:16.478+0000] {processor.py:186} INFO - Started process (PID=296) to work on /opt/airflow/dags/finascore_pipeline_dag.py
[2026-08-02T09:56:16.482+0000] {processor.py:914} INFO - Processing file /opt/airflow/dags/finascore_pipeline_dag.py for tasks to queue
[2026-08-02T09:56:16.485+0000] {logging_mixin.py:190} INFO - [2026-08-02T09:56:16.485+0000] {dagbag.py:588} INFO - Filling up the DagBag from /opt/airflow/dags/finascore_pipeline_dag.py
[2026-08-02T09:56:16.519+0000] {processor.py:925} INFO - DAG(s) 'finascore_ml_pipeline' retrieved from /opt/airflow/dags/finascore_pipeline_dag.py
[2026-08-02T09:56:16.586+0000] {logging_mixin.py:190} INFO - [2026-08-02T09:56:16.585+0000] {dag.py:3239} INFO - Sync 1 DAGs
[2026-08-02T09:56:16.648+0000] {logging_mixin.py:190} INFO - [2026-08-02T09:56:16.648+0000] {dag.py:4180} INFO - Setting next_dagrun for finascore_ml_pipeline to 2026-07-26 00:00:00+00:00, run_after=2026-08-02 00:00:00+00:00
[2026-08-02T09:56:16.690+0000] {processor.py:208} INFO - Processing /opt/airflow/dags/finascore_pipeline_dag.py took 0.225 seconds
[2026-08-02T09:56:46.844+0000] {processor.py:186} INFO - Started process (PID=301) to work on /opt/airflow/dags/finascore_pipeline_dag.py
[2026-08-02T09:56:46.845+0000] {processor.py:914} INFO - Processing file /opt/airflow/dags/finascore_pipeline_dag.py for tasks to queue
[2026-08-02T09:56:46.848+0000] {logging_mixin.py:190} INFO - [2026-08-02T09:56:46.846+0000] {dagbag.py:588} INFO - Filling up the DagBag from /opt/airflow/dags/finascore_pipeline_dag.py
[2026-08-02T09:56:46.881+0000] {processor.py:925} INFO - DAG(s) 'finascore_ml_pipeline' retrieved from /opt/airflow/dags/finascore_pipeline_dag.py
[2026-08-02T09:56:46.960+0000] {logging_mixin.py:190} INFO - [2026-08-02T09:56:46.959+0000] {dag.py:3239} INFO - Sync 1 DAGs
[2026-08-02T09:56:47.026+0000] {logging_mixin.py:190} INFO - [2026-08-02T09:56:47.026+0000] {dag.py:4180} INFO - Setting next_dagrun for finascore_ml_pipeline to 2026-07-26 00:00:00+00:00, run_after=2026-08-02 00:00:00+00:00
[2026-08-02T09:56:47.067+0000] {processor.py:208} INFO - Processing /opt/airflow/dags/finascore_pipeline_dag.py took 0.237 seconds
[2026-08-02T09:57:17.139+0000] {processor.py:186} INFO - Started process (PID=306) to work on /opt/airflow/dags/finascore_pipeline_dag.py
[2026-08-02T09:57:17.140+0000] {processor.py:914} INFO - Processing file /opt/airflow/dags/finascore_pipeline_dag.py for tasks to queue
[2026-08-02T09:57:17.141+0000] {logging_mixin.py:190} INFO - [2026-08-02T09:57:17.140+0000] {dagbag.py:588} INFO - Filling up the DagBag from /opt/airflow/dags/finascore_pipeline_dag.py
[2026-08-02T09:57:17.159+0000] {processor.py:925} INFO - DAG(s) 'finascore_ml_pipeline' retrieved from /opt/airflow/dags/finascore_pipeline_dag.py
[2026-08-02T09:57:17.210+0000] {logging_mixin.py:190} INFO - [2026-08-02T09:57:17.210+0000] {dag.py:3239} INFO - Sync 1 DAGs
[2026-08-02T09:57:17.241+0000] {logging_mixin.py:190} INFO - [2026-08-02T09:57:17.241+0000] {dag.py:4180} INFO - Setting next_dagrun for finascore_ml_pipeline to 2026-07-26 00:00:00+00:00, run_after=2026-08-02 00:00:00+00:00
[2026-08-02T09:57:17.264+0000] {processor.py:208} INFO - Processing /opt/airflow/dags/finascore_pipeline_dag.py took 0.135 seconds
[2026-08-02T09:57:47.435+0000] {processor.py:186} INFO - Started process (PID=311) to work on /opt/airflow/dags/finascore_pipeline_dag.py
[2026-08-02T09:57:47.436+0000] {processor.py:914} INFO - Processing file /opt/airflow/dags/finascore_pipeline_dag.py for tasks to queue
[2026-08-02T09:57:47.437+0000] {logging_mixin.py:190} INFO - [2026-08-02T09:57:47.436+0000] {dagbag.py:588} INFO - Filling up the DagBag from /opt/airflow/dags/finascore_pipeline_dag.py
[2026-08-02T09:57:47.455+0000] {processor.py:925} INFO - DAG(s) 'finascore_ml_pipeline' retrieved from /opt/airflow/dags/finascore_pipeline_dag.py
[2026-08-02T09:57:47.503+0000] {logging_mixin.py:190} INFO - [2026-08-02T09:57:47.502+0000] {dag.py:3239} INFO - Sync 1 DAGs
[2026-08-02T09:57:47.546+0000] {logging_mixin.py:190} INFO - [2026-08-02T09:57:47.546+0000] {dag.py:4180} INFO - Setting next_dagrun for finascore_ml_pipeline to 2026-07-26 00:00:00+00:00, run_after=2026-08-02 00:00:00+00:00
[2026-08-02T09:57:47.569+0000] {processor.py:208} INFO - Processing /opt/airflow/dags/finascore_pipeline_dag.py took 0.142 seconds
[2026-08-02T09:58:17.740+0000] {processor.py:186} INFO - Started process (PID=316) to work on /opt/airflow/dags/finascore_pipeline_dag.py
[2026-08-02T09:58:17.741+0000] {processor.py:914} INFO - Processing file /opt/airflow/dags/finascore_pipeline_dag.py for tasks to queue
[2026-08-02T09:58:17.742+0000] {logging_mixin.py:190} INFO - [2026-08-02T09:58:17.742+0000] {dagbag.py:588} INFO - Filling up the DagBag from /opt/airflow/dags/finascore_pipeline_dag.py
[2026-08-02T09:58:17.757+0000] {processor.py:925} INFO - DAG(s) 'finascore_ml_pipeline' retrieved from /opt/airflow/dags/finascore_pipeline_dag.py
[2026-08-02T09:58:17.792+0000] {logging_mixin.py:190} INFO - [2026-08-02T09:58:17.792+0000] {dag.py:3239} INFO - Sync 1 DAGs
[2026-08-02T09:58:17.817+0000] {logging_mixin.py:190} INFO - [2026-08-02T09:58:17.817+0000] {dag.py:4180} INFO - Setting next_dagrun for finascore_ml_pipeline to 2026-07-26 00:00:00+00:00, run_after=2026-08-02 00:00:00+00:00
[2026-08-02T09:58:17.834+0000] {processor.py:208} INFO - Processing /opt/airflow/dags/finascore_pipeline_dag.py took 0.102 seconds
[2026-08-02T09:58:48.003+0000] {processor.py:186} INFO - Started process (PID=321) to work on /opt/airflow/dags/finascore_pipeline_dag.py
[2026-08-02T09:58:48.004+0000] {processor.py:914} INFO - Processing file /opt/airflow/dags/finascore_pipeline_dag.py for tasks to queue
[2026-08-02T09:58:48.006+0000] {logging_mixin.py:190} INFO - [2026-08-02T09:58:48.005+0000] {dagbag.py:588} INFO - Filling up the DagBag from /opt/airflow/dags/finascore_pipeline_dag.py
[2026-08-02T09:58:48.053+0000] {processor.py:925} INFO - DAG(s) 'finascore_ml_pipeline' retrieved from /opt/airflow/dags/finascore_pipeline_dag.py
[2026-08-02T09:58:48.141+0000] {logging_mixin.py:190} INFO - [2026-08-02T09:58:48.141+0000] {dag.py:3239} INFO - Sync 1 DAGs
[2026-08-02T09:58:48.211+0000] {logging_mixin.py:190} INFO - [2026-08-02T09:58:48.211+0000] {dag.py:4180} INFO - Setting next_dagrun for finascore_ml_pipeline to 2026-07-26 00:00:00+00:00, run_after=2026-08-02 00:00:00+00:00
[2026-08-02T09:58:48.256+0000] {processor.py:208} INFO - Processing /opt/airflow/dags/finascore_pipeline_dag.py took 0.269 seconds
[2026-08-02T09:59:18.338+0000] {processor.py:186} INFO - Started process (PID=326) to work on /opt/airflow/dags/finascore_pipeline_dag.py
[2026-08-02T09:59:18.340+0000] {processor.py:914} INFO - Processing file /opt/airflow/dags/finascore_pipeline_dag.py for tasks to queue
[2026-08-02T09:59:18.343+0000] {logging_mixin.py:190} INFO - [2026-08-02T09:59:18.342+0000] {dagbag.py:588} INFO - Filling up the DagBag from /opt/airflow/dags/finascore_pipeline_dag.py
[2026-08-02T09:59:18.364+0000] {processor.py:925} INFO - DAG(s) 'finascore_ml_pipeline' retrieved from /opt/airflow/dags/finascore_pipeline_dag.py
[2026-08-02T09:59:18.419+0000] {logging_mixin.py:190} INFO - [2026-08-02T09:59:18.418+0000] {dag.py:3239} INFO - Sync 1 DAGs
[2026-08-02T09:59:18.462+0000] {logging_mixin.py:190} INFO - [2026-08-02T09:59:18.462+0000] {dag.py:4180} INFO - Setting next_dagrun for finascore_ml_pipeline to 2026-07-26 00:00:00+00:00, run_after=2026-08-02 00:00:00+00:00
[2026-08-02T09:59:18.497+0000] {processor.py:208} INFO - Processing /opt/airflow/dags/finascore_pipeline_dag.py took 0.169 seconds
[2026-08-02T09:59:48.686+0000] {processor.py:186} INFO - Started process (PID=331) to work on /opt/airflow/dags/finascore_pipeline_dag.py
[2026-08-02T09:59:48.687+0000] {processor.py:914} INFO - Processing file /opt/airflow/dags/finascore_pipeline_dag.py for tasks to queue
[2026-08-02T09:59:48.688+0000] {logging_mixin.py:190} INFO - [2026-08-02T09:59:48.688+0000] {dagbag.py:588} INFO - Filling up the DagBag from /opt/airflow/dags/finascore_pipeline_dag.py
[2026-08-02T09:59:48.710+0000] {processor.py:925} INFO - DAG(s) 'finascore_ml_pipeline' retrieved from /opt/airflow/dags/finascore_pipeline_dag.py
[2026-08-02T09:59:48.757+0000] {logging_mixin.py:190} INFO - [2026-08-02T09:59:48.757+0000] {dag.py:3239} INFO - Sync 1 DAGs
[2026-08-02T09:59:48.793+0000] {logging_mixin.py:190} INFO - [2026-08-02T09:59:48.792+0000] {dag.py:4180} INFO - Setting next_dagrun for finascore_ml_pipeline to 2026-07-26 00:00:00+00:00, run_after=2026-08-02 00:00:00+00:00
[2026-08-02T09:59:48.816+0000] {processor.py:208} INFO - Processing /opt/airflow/dags/finascore_pipeline_dag.py took 0.148 seconds
[2026-08-02T10:00:18.858+0000] {processor.py:186} INFO - Started process (PID=336) to work on /opt/airflow/dags/finascore_pipeline_dag.py
[2026-08-02T10:00:18.860+0000] {processor.py:914} INFO - Processing file /opt/airflow/dags/finascore_pipeline_dag.py for tasks to queue
[2026-08-02T10:00:18.863+0000] {logging_mixin.py:190} INFO - [2026-08-02T10:00:18.862+0000] {dagbag.py:588} INFO - Filling up the DagBag from /opt/airflow/dags/finascore_pipeline_dag.py
[2026-08-02T10:00:18.875+0000] {processor.py:925} INFO - DAG(s) 'finascore_ml_pipeline' retrieved from /opt/airflow/dags/finascore_pipeline_dag.py
[2026-08-02T10:00:18.908+0000] {logging_mixin.py:190} INFO - [2026-08-02T10:00:18.908+0000] {dag.py:3239} INFO - Sync 1 DAGs
[2026-08-02T10:00:18.935+0000] {logging_mixin.py:190} INFO - [2026-08-02T10:00:18.935+0000] {dag.py:4180} INFO - Setting next_dagrun for finascore_ml_pipeline to 2026-07-26 00:00:00+00:00, run_after=2026-08-02 00:00:00+00:00
[2026-08-02T10:00:18.951+0000] {processor.py:208} INFO - Processing /opt/airflow/dags/finascore_pipeline_dag.py took 0.100 seconds
[2026-08-02T10:00:49.007+0000] {processor.py:186} INFO - Started process (PID=341) to work on /opt/airflow/dags/finascore_pipeline_dag.py
[2026-08-02T10:00:49.008+0000] {processor.py:914} INFO - Processing file /opt/airflow/dags/finascore_pipeline_dag.py for tasks to queue
[2026-08-02T10:00:49.009+0000] {logging_mixin.py:190} INFO - [2026-08-02T10:00:49.008+0000] {dagbag.py:588} INFO - Filling up the DagBag from /opt/airflow/dags/finascore_pipeline_dag.py
[2026-08-02T10:00:49.024+0000] {processor.py:925} INFO - DAG(s) 'finascore_ml_pipeline' retrieved from /opt/airflow/dags/finascore_pipeline_dag.py
[2026-08-02T10:00:49.059+0000] {logging_mixin.py:190} INFO - [2026-08-02T10:00:49.059+0000] {dag.py:3239} INFO - Sync 1 DAGs
[2026-08-02T10:00:49.083+0000] {logging_mixin.py:190} INFO - [2026-08-02T10:00:49.083+0000] {dag.py:4180} INFO - Setting next_dagrun for finascore_ml_pipeline to 2026-07-26 00:00:00+00:00, run_after=2026-08-02 00:00:00+00:00
[2026-08-02T10:00:49.101+0000] {processor.py:208} INFO - Processing /opt/airflow/dags/finascore_pipeline_dag.py took 0.101 seconds
[2026-08-02T10:01:19.246+0000] {processor.py:186} INFO - Started process (PID=346) to work on /opt/airflow/dags/finascore_pipeline_dag.py
[2026-08-02T10:01:19.248+0000] {processor.py:914} INFO - Processing file /opt/airflow/dags/finascore_pipeline_dag.py for tasks to queue
[2026-08-02T10:01:19.251+0000] {logging_mixin.py:190} INFO - [2026-08-02T10:01:19.250+0000] {dagbag.py:588} INFO - Filling up the DagBag from /opt/airflow/dags/finascore_pipeline_dag.py
[2026-08-02T10:01:19.263+0000] {processor.py:925} INFO - DAG(s) 'finascore_ml_pipeline' retrieved from /opt/airflow/dags/finascore_pipeline_dag.py
[2026-08-02T10:01:19.298+0000] {logging_mixin.py:190} INFO - [2026-08-02T10:01:19.298+0000] {dag.py:3239} INFO - Sync 1 DAGs
[2026-08-02T10:01:19.325+0000] {logging_mixin.py:190} INFO - [2026-08-02T10:01:19.325+0000] {dag.py:4180} INFO - Setting next_dagrun for finascore_ml_pipeline to 2026-07-26 00:00:00+00:00, run_after=2026-08-02 00:00:00+00:00
[2026-08-02T10:01:19.342+0000] {processor.py:208} INFO - Processing /opt/airflow/dags/finascore_pipeline_dag.py took 0.103 seconds
[2026-08-02T10:01:49.401+0000] {processor.py:186} INFO - Started process (PID=351) to work on /opt/airflow/dags/finascore_pipeline_dag.py
[2026-08-02T10:01:49.402+0000] {processor.py:914} INFO - Processing file /opt/airflow/dags/finascore_pipeline_dag.py for tasks to queue
[2026-08-02T10:01:49.404+0000] {logging_mixin.py:190} INFO - [2026-08-02T10:01:49.403+0000] {dagbag.py:588} INFO - Filling up the DagBag from /opt/airflow/dags/finascore_pipeline_dag.py
[2026-08-02T10:01:49.416+0000] {processor.py:925} INFO - DAG(s) 'finascore_ml_pipeline' retrieved from /opt/airflow/dags/finascore_pipeline_dag.py
[2026-08-02T10:01:49.451+0000] {logging_mixin.py:190} INFO - [2026-08-02T10:01:49.451+0000] {dag.py:3239} INFO - Sync 1 DAGs
[2026-08-02T10:01:49.477+0000] {logging_mixin.py:190} INFO - [2026-08-02T10:01:49.477+0000] {dag.py:4180} INFO - Setting next_dagrun for finascore_ml_pipeline to 2026-07-26 00:00:00+00:00, run_after=2026-08-02 00:00:00+00:00
[2026-08-02T10:01:49.498+0000] {processor.py:208} INFO - Processing /opt/airflow/dags/finascore_pipeline_dag.py took 0.107 seconds
[2026-08-02T10:02:19.659+0000] {processor.py:186} INFO - Started process (PID=356) to work on /opt/airflow/dags/finascore_pipeline_dag.py
[2026-08-02T10:02:19.660+0000] {processor.py:914} INFO - Processing file /opt/airflow/dags/finascore_pipeline_dag.py for tasks to queue
[2026-08-02T10:02:19.661+0000] {logging_mixin.py:190} INFO - [2026-08-02T10:02:19.661+0000] {dagbag.py:588} INFO - Filling up the DagBag from /opt/airflow/dags/finascore_pipeline_dag.py
[2026-08-02T10:02:19.673+0000] {processor.py:925} INFO - DAG(s) 'finascore_ml_pipeline' retrieved from /opt/airflow/dags/finascore_pipeline_dag.py
[2026-08-02T10:02:19.710+0000] {logging_mixin.py:190} INFO - [2026-08-02T10:02:19.709+0000] {dag.py:3239} INFO - Sync 1 DAGs
[2026-08-02T10:02:19.736+0000] {logging_mixin.py:190} INFO - [2026-08-02T10:02:19.736+0000] {dag.py:4180} INFO - Setting next_dagrun for finascore_ml_pipeline to 2026-07-26 00:00:00+00:00, run_after=2026-08-02 00:00:00+00:00
[2026-08-02T10:02:19.756+0000] {processor.py:208} INFO - Processing /opt/airflow/dags/finascore_pipeline_dag.py took 0.105 seconds
[2026-08-02T10:02:49.863+0000] {processor.py:186} INFO - Started process (PID=361) to work on /opt/airflow/dags/finascore_pipeline_dag.py
[2026-08-02T10:02:49.865+0000] {processor.py:914} INFO - Processing file /opt/airflow/dags/finascore_pipeline_dag.py for tasks to queue
[2026-08-02T10:02:49.866+0000] {logging_mixin.py:190} INFO - [2026-08-02T10:02:49.866+0000] {dagbag.py:588} INFO - Filling up the DagBag from /opt/airflow/dags/finascore_pipeline_dag.py
[2026-08-02T10:02:49.889+0000] {processor.py:925} INFO - DAG(s) 'finascore_ml_pipeline' retrieved from /opt/airflow/dags/finascore_pipeline_dag.py
[2026-08-02T10:02:49.942+0000] {logging_mixin.py:190} INFO - [2026-08-02T10:02:49.942+0000] {dag.py:3239} INFO - Sync 1 DAGs
[2026-08-02T10:02:49.980+0000] {logging_mixin.py:190} INFO - [2026-08-02T10:02:49.980+0000] {dag.py:4180} INFO - Setting next_dagrun for finascore_ml_pipeline to 2026-07-26 00:00:00+00:00, run_after=2026-08-02 00:00:00+00:00
[2026-08-02T10:02:50.016+0000] {processor.py:208} INFO - Processing /opt/airflow/dags/finascore_pipeline_dag.py took 0.166 seconds
[2026-08-02T10:03:20.129+0000] {processor.py:186} INFO - Started process (PID=366) to work on /opt/airflow/dags/finascore_pipeline_dag.py
[2026-08-02T10:03:20.132+0000] {processor.py:914} INFO - Processing file /opt/airflow/dags/finascore_pipeline_dag.py for tasks to queue
[2026-08-02T10:03:20.133+0000] {logging_mixin.py:190} INFO - [2026-08-02T10:03:20.133+0000] {dagbag.py:588} INFO - Filling up the DagBag from /opt/airflow/dags/finascore_pipeline_dag.py
[2026-08-02T10:03:20.157+0000] {processor.py:925} INFO - DAG(s) 'finascore_ml_pipeline' retrieved from /opt/airflow/dags/finascore_pipeline_dag.py
[2026-08-02T10:03:20.234+0000] {logging_mixin.py:190} INFO - [2026-08-02T10:03:20.234+0000] {dag.py:3239} INFO - Sync 1 DAGs
[2026-08-02T10:03:20.276+0000] {logging_mixin.py:190} INFO - [2026-08-02T10:03:20.276+0000] {dag.py:4180} INFO - Setting next_dagrun for finascore_ml_pipeline to 2026-07-26 00:00:00+00:00, run_after=2026-08-02 00:00:00+00:00
[2026-08-02T10:03:20.302+0000] {processor.py:208} INFO - Processing /opt/airflow/dags/finascore_pipeline_dag.py took 0.182 seconds
[2026-08-02T10:03:50.392+0000] {processor.py:186} INFO - Started process (PID=371) to work on /opt/airflow/dags/finascore_pipeline_dag.py
[2026-08-02T10:03:50.395+0000] {processor.py:914} INFO - Processing file /opt/airflow/dags/finascore_pipeline_dag.py for tasks to queue
[2026-08-02T10:03:50.397+0000] {logging_mixin.py:190} INFO - [2026-08-02T10:03:50.396+0000] {dagbag.py:588} INFO - Filling up the DagBag from /opt/airflow/dags/finascore_pipeline_dag.py
[2026-08-02T10:03:50.423+0000] {processor.py:925} INFO - DAG(s) 'finascore_ml_pipeline' retrieved from /opt/airflow/dags/finascore_pipeline_dag.py
[2026-08-02T10:03:50.495+0000] {logging_mixin.py:190} INFO - [2026-08-02T10:03:50.494+0000] {dag.py:3239} INFO - Sync 1 DAGs
[2026-08-02T10:03:50.541+0000] {logging_mixin.py:190} INFO - [2026-08-02T10:03:50.540+0000] {dag.py:4180} INFO - Setting next_dagrun for finascore_ml_pipeline to 2026-07-26 00:00:00+00:00, run_after=2026-08-02 00:00:00+00:00
[2026-08-02T10:03:50.566+0000] {processor.py:208} INFO - Processing /opt/airflow/dags/finascore_pipeline_dag.py took 0.183 seconds
[2026-08-02T10:04:20.672+0000] {processor.py:186} INFO - Started process (PID=376) to work on /opt/airflow/dags/finascore_pipeline_dag.py
[2026-08-02T10:04:20.674+0000] {processor.py:914} INFO - Processing file /opt/airflow/dags/finascore_pipeline_dag.py for tasks to queue
[2026-08-02T10:04:20.675+0000] {logging_mixin.py:190} INFO - [2026-08-02T10:04:20.675+0000] {dagbag.py:588} INFO - Filling up the DagBag from /opt/airflow/dags/finascore_pipeline_dag.py
[2026-08-02T10:04:20.696+0000] {processor.py:925} INFO - DAG(s) 'finascore_ml_pipeline' retrieved from /opt/airflow/dags/finascore_pipeline_dag.py
[2026-08-02T10:04:20.751+0000] {logging_mixin.py:190} INFO - [2026-08-02T10:04:20.751+0000] {dag.py:3239} INFO - Sync 1 DAGs
[2026-08-02T10:04:20.790+0000] {logging_mixin.py:190} INFO - [2026-08-02T10:04:20.789+0000] {dag.py:4180} INFO - Setting next_dagrun for finascore_ml_pipeline to 2026-07-26 00:00:00+00:00, run_after=2026-08-02 00:00:00+00:00
[2026-08-02T10:04:20.818+0000] {processor.py:208} INFO - Processing /opt/airflow/dags/finascore_pipeline_dag.py took 0.157 seconds
[2026-08-02T10:04:50.957+0000] {processor.py:186} INFO - Started process (PID=381) to work on /opt/airflow/dags/finascore_pipeline_dag.py
[2026-08-02T10:04:50.958+0000] {processor.py:914} INFO - Processing file /opt/airflow/dags/finascore_pipeline_dag.py for tasks to queue
[2026-08-02T10:04:50.959+0000] {logging_mixin.py:190} INFO - [2026-08-02T10:04:50.959+0000] {dagbag.py:588} INFO - Filling up the DagBag from /opt/airflow/dags/finascore_pipeline_dag.py
[2026-08-02T10:04:50.979+0000] {processor.py:925} INFO - DAG(s) 'finascore_ml_pipeline' retrieved from /opt/airflow/dags/finascore_pipeline_dag.py
[2026-08-02T10:04:51.039+0000] {logging_mixin.py:190} INFO - [2026-08-02T10:04:51.039+0000] {dag.py:3239} INFO - Sync 1 DAGs
[2026-08-02T10:04:51.077+0000] {logging_mixin.py:190} INFO - [2026-08-02T10:04:51.076+0000] {dag.py:4180} INFO - Setting next_dagrun for finascore_ml_pipeline to 2026-07-26 00:00:00+00:00, run_after=2026-08-02 00:00:00+00:00
[2026-08-02T10:04:51.104+0000] {processor.py:208} INFO - Processing /opt/airflow/dags/finascore_pipeline_dag.py took 0.156 seconds
[2026-08-02T10:05:21.222+0000] {processor.py:186} INFO - Started process (PID=386) to work on /opt/airflow/dags/finascore_pipeline_dag.py
[2026-08-02T10:05:21.224+0000] {processor.py:914} INFO - Processing file /opt/airflow/dags/finascore_pipeline_dag.py for tasks to queue
[2026-08-02T10:05:21.226+0000] {logging_mixin.py:190} INFO - [2026-08-02T10:05:21.226+0000] {dagbag.py:588} INFO - Filling up the DagBag from /opt/airflow/dags/finascore_pipeline_dag.py
[2026-08-02T10:05:21.245+0000] {processor.py:925} INFO - DAG(s) 'finascore_ml_pipeline' retrieved from /opt/airflow/dags/finascore_pipeline_dag.py
[2026-08-02T10:05:21.299+0000] {logging_mixin.py:190} INFO - [2026-08-02T10:05:21.299+0000] {dag.py:3239} INFO - Sync 1 DAGs
[2026-08-02T10:05:21.335+0000] {logging_mixin.py:190} INFO - [2026-08-02T10:05:21.335+0000] {dag.py:4180} INFO - Setting next_dagrun for finascore_ml_pipeline to 2026-07-26 00:00:00+00:00, run_after=2026-08-02 00:00:00+00:00
[2026-08-02T10:05:21.363+0000] {processor.py:208} INFO - Processing /opt/airflow/dags/finascore_pipeline_dag.py took 0.150 seconds
[2026-08-02T10:05:51.482+0000] {processor.py:186} INFO - Started process (PID=391) to work on /opt/airflow/dags/finascore_pipeline_dag.py
[2026-08-02T10:05:51.483+0000] {processor.py:914} INFO - Processing file /opt/airflow/dags/finascore_pipeline_dag.py for tasks to queue
[2026-08-02T10:05:51.484+0000] {logging_mixin.py:190} INFO - [2026-08-02T10:05:51.484+0000] {dagbag.py:588} INFO - Filling up the DagBag from /opt/airflow/dags/finascore_pipeline_dag.py
[2026-08-02T10:05:51.507+0000] {processor.py:925} INFO - DAG(s) 'finascore_ml_pipeline' retrieved from /opt/airflow/dags/finascore_pipeline_dag.py
[2026-08-02T10:05:51.562+0000] {logging_mixin.py:190} INFO - [2026-08-02T10:05:51.561+0000] {dag.py:3239} INFO - Sync 1 DAGs
[2026-08-02T10:05:51.600+0000] {logging_mixin.py:190} INFO - [2026-08-02T10:05:51.600+0000] {dag.py:4180} INFO - Setting next_dagrun for finascore_ml_pipeline to 2026-07-26 00:00:00+00:00, run_after=2026-08-02 00:00:00+00:00
[2026-08-02T10:05:51.642+0000] {processor.py:208} INFO - Processing /opt/airflow/dags/finascore_pipeline_dag.py took 0.170 seconds
[2026-08-02T10:06:21.752+0000] {processor.py:186} INFO - Started process (PID=396) to work on /opt/airflow/dags/finascore_pipeline_dag.py
[2026-08-02T10:06:21.752+0000] {processor.py:914} INFO - Processing file /opt/airflow/dags/finascore_pipeline_dag.py for tasks to queue
[2026-08-02T10:06:21.753+0000] {logging_mixin.py:190} INFO - [2026-08-02T10:06:21.753+0000] {dagbag.py:588} INFO - Filling up the DagBag from /opt/airflow/dags/finascore_pipeline_dag.py
[2026-08-02T10:06:21.771+0000] {processor.py:925} INFO - DAG(s) 'finascore_ml_pipeline' retrieved from /opt/airflow/dags/finascore_pipeline_dag.py
[2026-08-02T10:06:21.817+0000] {logging_mixin.py:190} INFO - [2026-08-02T10:06:21.817+0000] {dag.py:3239} INFO - Sync 1 DAGs
[2026-08-02T10:06:21.854+0000] {logging_mixin.py:190} INFO - [2026-08-02T10:06:21.853+0000] {dag.py:4180} INFO - Setting next_dagrun for finascore_ml_pipeline to 2026-07-26 00:00:00+00:00, run_after=2026-08-02 00:00:00+00:00
[2026-08-02T10:06:21.877+0000] {processor.py:208} INFO - Processing /opt/airflow/dags/finascore_pipeline_dag.py took 0.134 seconds
[2026-08-02T10:06:52.298+0000] {processor.py:186} INFO - Started process (PID=401) to work on /opt/airflow/dags/finascore_pipeline_dag.py
[2026-08-02T10:06:52.306+0000] {processor.py:914} INFO - Processing file /opt/airflow/dags/finascore_pipeline_dag.py for tasks to queue
[2026-08-02T10:06:52.310+0000] {logging_mixin.py:190} INFO - [2026-08-02T10:06:52.309+0000] {dagbag.py:588} INFO - Filling up the DagBag from /opt/airflow/dags/finascore_pipeline_dag.py
[2026-08-02T10:06:52.379+0000] {processor.py:925} INFO - DAG(s) 'finascore_ml_pipeline' retrieved from /opt/airflow/dags/finascore_pipeline_dag.py
[2026-08-02T10:06:52.783+0000] {logging_mixin.py:190} INFO - [2026-08-02T10:06:52.782+0000] {dag.py:3239} INFO - Sync 1 DAGs
[2026-08-02T10:06:52.845+0000] {logging_mixin.py:190} INFO - [2026-08-02T10:06:52.845+0000] {dag.py:4180} INFO - Setting next_dagrun for finascore_ml_pipeline to 2026-07-26 00:00:00+00:00, run_after=2026-08-02 00:00:00+00:00
[2026-08-02T10:06:53.011+0000] {processor.py:208} INFO - Processing /opt/airflow/dags/finascore_pipeline_dag.py took 0.777 seconds
[2026-08-02T10:07:23.884+0000] {processor.py:186} INFO - Started process (PID=406) to work on /opt/airflow/dags/finascore_pipeline_dag.py
[2026-08-02T10:07:23.897+0000] {processor.py:914} INFO - Processing file /opt/airflow/dags/finascore_pipeline_dag.py for tasks to queue
[2026-08-02T10:07:23.943+0000] {logging_mixin.py:190} INFO - [2026-08-02T10:07:23.914+0000] {dagbag.py:588} INFO - Filling up the DagBag from /opt/airflow/dags/finascore_pipeline_dag.py
[2026-08-02T10:07:24.366+0000] {processor.py:925} INFO - DAG(s) 'finascore_ml_pipeline' retrieved from /opt/airflow/dags/finascore_pipeline_dag.py
[2026-08-02T10:07:24.985+0000] {logging_mixin.py:190} INFO - [2026-08-02T10:07:24.984+0000] {dag.py:3239} INFO - Sync 1 DAGs
[2026-08-02T10:07:25.341+0000] {logging_mixin.py:190} INFO - [2026-08-02T10:07:25.339+0000] {dag.py:4180} INFO - Setting next_dagrun for finascore_ml_pipeline to 2026-07-26 00:00:00+00:00, run_after=2026-08-02 00:00:00+00:00
[2026-08-02T10:07:25.473+0000] {processor.py:208} INFO - Processing /opt/airflow/dags/finascore_pipeline_dag.py took 1.823 seconds
[2026-08-02T10:07:56.012+0000] {processor.py:186} INFO - Started process (PID=411) to work on /opt/airflow/dags/finascore_pipeline_dag.py
[2026-08-02T10:07:56.015+0000] {processor.py:914} INFO - Processing file /opt/airflow/dags/finascore_pipeline_dag.py for tasks to queue
[2026-08-02T10:07:56.030+0000] {logging_mixin.py:190} INFO - [2026-08-02T10:07:56.026+0000] {dagbag.py:588} INFO - Filling up the DagBag from /opt/airflow/dags/finascore_pipeline_dag.py
[2026-08-02T10:07:56.236+0000] {processor.py:925} INFO - DAG(s) 'finascore_ml_pipeline' retrieved from /opt/airflow/dags/finascore_pipeline_dag.py
[2026-08-02T10:07:56.483+0000] {logging_mixin.py:190} INFO - [2026-08-02T10:07:56.483+0000] {dag.py:3239} INFO - Sync 1 DAGs
[2026-08-02T10:07:56.696+0000] {logging_mixin.py:190} INFO - [2026-08-02T10:07:56.695+0000] {dag.py:4180} INFO - Setting next_dagrun for finascore_ml_pipeline to 2026-07-26 00:00:00+00:00, run_after=2026-08-02 00:00:00+00:00
[2026-08-02T10:07:56.802+0000] {processor.py:208} INFO - Processing /opt/airflow/dags/finascore_pipeline_dag.py took 0.830 seconds
[2026-08-02T10:08:27.226+0000] {processor.py:186} INFO - Started process (PID=416) to work on /opt/airflow/dags/finascore_pipeline_dag.py
[2026-08-02T10:08:27.229+0000] {processor.py:914} INFO - Processing file /opt/airflow/dags/finascore_pipeline_dag.py for tasks to queue
[2026-08-02T10:08:27.232+0000] {logging_mixin.py:190} INFO - [2026-08-02T10:08:27.231+0000] {dagbag.py:588} INFO - Filling up the DagBag from /opt/airflow/dags/finascore_pipeline_dag.py
[2026-08-02T10:08:27.291+0000] {processor.py:925} INFO - DAG(s) 'finascore_ml_pipeline' retrieved from /opt/airflow/dags/finascore_pipeline_dag.py
[2026-08-02T10:08:27.406+0000] {logging_mixin.py:190} INFO - [2026-08-02T10:08:27.405+0000] {dag.py:3239} INFO - Sync 1 DAGs
[2026-08-02T10:08:27.495+0000] {logging_mixin.py:190} INFO - [2026-08-02T10:08:27.494+0000] {dag.py:4180} INFO - Setting next_dagrun for finascore_ml_pipeline to 2026-07-26 00:00:00+00:00, run_after=2026-08-02 00:00:00+00:00
[2026-08-02T10:08:27.545+0000] {processor.py:208} INFO - Processing /opt/airflow/dags/finascore_pipeline_dag.py took 0.344 seconds
[2026-08-02T10:08:57.692+0000] {processor.py:186} INFO - Started process (PID=421) to work on /opt/airflow/dags/finascore_pipeline_dag.py
[2026-08-02T10:08:57.694+0000] {processor.py:914} INFO - Processing file /opt/airflow/dags/finascore_pipeline_dag.py for tasks to queue
[2026-08-02T10:08:57.696+0000] {logging_mixin.py:190} INFO - [2026-08-02T10:08:57.696+0000] {dagbag.py:588} INFO - Filling up the DagBag from /opt/airflow/dags/finascore_pipeline_dag.py
[2026-08-02T10:08:57.729+0000] {processor.py:925} INFO - DAG(s) 'finascore_ml_pipeline' retrieved from /opt/airflow/dags/finascore_pipeline_dag.py
[2026-08-02T10:08:57.808+0000] {logging_mixin.py:190} INFO - [2026-08-02T10:08:57.807+0000] {dag.py:3239} INFO - Sync 1 DAGs
[2026-08-02T10:08:57.865+0000] {logging_mixin.py:190} INFO - [2026-08-02T10:08:57.865+0000] {dag.py:4180} INFO - Setting next_dagrun for finascore_ml_pipeline to 2026-07-26 00:00:00+00:00, run_after=2026-08-02 00:00:00+00:00
[2026-08-02T10:08:57.900+0000] {processor.py:208} INFO - Processing /opt/airflow/dags/finascore_pipeline_dag.py took 0.227 seconds
[2026-08-02T10:09:28.048+0000] {processor.py:186} INFO - Started process (PID=426) to work on /opt/airflow/dags/finascore_pipeline_dag.py
[2026-08-02T10:09:28.049+0000] {processor.py:914} INFO - Processing file /opt/airflow/dags/finascore_pipeline_dag.py for tasks to queue
[2026-08-02T10:09:28.050+0000] {logging_mixin.py:190} INFO - [2026-08-02T10:09:28.050+0000] {dagbag.py:588} INFO - Filling up the DagBag from /opt/airflow/dags/finascore_pipeline_dag.py
[2026-08-02T10:09:28.077+0000] {processor.py:925} INFO - DAG(s) 'finascore_ml_pipeline' retrieved from /opt/airflow/dags/finascore_pipeline_dag.py
[2026-08-02T10:09:28.150+0000] {logging_mixin.py:190} INFO - [2026-08-02T10:09:28.150+0000] {dag.py:3239} INFO - Sync 1 DAGs
[2026-08-02T10:09:28.186+0000] {logging_mixin.py:190} INFO - [2026-08-02T10:09:28.186+0000] {dag.py:4180} INFO - Setting next_dagrun for finascore_ml_pipeline to 2026-07-26 00:00:00+00:00, run_after=2026-08-02 00:00:00+00:00
[2026-08-02T10:09:28.214+0000] {processor.py:208} INFO - Processing /opt/airflow/dags/finascore_pipeline_dag.py took 0.175 seconds
[2026-08-02T10:09:58.391+0000] {processor.py:186} INFO - Started process (PID=431) to work on /opt/airflow/dags/finascore_pipeline_dag.py
[2026-08-02T10:09:58.392+0000] {processor.py:914} INFO - Processing file /opt/airflow/dags/finascore_pipeline_dag.py for tasks to queue
[2026-08-02T10:09:58.398+0000] {logging_mixin.py:190} INFO - [2026-08-02T10:09:58.397+0000] {dagbag.py:588} INFO - Filling up the DagBag from /opt/airflow/dags/finascore_pipeline_dag.py
[2026-08-02T10:09:58.431+0000] {processor.py:925} INFO - DAG(s) 'finascore_ml_pipeline' retrieved from /opt/airflow/dags/finascore_pipeline_dag.py
[2026-08-02T10:09:58.496+0000] {logging_mixin.py:190} INFO - [2026-08-02T10:09:58.496+0000] {dag.py:3239} INFO - Sync 1 DAGs
[2026-08-02T10:09:58.541+0000] {logging_mixin.py:190} INFO - [2026-08-02T10:09:58.541+0000] {dag.py:4180} INFO - Setting next_dagrun for finascore_ml_pipeline to 2026-07-26 00:00:00+00:00, run_after=2026-08-02 00:00:00+00:00
[2026-08-02T10:09:58.605+0000] {processor.py:208} INFO - Processing /opt/airflow/dags/finascore_pipeline_dag.py took 0.228 seconds
[2026-08-02T10:10:28.832+0000] {processor.py:186} INFO - Started process (PID=436) to work on /opt/airflow/dags/finascore_pipeline_dag.py
[2026-08-02T10:10:28.834+0000] {processor.py:914} INFO - Processing file /opt/airflow/dags/finascore_pipeline_dag.py for tasks to queue
[2026-08-02T10:10:28.837+0000] {logging_mixin.py:190} INFO - [2026-08-02T10:10:28.835+0000] {dagbag.py:588} INFO - Filling up the DagBag from /opt/airflow/dags/finascore_pipeline_dag.py
[2026-08-02T10:10:28.892+0000] {processor.py:925} INFO - DAG(s) 'finascore_ml_pipeline' retrieved from /opt/airflow/dags/finascore_pipeline_dag.py
[2026-08-02T10:10:28.945+0000] {logging_mixin.py:190} INFO - [2026-08-02T10:10:28.945+0000] {dag.py:3239} INFO - Sync 1 DAGs
[2026-08-02T10:10:28.977+0000] {logging_mixin.py:190} INFO - [2026-08-02T10:10:28.977+0000] {dag.py:4180} INFO - Setting next_dagrun for finascore_ml_pipeline to 2026-07-26 00:00:00+00:00, run_after=2026-08-02 00:00:00+00:00
[2026-08-02T10:10:29.008+0000] {processor.py:208} INFO - Processing /opt/airflow/dags/finascore_pipeline_dag.py took 0.202 seconds
[2026-08-02T10:10:59.237+0000] {processor.py:186} INFO - Started process (PID=441) to work on /opt/airflow/dags/finascore_pipeline_dag.py
[2026-08-02T10:10:59.239+0000] {processor.py:914} INFO - Processing file /opt/airflow/dags/finascore_pipeline_dag.py for tasks to queue
[2026-08-02T10:10:59.241+0000] {logging_mixin.py:190} INFO - [2026-08-02T10:10:59.241+0000] {dagbag.py:588} INFO - Filling up the DagBag from /opt/airflow/dags/finascore_pipeline_dag.py
[2026-08-02T10:10:59.267+0000] {processor.py:925} INFO - DAG(s) 'finascore_ml_pipeline' retrieved from /opt/airflow/dags/finascore_pipeline_dag.py
[2026-08-02T10:10:59.325+0000] {logging_mixin.py:190} INFO - [2026-08-02T10:10:59.325+0000] {dag.py:3239} INFO - Sync 1 DAGs
[2026-08-02T10:10:59.370+0000] {logging_mixin.py:190} INFO - [2026-08-02T10:10:59.370+0000] {dag.py:4180} INFO - Setting next_dagrun for finascore_ml_pipeline to 2026-07-26 00:00:00+00:00, run_after=2026-08-02 00:00:00+00:00
[2026-08-02T10:10:59.405+0000] {processor.py:208} INFO - Processing /opt/airflow/dags/finascore_pipeline_dag.py took 0.179 seconds
[2026-08-02T10:11:29.627+0000] {processor.py:186} INFO - Started process (PID=446) to work on /opt/airflow/dags/finascore_pipeline_dag.py
[2026-08-02T10:11:29.628+0000] {processor.py:914} INFO - Processing file /opt/airflow/dags/finascore_pipeline_dag.py for tasks to queue
[2026-08-02T10:11:29.629+0000] {logging_mixin.py:190} INFO - [2026-08-02T10:11:29.629+0000] {dagbag.py:588} INFO - Filling up the DagBag from /opt/airflow/dags/finascore_pipeline_dag.py
[2026-08-02T10:11:29.644+0000] {processor.py:925} INFO - DAG(s) 'finascore_ml_pipeline' retrieved from /opt/airflow/dags/finascore_pipeline_dag.py
[2026-08-02T10:11:29.680+0000] {logging_mixin.py:190} INFO - [2026-08-02T10:11:29.680+0000] {dag.py:3239} INFO - Sync 1 DAGs
[2026-08-02T10:11:29.705+0000] {logging_mixin.py:190} INFO - [2026-08-02T10:11:29.705+0000] {dag.py:4180} INFO - Setting next_dagrun for finascore_ml_pipeline to 2026-07-26 00:00:00+00:00, run_after=2026-08-02 00:00:00+00:00
[2026-08-02T10:11:29.723+0000] {processor.py:208} INFO - Processing /opt/airflow/dags/finascore_pipeline_dag.py took 0.103 seconds
[2026-08-02T10:11:59.786+0000] {processor.py:186} INFO - Started process (PID=451) to work on /opt/airflow/dags/finascore_pipeline_dag.py
[2026-08-02T10:11:59.788+0000] {processor.py:914} INFO - Processing file /opt/airflow/dags/finascore_pipeline_dag.py for tasks to queue
[2026-08-02T10:11:59.791+0000] {logging_mixin.py:190} INFO - [2026-08-02T10:11:59.790+0000] {dagbag.py:588} INFO - Filling up the DagBag from /opt/airflow/dags/finascore_pipeline_dag.py
[2026-08-02T10:11:59.816+0000] {processor.py:925} INFO - DAG(s) 'finascore_ml_pipeline' retrieved from /opt/airflow/dags/finascore_pipeline_dag.py
[2026-08-02T10:11:59.880+0000] {logging_mixin.py:190} INFO - [2026-08-02T10:11:59.879+0000] {dag.py:3239} INFO - Sync 1 DAGs
[2026-08-02T10:11:59.923+0000] {logging_mixin.py:190} INFO - [2026-08-02T10:11:59.923+0000] {dag.py:4180} INFO - Setting next_dagrun for finascore_ml_pipeline to 2026-07-26 00:00:00+00:00, run_after=2026-08-02 00:00:00+00:00
[2026-08-02T10:11:59.953+0000] {processor.py:208} INFO - Processing /opt/airflow/dags/finascore_pipeline_dag.py took 0.179 seconds
[2026-08-02T10:12:30.044+0000] {processor.py:186} INFO - Started process (PID=456) to work on /opt/airflow/dags/finascore_pipeline_dag.py
[2026-08-02T10:12:30.045+0000] {processor.py:914} INFO - Processing file /opt/airflow/dags/finascore_pipeline_dag.py for tasks to queue
[2026-08-02T10:12:30.046+0000] {logging_mixin.py:190} INFO - [2026-08-02T10:12:30.046+0000] {dagbag.py:588} INFO - Filling up the DagBag from /opt/airflow/dags/finascore_pipeline_dag.py
[2026-08-02T10:12:30.061+0000] {processor.py:925} INFO - DAG(s) 'finascore_ml_pipeline' retrieved from /opt/airflow/dags/finascore_pipeline_dag.py
[2026-08-02T10:12:30.098+0000] {logging_mixin.py:190} INFO - [2026-08-02T10:12:30.098+0000] {dag.py:3239} INFO - Sync 1 DAGs
[2026-08-02T10:12:30.124+0000] {logging_mixin.py:190} INFO - [2026-08-02T10:12:30.124+0000] {dag.py:4180} INFO - Setting next_dagrun for finascore_ml_pipeline to 2026-07-26 00:00:00+00:00, run_after=2026-08-02 00:00:00+00:00
[2026-08-02T10:12:30.159+0000] {processor.py:208} INFO - Processing /opt/airflow/dags/finascore_pipeline_dag.py took 0.123 seconds
[2026-08-02T10:13:00.359+0000] {processor.py:186} INFO - Started process (PID=461) to work on /opt/airflow/dags/finascore_pipeline_dag.py
[2026-08-02T10:13:00.361+0000] {processor.py:914} INFO - Processing file /opt/airflow/dags/finascore_pipeline_dag.py for tasks to queue
[2026-08-02T10:13:00.362+0000] {logging_mixin.py:190} INFO - [2026-08-02T10:13:00.362+0000] {dagbag.py:588} INFO - Filling up the DagBag from /opt/airflow/dags/finascore_pipeline_dag.py
[2026-08-02T10:13:00.389+0000] {processor.py:925} INFO - DAG(s) 'finascore_ml_pipeline' retrieved from /opt/airflow/dags/finascore_pipeline_dag.py
[2026-08-02T10:13:00.437+0000] {logging_mixin.py:190} INFO - [2026-08-02T10:13:00.436+0000] {dag.py:3239} INFO - Sync 1 DAGs
[2026-08-02T10:13:00.479+0000] {logging_mixin.py:190} INFO - [2026-08-02T10:13:00.478+0000] {dag.py:4180} INFO - Setting next_dagrun for finascore_ml_pipeline to 2026-07-26 00:00:00+00:00, run_after=2026-08-02 00:00:00+00:00
[2026-08-02T10:13:00.505+0000] {processor.py:208} INFO - Processing /opt/airflow/dags/finascore_pipeline_dag.py took 0.153 seconds
[2026-08-02T10:13:30.564+0000] {processor.py:186} INFO - Started process (PID=466) to work on /opt/airflow/dags/finascore_pipeline_dag.py
[2026-08-02T10:13:30.565+0000] {processor.py:914} INFO - Processing file /opt/airflow/dags/finascore_pipeline_dag.py for tasks to queue
[2026-08-02T10:13:30.567+0000] {logging_mixin.py:190} INFO - [2026-08-02T10:13:30.567+0000] {dagbag.py:588} INFO - Filling up the DagBag from /opt/airflow/dags/finascore_pipeline_dag.py
[2026-08-02T10:13:30.594+0000] {processor.py:925} INFO - DAG(s) 'finascore_ml_pipeline' retrieved from /opt/airflow/dags/finascore_pipeline_dag.py
[2026-08-02T10:13:30.648+0000] {logging_mixin.py:190} INFO - [2026-08-02T10:13:30.648+0000] {dag.py:3239} INFO - Sync 1 DAGs
[2026-08-02T10:13:30.688+0000] {logging_mixin.py:190} INFO - [2026-08-02T10:13:30.687+0000] {dag.py:4180} INFO - Setting next_dagrun for finascore_ml_pipeline to 2026-07-26 00:00:00+00:00, run_after=2026-08-02 00:00:00+00:00
[2026-08-02T10:13:30.715+0000] {processor.py:208} INFO - Processing /opt/airflow/dags/finascore_pipeline_dag.py took 0.161 seconds
[2026-08-02T10:14:00.879+0000] {processor.py:186} INFO - Started process (PID=471) to work on /opt/airflow/dags/finascore_pipeline_dag.py
[2026-08-02T10:14:00.881+0000] {processor.py:914} INFO - Processing file /opt/airflow/dags/finascore_pipeline_dag.py for tasks to queue
[2026-08-02T10:14:00.883+0000] {logging_mixin.py:190} INFO - [2026-08-02T10:14:00.882+0000] {dagbag.py:588} INFO - Filling up the DagBag from /opt/airflow/dags/finascore_pipeline_dag.py
[2026-08-02T10:14:00.901+0000] {processor.py:925} INFO - DAG(s) 'finascore_ml_pipeline' retrieved from /opt/airflow/dags/finascore_pipeline_dag.py
[2026-08-02T10:14:00.940+0000] {logging_mixin.py:190} INFO - [2026-08-02T10:14:00.940+0000] {dag.py:3239} INFO - Sync 1 DAGs
[2026-08-02T10:14:00.971+0000] {logging_mixin.py:190} INFO - [2026-08-02T10:14:00.971+0000] {dag.py:4180} INFO - Setting next_dagrun for finascore_ml_pipeline to 2026-07-26 00:00:00+00:00, run_after=2026-08-02 00:00:00+00:00
[2026-08-02T10:14:00.992+0000] {processor.py:208} INFO - Processing /opt/airflow/dags/finascore_pipeline_dag.py took 0.122 seconds
[2026-08-02T10:14:31.047+0000] {processor.py:186} INFO - Started process (PID=476) to work on /opt/airflow/dags/finascore_pipeline_dag.py
[2026-08-02T10:14:31.048+0000] {processor.py:914} INFO - Processing file /opt/airflow/dags/finascore_pipeline_dag.py for tasks to queue
[2026-08-02T10:14:31.051+0000] {logging_mixin.py:190} INFO - [2026-08-02T10:14:31.050+0000] {dagbag.py:588} INFO - Filling up the DagBag from /opt/airflow/dags/finascore_pipeline_dag.py
[2026-08-02T10:14:31.072+0000] {processor.py:925} INFO - DAG(s) 'finascore_ml_pipeline' retrieved from /opt/airflow/dags/finascore_pipeline_dag.py
[2026-08-02T10:14:31.122+0000] {logging_mixin.py:190} INFO - [2026-08-02T10:14:31.122+0000] {dag.py:3239} INFO - Sync 1 DAGs
[2026-08-02T10:14:31.163+0000] {logging_mixin.py:190} INFO - [2026-08-02T10:14:31.163+0000] {dag.py:4180} INFO - Setting next_dagrun for finascore_ml_pipeline to 2026-07-26 00:00:00+00:00, run_after=2026-08-02 00:00:00+00:00
[2026-08-02T10:14:31.188+0000] {processor.py:208} INFO - Processing /opt/airflow/dags/finascore_pipeline_dag.py took 0.152 seconds
[2026-08-02T10:15:01.357+0000] {processor.py:186} INFO - Started process (PID=481) to work on /opt/airflow/dags/finascore_pipeline_dag.py
[2026-08-02T10:15:01.359+0000] {processor.py:914} INFO - Processing file /opt/airflow/dags/finascore_pipeline_dag.py for tasks to queue
[2026-08-02T10:15:01.361+0000] {logging_mixin.py:190} INFO - [2026-08-02T10:15:01.361+0000] {dagbag.py:588} INFO - Filling up the DagBag from /opt/airflow/dags/finascore_pipeline_dag.py
[2026-08-02T10:15:01.390+0000] {processor.py:925} INFO - DAG(s) 'finascore_ml_pipeline' retrieved from /opt/airflow/dags/finascore_pipeline_dag.py
[2026-08-02T10:15:01.442+0000] {logging_mixin.py:190} INFO - [2026-08-02T10:15:01.442+0000] {dag.py:3239} INFO - Sync 1 DAGs
[2026-08-02T10:15:01.480+0000] {logging_mixin.py:190} INFO - [2026-08-02T10:15:01.480+0000] {dag.py:4180} INFO - Setting next_dagrun for finascore_ml_pipeline to 2026-07-26 00:00:00+00:00, run_after=2026-08-02 00:00:00+00:00
[2026-08-02T10:15:01.508+0000] {processor.py:208} INFO - Processing /opt/airflow/dags/finascore_pipeline_dag.py took 0.161 seconds
[2026-08-02T10:15:31.561+0000] {processor.py:186} INFO - Started process (PID=486) to work on /opt/airflow/dags/finascore_pipeline_dag.py
[2026-08-02T10:15:31.562+0000] {processor.py:914} INFO - Processing file /opt/airflow/dags/finascore_pipeline_dag.py for tasks to queue
[2026-08-02T10:15:31.564+0000] {logging_mixin.py:190} INFO - [2026-08-02T10:15:31.563+0000] {dagbag.py:588} INFO - Filling up the DagBag from /opt/airflow/dags/finascore_pipeline_dag.py
[2026-08-02T10:15:31.581+0000] {processor.py:925} INFO - DAG(s) 'finascore_ml_pipeline' retrieved from /opt/airflow/dags/finascore_pipeline_dag.py
[2026-08-02T10:15:31.624+0000] {logging_mixin.py:190} INFO - [2026-08-02T10:15:31.623+0000] {dag.py:3239} INFO - Sync 1 DAGs
[2026-08-02T10:15:31.654+0000] {logging_mixin.py:190} INFO - [2026-08-02T10:15:31.654+0000] {dag.py:4180} INFO - Setting next_dagrun for finascore_ml_pipeline to 2026-07-26 00:00:00+00:00, run_after=2026-08-02 00:00:00+00:00
[2026-08-02T10:15:31.674+0000] {processor.py:208} INFO - Processing /opt/airflow/dags/finascore_pipeline_dag.py took 0.120 seconds
[2026-08-02T10:16:01.838+0000] {processor.py:186} INFO - Started process (PID=491) to work on /opt/airflow/dags/finascore_pipeline_dag.py
[2026-08-02T10:16:01.840+0000] {processor.py:914} INFO - Processing file /opt/airflow/dags/finascore_pipeline_dag.py for tasks to queue
[2026-08-02T10:16:01.842+0000] {logging_mixin.py:190} INFO - [2026-08-02T10:16:01.842+0000] {dagbag.py:588} INFO - Filling up the DagBag from /opt/airflow/dags/finascore_pipeline_dag.py
[2026-08-02T10:16:01.860+0000] {processor.py:925} INFO - DAG(s) 'finascore_ml_pipeline' retrieved from /opt/airflow/dags/finascore_pipeline_dag.py
[2026-08-02T10:16:01.894+0000] {logging_mixin.py:190} INFO - [2026-08-02T10:16:01.894+0000] {dag.py:3239} INFO - Sync 1 DAGs
[2026-08-02T10:16:01.921+0000] {logging_mixin.py:190} INFO - [2026-08-02T10:16:01.921+0000] {dag.py:4180} INFO - Setting next_dagrun for finascore_ml_pipeline to 2026-07-26 00:00:00+00:00, run_after=2026-08-02 00:00:00+00:00
[2026-08-02T10:16:01.937+0000] {processor.py:208} INFO - Processing /opt/airflow/dags/finascore_pipeline_dag.py took 0.105 seconds
[2026-08-02T10:16:32.037+0000] {processor.py:186} INFO - Started process (PID=496) to work on /opt/airflow/dags/finascore_pipeline_dag.py
[2026-08-02T10:16:32.038+0000] {processor.py:914} INFO - Processing file /opt/airflow/dags/finascore_pipeline_dag.py for tasks to queue
[2026-08-02T10:16:32.040+0000] {logging_mixin.py:190} INFO - [2026-08-02T10:16:32.039+0000] {dagbag.py:588} INFO - Filling up the DagBag from /opt/airflow/dags/finascore_pipeline_dag.py
[2026-08-02T10:16:32.073+0000] {processor.py:925} INFO - DAG(s) 'finascore_ml_pipeline' retrieved from /opt/airflow/dags/finascore_pipeline_dag.py
[2026-08-02T10:16:32.140+0000] {logging_mixin.py:190} INFO - [2026-08-02T10:16:32.139+0000] {dag.py:3239} INFO - Sync 1 DAGs
[2026-08-02T10:16:32.205+0000] {logging_mixin.py:190} INFO - [2026-08-02T10:16:32.204+0000] {dag.py:4180} INFO - Setting next_dagrun for finascore_ml_pipeline to 2026-07-26 00:00:00+00:00, run_after=2026-08-02 00:00:00+00:00
[2026-08-02T10:16:32.242+0000] {processor.py:208} INFO - Processing /opt/airflow/dags/finascore_pipeline_dag.py took 0.222 seconds
[2026-08-02T10:17:02.346+0000] {processor.py:186} INFO - Started process (PID=501) to work on /opt/airflow/dags/finascore_pipeline_dag.py
[2026-08-02T10:17:02.348+0000] {processor.py:914} INFO - Processing file /opt/airflow/dags/finascore_pipeline_dag.py for tasks to queue
[2026-08-02T10:17:02.350+0000] {logging_mixin.py:190} INFO - [2026-08-02T10:17:02.349+0000] {dagbag.py:588} INFO - Filling up the DagBag from /opt/airflow/dags/finascore_pipeline_dag.py
[2026-08-02T10:17:02.378+0000] {processor.py:925} INFO - DAG(s) 'finascore_ml_pipeline' retrieved from /opt/airflow/dags/finascore_pipeline_dag.py
[2026-08-02T10:17:02.435+0000] {logging_mixin.py:190} INFO - [2026-08-02T10:17:02.435+0000] {dag.py:3239} INFO - Sync 1 DAGs
[2026-08-02T10:17:02.481+0000] {logging_mixin.py:190} INFO - [2026-08-02T10:17:02.481+0000] {dag.py:4180} INFO - Setting next_dagrun for finascore_ml_pipeline to 2026-07-26 00:00:00+00:00, run_after=2026-08-02 00:00:00+00:00
[2026-08-02T10:17:02.523+0000] {processor.py:208} INFO - Processing /opt/airflow/dags/finascore_pipeline_dag.py took 0.188 seconds
[2026-08-02T10:17:32.623+0000] {processor.py:186} INFO - Started process (PID=506) to work on /opt/airflow/dags/finascore_pipeline_dag.py
[2026-08-02T10:17:32.624+0000] {processor.py:914} INFO - Processing file /opt/airflow/dags/finascore_pipeline_dag.py for tasks to queue
[2026-08-02T10:17:32.625+0000] {logging_mixin.py:190} INFO - [2026-08-02T10:17:32.625+0000] {dagbag.py:588} INFO - Filling up the DagBag from /opt/airflow/dags/finascore_pipeline_dag.py
[2026-08-02T10:17:32.641+0000] {processor.py:925} INFO - DAG(s) 'finascore_ml_pipeline' retrieved from /opt/airflow/dags/finascore_pipeline_dag.py
[2026-08-02T10:17:32.676+0000] {logging_mixin.py:190} INFO - [2026-08-02T10:17:32.676+0000] {dag.py:3239} INFO - Sync 1 DAGs
[2026-08-02T10:17:32.708+0000] {logging_mixin.py:190} INFO - [2026-08-02T10:17:32.708+0000] {dag.py:4180} INFO - Setting next_dagrun for finascore_ml_pipeline to 2026-07-26 00:00:00+00:00, run_after=2026-08-02 00:00:00+00:00
[2026-08-02T10:17:32.728+0000] {processor.py:208} INFO - Processing /opt/airflow/dags/finascore_pipeline_dag.py took 0.114 seconds
[2026-08-02T10:18:02.866+0000] {processor.py:186} INFO - Started process (PID=511) to work on /opt/airflow/dags/finascore_pipeline_dag.py
[2026-08-02T10:18:02.868+0000] {processor.py:914} INFO - Processing file /opt/airflow/dags/finascore_pipeline_dag.py for tasks to queue
[2026-08-02T10:18:02.870+0000] {logging_mixin.py:190} INFO - [2026-08-02T10:18:02.870+0000] {dagbag.py:588} INFO - Filling up the DagBag from /opt/airflow/dags/finascore_pipeline_dag.py
[2026-08-02T10:18:02.888+0000] {processor.py:925} INFO - DAG(s) 'finascore_ml_pipeline' retrieved from /opt/airflow/dags/finascore_pipeline_dag.py
[2026-08-02T10:18:02.925+0000] {logging_mixin.py:190} INFO - [2026-08-02T10:18:02.925+0000] {dag.py:3239} INFO - Sync 1 DAGs
[2026-08-02T10:18:02.950+0000] {logging_mixin.py:190} INFO - [2026-08-02T10:18:02.950+0000] {dag.py:4180} INFO - Setting next_dagrun for finascore_ml_pipeline to 2026-07-26 00:00:00+00:00, run_after=2026-08-02 00:00:00+00:00
[2026-08-02T10:18:02.970+0000] {processor.py:208} INFO - Processing /opt/airflow/dags/finascore_pipeline_dag.py took 0.112 seconds
[2026-08-02T10:18:33.026+0000] {processor.py:186} INFO - Started process (PID=516) to work on /opt/airflow/dags/finascore_pipeline_dag.py
[2026-08-02T10:18:33.028+0000] {processor.py:914} INFO - Processing file /opt/airflow/dags/finascore_pipeline_dag.py for tasks to queue
[2026-08-02T10:18:33.030+0000] {logging_mixin.py:190} INFO - [2026-08-02T10:18:33.030+0000] {dagbag.py:588} INFO - Filling up the DagBag from /opt/airflow/dags/finascore_pipeline_dag.py
[2026-08-02T10:18:33.045+0000] {processor.py:925} INFO - DAG(s) 'finascore_ml_pipeline' retrieved from /opt/airflow/dags/finascore_pipeline_dag.py
[2026-08-02T10:18:33.087+0000] {logging_mixin.py:190} INFO - [2026-08-02T10:18:33.087+0000] {dag.py:3239} INFO - Sync 1 DAGs
[2026-08-02T10:18:33.116+0000] {logging_mixin.py:190} INFO - [2026-08-02T10:18:33.116+0000] {dag.py:4180} INFO - Setting next_dagrun for finascore_ml_pipeline to 2026-07-26 00:00:00+00:00, run_after=2026-08-02 00:00:00+00:00
[2026-08-02T10:18:33.136+0000] {processor.py:208} INFO - Processing /opt/airflow/dags/finascore_pipeline_dag.py took 0.117 seconds
[2026-08-02T10:19:03.304+0000] {processor.py:186} INFO - Started process (PID=521) to work on /opt/airflow/dags/finascore_pipeline_dag.py
[2026-08-02T10:19:03.306+0000] {processor.py:914} INFO - Processing file /opt/airflow/dags/finascore_pipeline_dag.py for tasks to queue
[2026-08-02T10:19:03.308+0000] {logging_mixin.py:190} INFO - [2026-08-02T10:19:03.307+0000] {dagbag.py:588} INFO - Filling up the DagBag from /opt/airflow/dags/finascore_pipeline_dag.py
[2026-08-02T10:19:03.326+0000] {processor.py:925} INFO - DAG(s) 'finascore_ml_pipeline' retrieved from /opt/airflow/dags/finascore_pipeline_dag.py
[2026-08-02T10:19:03.363+0000] {logging_mixin.py:190} INFO - [2026-08-02T10:19:03.363+0000] {dag.py:3239} INFO - Sync 1 DAGs
[2026-08-02T10:19:03.390+0000] {logging_mixin.py:190} INFO - [2026-08-02T10:19:03.390+0000] {dag.py:4180} INFO - Setting next_dagrun for finascore_ml_pipeline to 2026-07-26 00:00:00+00:00, run_after=2026-08-02 00:00:00+00:00
[2026-08-02T10:19:03.410+0000] {processor.py:208} INFO - Processing /opt/airflow/dags/finascore_pipeline_dag.py took 0.114 seconds
[2026-08-02T10:19:33.461+0000] {processor.py:186} INFO - Started process (PID=526) to work on /opt/airflow/dags/finascore_pipeline_dag.py
[2026-08-02T10:19:33.462+0000] {processor.py:914} INFO - Processing file /opt/airflow/dags/finascore_pipeline_dag.py for tasks to queue
[2026-08-02T10:19:33.463+0000] {logging_mixin.py:190} INFO - [2026-08-02T10:19:33.463+0000] {dagbag.py:588} INFO - Filling up the DagBag from /opt/airflow/dags/finascore_pipeline_dag.py
[2026-08-02T10:19:33.481+0000] {processor.py:925} INFO - DAG(s) 'finascore_ml_pipeline' retrieved from /opt/airflow/dags/finascore_pipeline_dag.py
[2026-08-02T10:19:33.517+0000] {logging_mixin.py:190} INFO - [2026-08-02T10:19:33.517+0000] {dag.py:3239} INFO - Sync 1 DAGs
[2026-08-02T10:19:33.546+0000] {logging_mixin.py:190} INFO - [2026-08-02T10:19:33.546+0000] {dag.py:4180} INFO - Setting next_dagrun for finascore_ml_pipeline to 2026-07-26 00:00:00+00:00, run_after=2026-08-02 00:00:00+00:00
[2026-08-02T10:19:33.564+0000] {processor.py:208} INFO - Processing /opt/airflow/dags/finascore_pipeline_dag.py took 0.110 seconds
[2026-08-02T10:20:03.703+0000] {processor.py:186} INFO - Started process (PID=531) to work on /opt/airflow/dags/finascore_pipeline_dag.py
[2026-08-02T10:20:03.704+0000] {processor.py:914} INFO - Processing file /opt/airflow/dags/finascore_pipeline_dag.py for tasks to queue
[2026-08-02T10:20:03.706+0000] {logging_mixin.py:190} INFO - [2026-08-02T10:20:03.705+0000] {dagbag.py:588} INFO - Filling up the DagBag from /opt/airflow/dags/finascore_pipeline_dag.py
[2026-08-02T10:20:03.723+0000] {processor.py:925} INFO - DAG(s) 'finascore_ml_pipeline' retrieved from /opt/airflow/dags/finascore_pipeline_dag.py
[2026-08-02T10:20:03.758+0000] {logging_mixin.py:190} INFO - [2026-08-02T10:20:03.758+0000] {dag.py:3239} INFO - Sync 1 DAGs
[2026-08-02T10:20:03.785+0000] {logging_mixin.py:190} INFO - [2026-08-02T10:20:03.785+0000] {dag.py:4180} INFO - Setting next_dagrun for finascore_ml_pipeline to 2026-07-26 00:00:00+00:00, run_after=2026-08-02 00:00:00+00:00
[2026-08-02T10:20:03.802+0000] {processor.py:208} INFO - Processing /opt/airflow/dags/finascore_pipeline_dag.py took 0.106 seconds
[2026-08-02T10:20:33.858+0000] {processor.py:186} INFO - Started process (PID=536) to work on /opt/airflow/dags/finascore_pipeline_dag.py
[2026-08-02T10:20:33.859+0000] {processor.py:914} INFO - Processing file /opt/airflow/dags/finascore_pipeline_dag.py for tasks to queue
[2026-08-02T10:20:33.862+0000] {logging_mixin.py:190} INFO - [2026-08-02T10:20:33.860+0000] {dagbag.py:588} INFO - Filling up the DagBag from /opt/airflow/dags/finascore_pipeline_dag.py
[2026-08-02T10:20:33.878+0000] {processor.py:925} INFO - DAG(s) 'finascore_ml_pipeline' retrieved from /opt/airflow/dags/finascore_pipeline_dag.py
[2026-08-02T10:20:33.915+0000] {logging_mixin.py:190} INFO - [2026-08-02T10:20:33.914+0000] {dag.py:3239} INFO - Sync 1 DAGs
[2026-08-02T10:20:33.943+0000] {logging_mixin.py:190} INFO - [2026-08-02T10:20:33.943+0000] {dag.py:4180} INFO - Setting next_dagrun for finascore_ml_pipeline to 2026-07-26 00:00:00+00:00, run_after=2026-08-02 00:00:00+00:00
[2026-08-02T10:20:33.964+0000] {processor.py:208} INFO - Processing /opt/airflow/dags/finascore_pipeline_dag.py took 0.112 seconds
[2026-08-02T10:21:04.114+0000] {processor.py:186} INFO - Started process (PID=541) to work on /opt/airflow/dags/finascore_pipeline_dag.py
[2026-08-02T10:21:04.116+0000] {processor.py:914} INFO - Processing file /opt/airflow/dags/finascore_pipeline_dag.py for tasks to queue
[2026-08-02T10:21:04.118+0000] {logging_mixin.py:190} INFO - [2026-08-02T10:21:04.117+0000] {dagbag.py:588} INFO - Filling up the DagBag from /opt/airflow/dags/finascore_pipeline_dag.py
[2026-08-02T10:21:04.140+0000] {processor.py:925} INFO - DAG(s) 'finascore_ml_pipeline' retrieved from /opt/airflow/dags/finascore_pipeline_dag.py
[2026-08-02T10:21:04.176+0000] {logging_mixin.py:190} INFO - [2026-08-02T10:21:04.176+0000] {dag.py:3239} INFO - Sync 1 DAGs
[2026-08-02T10:21:04.217+0000] {logging_mixin.py:190} INFO - [2026-08-02T10:21:04.216+0000] {dag.py:4180} INFO - Setting next_dagrun for finascore_ml_pipeline to 2026-07-26 00:00:00+00:00, run_after=2026-08-02 00:00:00+00:00
[2026-08-02T10:21:04.235+0000] {processor.py:208} INFO - Processing /opt/airflow/dags/finascore_pipeline_dag.py took 0.128 seconds
[2026-08-02T10:21:34.319+0000] {processor.py:186} INFO - Started process (PID=546) to work on /opt/airflow/dags/finascore_pipeline_dag.py
[2026-08-02T10:21:34.320+0000] {processor.py:914} INFO - Processing file /opt/airflow/dags/finascore_pipeline_dag.py for tasks to queue
[2026-08-02T10:21:34.322+0000] {logging_mixin.py:190} INFO - [2026-08-02T10:21:34.322+0000] {dagbag.py:588} INFO - Filling up the DagBag from /opt/airflow/dags/finascore_pipeline_dag.py
[2026-08-02T10:21:34.346+0000] {processor.py:925} INFO - DAG(s) 'finascore_ml_pipeline' retrieved from /opt/airflow/dags/finascore_pipeline_dag.py
[2026-08-02T10:21:34.397+0000] {logging_mixin.py:190} INFO - [2026-08-02T10:21:34.397+0000] {dag.py:3239} INFO - Sync 1 DAGs
[2026-08-02T10:21:34.435+0000] {logging_mixin.py:190} INFO - [2026-08-02T10:21:34.434+0000] {dag.py:4180} INFO - Setting next_dagrun for finascore_ml_pipeline to 2026-07-26 00:00:00+00:00, run_after=2026-08-02 00:00:00+00:00
[2026-08-02T10:21:34.462+0000] {processor.py:208} INFO - Processing /opt/airflow/dags/finascore_pipeline_dag.py took 0.154 seconds
[2026-08-02T10:22:04.540+0000] {processor.py:186} INFO - Started process (PID=551) to work on /opt/airflow/dags/finascore_pipeline_dag.py
[2026-08-02T10:22:04.540+0000] {processor.py:914} INFO - Processing file /opt/airflow/dags/finascore_pipeline_dag.py for tasks to queue
[2026-08-02T10:22:04.542+0000] {logging_mixin.py:190} INFO - [2026-08-02T10:22:04.542+0000] {dagbag.py:588} INFO - Filling up the DagBag from /opt/airflow/dags/finascore_pipeline_dag.py
[2026-08-02T10:22:04.557+0000] {processor.py:925} INFO - DAG(s) 'finascore_ml_pipeline' retrieved from /opt/airflow/dags/finascore_pipeline_dag.py
[2026-08-02T10:22:04.592+0000] {logging_mixin.py:190} INFO - [2026-08-02T10:22:04.592+0000] {dag.py:3239} INFO - Sync 1 DAGs
[2026-08-02T10:22:04.625+0000] {logging_mixin.py:190} INFO - [2026-08-02T10:22:04.624+0000] {dag.py:4180} INFO - Setting next_dagrun for finascore_ml_pipeline to 2026-07-26 00:00:00+00:00, run_after=2026-08-02 00:00:00+00:00
[2026-08-02T10:22:04.643+0000] {processor.py:208} INFO - Processing /opt/airflow/dags/finascore_pipeline_dag.py took 0.113 seconds
[2026-08-02T10:22:34.774+0000] {processor.py:186} INFO - Started process (PID=556) to work on /opt/airflow/dags/finascore_pipeline_dag.py
[2026-08-02T10:22:34.776+0000] {processor.py:914} INFO - Processing file /opt/airflow/dags/finascore_pipeline_dag.py for tasks to queue
[2026-08-02T10:22:34.777+0000] {logging_mixin.py:190} INFO - [2026-08-02T10:22:34.777+0000] {dagbag.py:588} INFO - Filling up the DagBag from /opt/airflow/dags/finascore_pipeline_dag.py
[2026-08-02T10:22:34.792+0000] {processor.py:925} INFO - DAG(s) 'finascore_ml_pipeline' retrieved from /opt/airflow/dags/finascore_pipeline_dag.py
[2026-08-02T10:22:34.831+0000] {logging_mixin.py:190} INFO - [2026-08-02T10:22:34.830+0000] {dag.py:3239} INFO - Sync 1 DAGs
[2026-08-02T10:22:34.858+0000] {logging_mixin.py:190} INFO - [2026-08-02T10:22:34.858+0000] {dag.py:4180} INFO - Setting next_dagrun for finascore_ml_pipeline to 2026-07-26 00:00:00+00:00, run_after=2026-08-02 00:00:00+00:00
[2026-08-02T10:22:34.879+0000] {processor.py:208} INFO - Processing /opt/airflow/dags/finascore_pipeline_dag.py took 0.114 seconds
[2026-08-02T10:23:04.939+0000] {processor.py:186} INFO - Started process (PID=561) to work on /opt/airflow/dags/finascore_pipeline_dag.py
[2026-08-02T10:23:04.941+0000] {processor.py:914} INFO - Processing file /opt/airflow/dags/finascore_pipeline_dag.py for tasks to queue
[2026-08-02T10:23:04.942+0000] {logging_mixin.py:190} INFO - [2026-08-02T10:23:04.942+0000] {dagbag.py:588} INFO - Filling up the DagBag from /opt/airflow/dags/finascore_pipeline_dag.py
[2026-08-02T10:23:04.957+0000] {processor.py:925} INFO - DAG(s) 'finascore_ml_pipeline' retrieved from /opt/airflow/dags/finascore_pipeline_dag.py
[2026-08-02T10:23:04.994+0000] {logging_mixin.py:190} INFO - [2026-08-02T10:23:04.994+0000] {dag.py:3239} INFO - Sync 1 DAGs
[2026-08-02T10:23:05.023+0000] {logging_mixin.py:190} INFO - [2026-08-02T10:23:05.023+0000] {dag.py:4180} INFO - Setting next_dagrun for finascore_ml_pipeline to 2026-07-26 00:00:00+00:00, run_after=2026-08-02 00:00:00+00:00
[2026-08-02T10:23:05.044+0000] {processor.py:208} INFO - Processing /opt/airflow/dags/finascore_pipeline_dag.py took 0.113 seconds
[2026-08-02T10:23:35.171+0000] {processor.py:186} INFO - Started process (PID=566) to work on /opt/airflow/dags/finascore_pipeline_dag.py
[2026-08-02T10:23:35.172+0000] {processor.py:914} INFO - Processing file /opt/airflow/dags/finascore_pipeline_dag.py for tasks to queue
[2026-08-02T10:23:35.173+0000] {logging_mixin.py:190} INFO - [2026-08-02T10:23:35.173+0000] {dagbag.py:588} INFO - Filling up the DagBag from /opt/airflow/dags/finascore_pipeline_dag.py
[2026-08-02T10:23:35.196+0000] {processor.py:925} INFO - DAG(s) 'finascore_ml_pipeline' retrieved from /opt/airflow/dags/finascore_pipeline_dag.py
[2026-08-02T10:23:35.233+0000] {logging_mixin.py:190} INFO - [2026-08-02T10:23:35.233+0000] {dag.py:3239} INFO - Sync 1 DAGs
[2026-08-02T10:23:35.260+0000] {logging_mixin.py:190} INFO - [2026-08-02T10:23:35.260+0000] {dag.py:4180} INFO - Setting next_dagrun for finascore_ml_pipeline to 2026-07-26 00:00:00+00:00, run_after=2026-08-02 00:00:00+00:00
[2026-08-02T10:23:35.280+0000] {processor.py:208} INFO - Processing /opt/airflow/dags/finascore_pipeline_dag.py took 0.116 seconds
[2026-08-02T10:24:05.358+0000] {processor.py:186} INFO - Started process (PID=571) to work on /opt/airflow/dags/finascore_pipeline_dag.py
[2026-08-02T10:24:05.359+0000] {processor.py:914} INFO - Processing file /opt/airflow/dags/finascore_pipeline_dag.py for tasks to queue
[2026-08-02T10:24:05.360+0000] {logging_mixin.py:190} INFO - [2026-08-02T10:24:05.360+0000] {dagbag.py:588} INFO - Filling up the DagBag from /opt/airflow/dags/finascore_pipeline_dag.py
[2026-08-02T10:24:05.375+0000] {processor.py:925} INFO - DAG(s) 'finascore_ml_pipeline' retrieved from /opt/airflow/dags/finascore_pipeline_dag.py
[2026-08-02T10:24:05.411+0000] {logging_mixin.py:190} INFO - [2026-08-02T10:24:05.411+0000] {dag.py:3239} INFO - Sync 1 DAGs
[2026-08-02T10:24:05.438+0000] {logging_mixin.py:190} INFO - [2026-08-02T10:24:05.438+0000] {dag.py:4180} INFO - Setting next_dagrun for finascore_ml_pipeline to 2026-07-26 00:00:00+00:00, run_after=2026-08-02 00:00:00+00:00
[2026-08-02T10:24:05.457+0000] {processor.py:208} INFO - Processing /opt/airflow/dags/finascore_pipeline_dag.py took 0.110 seconds
[2026-08-02T10:24:35.551+0000] {processor.py:186} INFO - Started process (PID=576) to work on /opt/airflow/dags/finascore_pipeline_dag.py
[2026-08-02T10:24:35.553+0000] {processor.py:914} INFO - Processing file /opt/airflow/dags/finascore_pipeline_dag.py for tasks to queue
[2026-08-02T10:24:35.554+0000] {logging_mixin.py:190} INFO - [2026-08-02T10:24:35.554+0000] {dagbag.py:588} INFO - Filling up the DagBag from /opt/airflow/dags/finascore_pipeline_dag.py
[2026-08-02T10:24:35.575+0000] {processor.py:925} INFO - DAG(s) 'finascore_ml_pipeline' retrieved from /opt/airflow/dags/finascore_pipeline_dag.py
[2026-08-02T10:24:35.611+0000] {logging_mixin.py:190} INFO - [2026-08-02T10:24:35.611+0000] {dag.py:3239} INFO - Sync 1 DAGs
[2026-08-02T10:24:35.639+0000] {logging_mixin.py:190} INFO - [2026-08-02T10:24:35.639+0000] {dag.py:4180} INFO - Setting next_dagrun for finascore_ml_pipeline to 2026-07-26 00:00:00+00:00, run_after=2026-08-02 00:00:00+00:00
[2026-08-02T10:24:35.655+0000] {processor.py:208} INFO - Processing /opt/airflow/dags/finascore_pipeline_dag.py took 0.111 seconds
[2026-08-02T10:25:05.735+0000] {processor.py:186} INFO - Started process (PID=581) to work on /opt/airflow/dags/finascore_pipeline_dag.py
[2026-08-02T10:25:05.735+0000] {processor.py:914} INFO - Processing file /opt/airflow/dags/finascore_pipeline_dag.py for tasks to queue
[2026-08-02T10:25:05.736+0000] {logging_mixin.py:190} INFO - [2026-08-02T10:25:05.736+0000] {dagbag.py:588} INFO - Filling up the DagBag from /opt/airflow/dags/finascore_pipeline_dag.py
[2026-08-02T10:25:05.752+0000] {processor.py:925} INFO - DAG(s) 'finascore_ml_pipeline' retrieved from /opt/airflow/dags/finascore_pipeline_dag.py
[2026-08-02T10:25:05.785+0000] {logging_mixin.py:190} INFO - [2026-08-02T10:25:05.785+0000] {dag.py:3239} INFO - Sync 1 DAGs
[2026-08-02T10:25:05.815+0000] {logging_mixin.py:190} INFO - [2026-08-02T10:25:05.814+0000] {dag.py:4180} INFO - Setting next_dagrun for finascore_ml_pipeline to 2026-07-26 00:00:00+00:00, run_after=2026-08-02 00:00:00+00:00
[2026-08-02T10:25:05.835+0000] {processor.py:208} INFO - Processing /opt/airflow/dags/finascore_pipeline_dag.py took 0.109 seconds
[2026-08-02T10:25:35.959+0000] {processor.py:186} INFO - Started process (PID=586) to work on /opt/airflow/dags/finascore_pipeline_dag.py
[2026-08-02T10:25:35.961+0000] {processor.py:914} INFO - Processing file /opt/airflow/dags/finascore_pipeline_dag.py for tasks to queue
[2026-08-02T10:25:35.962+0000] {logging_mixin.py:190} INFO - [2026-08-02T10:25:35.961+0000] {dagbag.py:588} INFO - Filling up the DagBag from /opt/airflow/dags/finascore_pipeline_dag.py
[2026-08-02T10:25:35.983+0000] {processor.py:925} INFO - DAG(s) 'finascore_ml_pipeline' retrieved from /opt/airflow/dags/finascore_pipeline_dag.py
[2026-08-02T10:25:36.019+0000] {logging_mixin.py:190} INFO - [2026-08-02T10:25:36.019+0000] {dag.py:3239} INFO - Sync 1 DAGs
[2026-08-02T10:25:36.046+0000] {logging_mixin.py:190} INFO - [2026-08-02T10:25:36.045+0000] {dag.py:4180} INFO - Setting next_dagrun for finascore_ml_pipeline to 2026-07-26 00:00:00+00:00, run_after=2026-08-02 00:00:00+00:00
[2026-08-02T10:25:36.062+0000] {processor.py:208} INFO - Processing /opt/airflow/dags/finascore_pipeline_dag.py took 0.110 seconds
[2026-08-02T10:26:06.142+0000] {processor.py:186} INFO - Started process (PID=591) to work on /opt/airflow/dags/finascore_pipeline_dag.py
[2026-08-02T10:26:06.143+0000] {processor.py:914} INFO - Processing file /opt/airflow/dags/finascore_pipeline_dag.py for tasks to queue
[2026-08-02T10:26:06.144+0000] {logging_mixin.py:190} INFO - [2026-08-02T10:26:06.144+0000] {dagbag.py:588} INFO - Filling up the DagBag from /opt/airflow/dags/finascore_pipeline_dag.py
[2026-08-02T10:26:06.162+0000] {processor.py:925} INFO - DAG(s) 'finascore_ml_pipeline' retrieved from /opt/airflow/dags/finascore_pipeline_dag.py
[2026-08-02T10:26:06.202+0000] {logging_mixin.py:190} INFO - [2026-08-02T10:26:06.202+0000] {dag.py:3239} INFO - Sync 1 DAGs
[2026-08-02T10:26:06.244+0000] {logging_mixin.py:190} INFO - [2026-08-02T10:26:06.244+0000] {dag.py:4180} INFO - Setting next_dagrun for finascore_ml_pipeline to 2026-07-26 00:00:00+00:00, run_after=2026-08-02 00:00:00+00:00
[2026-08-02T10:26:06.265+0000] {processor.py:208} INFO - Processing /opt/airflow/dags/finascore_pipeline_dag.py took 0.129 seconds
[2026-08-02T10:26:36.381+0000] {processor.py:186} INFO - Started process (PID=596) to work on /opt/airflow/dags/finascore_pipeline_dag.py
[2026-08-02T10:26:36.382+0000] {processor.py:914} INFO - Processing file /opt/airflow/dags/finascore_pipeline_dag.py for tasks to queue
[2026-08-02T10:26:36.384+0000] {logging_mixin.py:190} INFO - [2026-08-02T10:26:36.384+0000] {dagbag.py:588} INFO - Filling up the DagBag from /opt/airflow/dags/finascore_pipeline_dag.py
[2026-08-02T10:26:36.406+0000] {processor.py:925} INFO - DAG(s) 'finascore_ml_pipeline' retrieved from /opt/airflow/dags/finascore_pipeline_dag.py
[2026-08-02T10:26:36.443+0000] {logging_mixin.py:190} INFO - [2026-08-02T10:26:36.442+0000] {dag.py:3239} INFO - Sync 1 DAGs
[2026-08-02T10:26:36.470+0000] {logging_mixin.py:190} INFO - [2026-08-02T10:26:36.470+0000] {dag.py:4180} INFO - Setting next_dagrun for finascore_ml_pipeline to 2026-07-26 00:00:00+00:00, run_after=2026-08-02 00:00:00+00:00
[2026-08-02T10:26:36.487+0000] {processor.py:208} INFO - Processing /opt/airflow/dags/finascore_pipeline_dag.py took 0.113 seconds
[2026-08-02T10:27:06.566+0000] {processor.py:186} INFO - Started process (PID=601) to work on /opt/airflow/dags/finascore_pipeline_dag.py
[2026-08-02T10:27:06.567+0000] {processor.py:914} INFO - Processing file /opt/airflow/dags/finascore_pipeline_dag.py for tasks to queue
[2026-08-02T10:27:06.568+0000] {logging_mixin.py:190} INFO - [2026-08-02T10:27:06.567+0000] {dagbag.py:588} INFO - Filling up the DagBag from /opt/airflow/dags/finascore_pipeline_dag.py
[2026-08-02T10:27:06.582+0000] {processor.py:925} INFO - DAG(s) 'finascore_ml_pipeline' retrieved from /opt/airflow/dags/finascore_pipeline_dag.py
[2026-08-02T10:27:06.617+0000] {logging_mixin.py:190} INFO - [2026-08-02T10:27:06.617+0000] {dag.py:3239} INFO - Sync 1 DAGs
[2026-08-02T10:27:06.646+0000] {logging_mixin.py:190} INFO - [2026-08-02T10:27:06.646+0000] {dag.py:4180} INFO - Setting next_dagrun for finascore_ml_pipeline to 2026-07-26 00:00:00+00:00, run_after=2026-08-02 00:00:00+00:00
[2026-08-02T10:27:06.664+0000] {processor.py:208} INFO - Processing /opt/airflow/dags/finascore_pipeline_dag.py took 0.105 seconds
[2026-08-02T10:27:36.783+0000] {processor.py:186} INFO - Started process (PID=606) to work on /opt/airflow/dags/finascore_pipeline_dag.py
[2026-08-02T10:27:36.785+0000] {processor.py:914} INFO - Processing file /opt/airflow/dags/finascore_pipeline_dag.py for tasks to queue
[2026-08-02T10:27:36.786+0000] {logging_mixin.py:190} INFO - [2026-08-02T10:27:36.786+0000] {dagbag.py:588} INFO - Filling up the DagBag from /opt/airflow/dags/finascore_pipeline_dag.py
[2026-08-02T10:27:36.805+0000] {processor.py:925} INFO - DAG(s) 'finascore_ml_pipeline' retrieved from /opt/airflow/dags/finascore_pipeline_dag.py
[2026-08-02T10:27:36.840+0000] {logging_mixin.py:190} INFO - [2026-08-02T10:27:36.840+0000] {dag.py:3239} INFO - Sync 1 DAGs
[2026-08-02T10:27:36.867+0000] {logging_mixin.py:190} INFO - [2026-08-02T10:27:36.867+0000] {dag.py:4180} INFO - Setting next_dagrun for finascore_ml_pipeline to 2026-07-26 00:00:00+00:00, run_after=2026-08-02 00:00:00+00:00
[2026-08-02T10:27:36.884+0000] {processor.py:208} INFO - Processing /opt/airflow/dags/finascore_pipeline_dag.py took 0.109 seconds
[2026-08-02T10:28:06.977+0000] {processor.py:186} INFO - Started process (PID=611) to work on /opt/airflow/dags/finascore_pipeline_dag.py
[2026-08-02T10:28:06.978+0000] {processor.py:914} INFO - Processing file /opt/airflow/dags/finascore_pipeline_dag.py for tasks to queue
[2026-08-02T10:28:06.979+0000] {logging_mixin.py:190} INFO - [2026-08-02T10:28:06.978+0000] {dagbag.py:588} INFO - Filling up the DagBag from /opt/airflow/dags/finascore_pipeline_dag.py
[2026-08-02T10:28:06.996+0000] {processor.py:925} INFO - DAG(s) 'finascore_ml_pipeline' retrieved from /opt/airflow/dags/finascore_pipeline_dag.py
[2026-08-02T10:28:07.040+0000] {logging_mixin.py:190} INFO - [2026-08-02T10:28:07.039+0000] {dag.py:3239} INFO - Sync 1 DAGs
[2026-08-02T10:28:07.066+0000] {logging_mixin.py:190} INFO - [2026-08-02T10:28:07.066+0000] {dag.py:4180} INFO - Setting next_dagrun for finascore_ml_pipeline to 2026-07-26 00:00:00+00:00, run_after=2026-08-02 00:00:00+00:00
[2026-08-02T10:28:07.084+0000] {processor.py:208} INFO - Processing /opt/airflow/dags/finascore_pipeline_dag.py took 0.114 seconds
[2026-08-02T10:28:37.197+0000] {processor.py:186} INFO - Started process (PID=616) to work on /opt/airflow/dags/finascore_pipeline_dag.py
[2026-08-02T10:28:37.199+0000] {processor.py:914} INFO - Processing file /opt/airflow/dags/finascore_pipeline_dag.py for tasks to queue
[2026-08-02T10:28:37.200+0000] {logging_mixin.py:190} INFO - [2026-08-02T10:28:37.200+0000] {dagbag.py:588} INFO - Filling up the DagBag from /opt/airflow/dags/finascore_pipeline_dag.py
[2026-08-02T10:28:37.215+0000] {processor.py:925} INFO - DAG(s) 'finascore_ml_pipeline' retrieved from /opt/airflow/dags/finascore_pipeline_dag.py
[2026-08-02T10:28:37.253+0000] {logging_mixin.py:190} INFO - [2026-08-02T10:28:37.253+0000] {dag.py:3239} INFO - Sync 1 DAGs
[2026-08-02T10:28:37.278+0000] {logging_mixin.py:190} INFO - [2026-08-02T10:28:37.278+0000] {dag.py:4180} INFO - Setting next_dagrun for finascore_ml_pipeline to 2026-07-26 00:00:00+00:00, run_after=2026-08-02 00:00:00+00:00
[2026-08-02T10:28:37.298+0000] {processor.py:208} INFO - Processing /opt/airflow/dags/finascore_pipeline_dag.py took 0.108 seconds
[2026-08-02T10:29:07.404+0000] {processor.py:186} INFO - Started process (PID=621) to work on /opt/airflow/dags/finascore_pipeline_dag.py
[2026-08-02T10:29:07.405+0000] {processor.py:914} INFO - Processing file /opt/airflow/dags/finascore_pipeline_dag.py for tasks to queue
[2026-08-02T10:29:07.406+0000] {logging_mixin.py:190} INFO - [2026-08-02T10:29:07.406+0000] {dagbag.py:588} INFO - Filling up the DagBag from /opt/airflow/dags/finascore_pipeline_dag.py
[2026-08-02T10:29:07.424+0000] {processor.py:925} INFO - DAG(s) 'finascore_ml_pipeline' retrieved from /opt/airflow/dags/finascore_pipeline_dag.py
[2026-08-02T10:29:07.461+0000] {logging_mixin.py:190} INFO - [2026-08-02T10:29:07.461+0000] {dag.py:3239} INFO - Sync 1 DAGs
[2026-08-02T10:29:07.489+0000] {logging_mixin.py:190} INFO - [2026-08-02T10:29:07.489+0000] {dag.py:4180} INFO - Setting next_dagrun for finascore_ml_pipeline to 2026-07-26 00:00:00+00:00, run_after=2026-08-02 00:00:00+00:00
[2026-08-02T10:29:07.505+0000] {processor.py:208} INFO - Processing /opt/airflow/dags/finascore_pipeline_dag.py took 0.108 seconds
[2026-08-02T10:29:37.582+0000] {processor.py:186} INFO - Started process (PID=626) to work on /opt/airflow/dags/finascore_pipeline_dag.py
[2026-08-02T10:29:37.583+0000] {processor.py:914} INFO - Processing file /opt/airflow/dags/finascore_pipeline_dag.py for tasks to queue
[2026-08-02T10:29:37.584+0000] {logging_mixin.py:190} INFO - [2026-08-02T10:29:37.584+0000] {dagbag.py:588} INFO - Filling up the DagBag from /opt/airflow/dags/finascore_pipeline_dag.py
[2026-08-02T10:29:37.604+0000] {processor.py:925} INFO - DAG(s) 'finascore_ml_pipeline' retrieved from /opt/airflow/dags/finascore_pipeline_dag.py
[2026-08-02T10:29:37.650+0000] {logging_mixin.py:190} INFO - [2026-08-02T10:29:37.650+0000] {dag.py:3239} INFO - Sync 1 DAGs
[2026-08-02T10:29:37.688+0000] {logging_mixin.py:190} INFO - [2026-08-02T10:29:37.688+0000] {dag.py:4180} INFO - Setting next_dagrun for finascore_ml_pipeline to 2026-07-26 00:00:00+00:00, run_after=2026-08-02 00:00:00+00:00
[2026-08-02T10:29:37.707+0000] {processor.py:208} INFO - Processing /opt/airflow/dags/finascore_pipeline_dag.py took 0.132 seconds
[2026-08-02T10:30:07.792+0000] {processor.py:186} INFO - Started process (PID=631) to work on /opt/airflow/dags/finascore_pipeline_dag.py
[2026-08-02T10:30:07.795+0000] {processor.py:914} INFO - Processing file /opt/airflow/dags/finascore_pipeline_dag.py for tasks to queue
[2026-08-02T10:30:07.798+0000] {logging_mixin.py:190} INFO - [2026-08-02T10:30:07.798+0000] {dagbag.py:588} INFO - Filling up the DagBag from /opt/airflow/dags/finascore_pipeline_dag.py
[2026-08-02T10:30:07.814+0000] {processor.py:925} INFO - DAG(s) 'finascore_ml_pipeline' retrieved from /opt/airflow/dags/finascore_pipeline_dag.py
[2026-08-02T10:30:07.853+0000] {logging_mixin.py:190} INFO - [2026-08-02T10:30:07.853+0000] {dag.py:3239} INFO - Sync 1 DAGs
[2026-08-02T10:30:07.881+0000] {logging_mixin.py:190} INFO - [2026-08-02T10:30:07.880+0000] {dag.py:4180} INFO - Setting next_dagrun for finascore_ml_pipeline to 2026-07-26 00:00:00+00:00, run_after=2026-08-02 00:00:00+00:00
[2026-08-02T10:30:07.902+0000] {processor.py:208} INFO - Processing /opt/airflow/dags/finascore_pipeline_dag.py took 0.117 seconds
[2026-08-02T10:30:38.008+0000] {processor.py:186} INFO - Started process (PID=636) to work on /opt/airflow/dags/finascore_pipeline_dag.py
[2026-08-02T10:30:38.008+0000] {processor.py:914} INFO - Processing file /opt/airflow/dags/finascore_pipeline_dag.py for tasks to queue
[2026-08-02T10:30:38.010+0000] {logging_mixin.py:190} INFO - [2026-08-02T10:30:38.010+0000] {dagbag.py:588} INFO - Filling up the DagBag from /opt/airflow/dags/finascore_pipeline_dag.py
[2026-08-02T10:30:38.030+0000] {processor.py:925} INFO - DAG(s) 'finascore_ml_pipeline' retrieved from /opt/airflow/dags/finascore_pipeline_dag.py
[2026-08-02T10:30:38.067+0000] {logging_mixin.py:190} INFO - [2026-08-02T10:30:38.067+0000] {dag.py:3239} INFO - Sync 1 DAGs
[2026-08-02T10:30:38.094+0000] {logging_mixin.py:190} INFO - [2026-08-02T10:30:38.094+0000] {dag.py:4180} INFO - Setting next_dagrun for finascore_ml_pipeline to 2026-07-26 00:00:00+00:00, run_after=2026-08-02 00:00:00+00:00
[2026-08-02T10:30:38.113+0000] {processor.py:208} INFO - Processing /opt/airflow/dags/finascore_pipeline_dag.py took 0.112 seconds
[2026-08-02T10:31:08.177+0000] {processor.py:186} INFO - Started process (PID=641) to work on /opt/airflow/dags/finascore_pipeline_dag.py
[2026-08-02T10:31:08.179+0000] {processor.py:914} INFO - Processing file /opt/airflow/dags/finascore_pipeline_dag.py for tasks to queue
[2026-08-02T10:31:08.180+0000] {logging_mixin.py:190} INFO - [2026-08-02T10:31:08.180+0000] {dagbag.py:588} INFO - Filling up the DagBag from /opt/airflow/dags/finascore_pipeline_dag.py
[2026-08-02T10:31:08.197+0000] {processor.py:925} INFO - DAG(s) 'finascore_ml_pipeline' retrieved from /opt/airflow/dags/finascore_pipeline_dag.py
[2026-08-02T10:31:08.238+0000] {logging_mixin.py:190} INFO - [2026-08-02T10:31:08.237+0000] {dag.py:3239} INFO - Sync 1 DAGs
[2026-08-02T10:31:08.267+0000] {logging_mixin.py:190} INFO - [2026-08-02T10:31:08.266+0000] {dag.py:4180} INFO - Setting next_dagrun for finascore_ml_pipeline to 2026-07-26 00:00:00+00:00, run_after=2026-08-02 00:00:00+00:00
[2026-08-02T10:31:08.304+0000] {processor.py:208} INFO - Processing /opt/airflow/dags/finascore_pipeline_dag.py took 0.134 seconds
[2026-08-02T10:31:38.408+0000] {processor.py:186} INFO - Started process (PID=646) to work on /opt/airflow/dags/finascore_pipeline_dag.py
[2026-08-02T10:31:38.408+0000] {processor.py:914} INFO - Processing file /opt/airflow/dags/finascore_pipeline_dag.py for tasks to queue
[2026-08-02T10:31:38.409+0000] {logging_mixin.py:190} INFO - [2026-08-02T10:31:38.409+0000] {dagbag.py:588} INFO - Filling up the DagBag from /opt/airflow/dags/finascore_pipeline_dag.py
[2026-08-02T10:31:38.427+0000] {processor.py:925} INFO - DAG(s) 'finascore_ml_pipeline' retrieved from /opt/airflow/dags/finascore_pipeline_dag.py
[2026-08-02T10:31:38.464+0000] {logging_mixin.py:190} INFO - [2026-08-02T10:31:38.464+0000] {dag.py:3239} INFO - Sync 1 DAGs
[2026-08-02T10:31:38.494+0000] {logging_mixin.py:190} INFO - [2026-08-02T10:31:38.494+0000] {dag.py:4180} INFO - Setting next_dagrun for finascore_ml_pipeline to 2026-07-26 00:00:00+00:00, run_after=2026-08-02 00:00:00+00:00
[2026-08-02T10:31:38.511+0000] {processor.py:208} INFO - Processing /opt/airflow/dags/finascore_pipeline_dag.py took 0.110 seconds
[2026-08-02T10:32:08.605+0000] {processor.py:186} INFO - Started process (PID=651) to work on /opt/airflow/dags/finascore_pipeline_dag.py
[2026-08-02T10:32:08.607+0000] {processor.py:914} INFO - Processing file /opt/airflow/dags/finascore_pipeline_dag.py for tasks to queue
[2026-08-02T10:32:08.608+0000] {logging_mixin.py:190} INFO - [2026-08-02T10:32:08.608+0000] {dagbag.py:588} INFO - Filling up the DagBag from /opt/airflow/dags/finascore_pipeline_dag.py
[2026-08-02T10:32:08.626+0000] {processor.py:925} INFO - DAG(s) 'finascore_ml_pipeline' retrieved from /opt/airflow/dags/finascore_pipeline_dag.py
[2026-08-02T10:32:08.663+0000] {logging_mixin.py:190} INFO - [2026-08-02T10:32:08.663+0000] {dag.py:3239} INFO - Sync 1 DAGs
[2026-08-02T10:32:08.686+0000] {logging_mixin.py:190} INFO - [2026-08-02T10:32:08.686+0000] {dag.py:4180} INFO - Setting next_dagrun for finascore_ml_pipeline to 2026-07-26 00:00:00+00:00, run_after=2026-08-02 00:00:00+00:00
[2026-08-02T10:32:08.705+0000] {processor.py:208} INFO - Processing /opt/airflow/dags/finascore_pipeline_dag.py took 0.107 seconds
[2026-08-02T10:32:38.805+0000] {processor.py:186} INFO - Started process (PID=656) to work on /opt/airflow/dags/finascore_pipeline_dag.py
[2026-08-02T10:32:38.806+0000] {processor.py:914} INFO - Processing file /opt/airflow/dags/finascore_pipeline_dag.py for tasks to queue
[2026-08-02T10:32:38.807+0000] {logging_mixin.py:190} INFO - [2026-08-02T10:32:38.807+0000] {dagbag.py:588} INFO - Filling up the DagBag from /opt/airflow/dags/finascore_pipeline_dag.py
[2026-08-02T10:32:38.825+0000] {processor.py:925} INFO - DAG(s) 'finascore_ml_pipeline' retrieved from /opt/airflow/dags/finascore_pipeline_dag.py
[2026-08-02T10:32:38.862+0000] {logging_mixin.py:190} INFO - [2026-08-02T10:32:38.862+0000] {dag.py:3239} INFO - Sync 1 DAGs
[2026-08-02T10:32:38.888+0000] {logging_mixin.py:190} INFO - [2026-08-02T10:32:38.888+0000] {dag.py:4180} INFO - Setting next_dagrun for finascore_ml_pipeline to 2026-07-26 00:00:00+00:00, run_after=2026-08-02 00:00:00+00:00
[2026-08-02T10:32:38.906+0000] {processor.py:208} INFO - Processing /opt/airflow/dags/finascore_pipeline_dag.py took 0.107 seconds
[2026-08-02T10:33:09.016+0000] {processor.py:186} INFO - Started process (PID=661) to work on /opt/airflow/dags/finascore_pipeline_dag.py
[2026-08-02T10:33:09.017+0000] {processor.py:914} INFO - Processing file /opt/airflow/dags/finascore_pipeline_dag.py for tasks to queue
[2026-08-02T10:33:09.018+0000] {logging_mixin.py:190} INFO - [2026-08-02T10:33:09.018+0000] {dagbag.py:588} INFO - Filling up the DagBag from /opt/airflow/dags/finascore_pipeline_dag.py
[2026-08-02T10:33:09.033+0000] {processor.py:925} INFO - DAG(s) 'finascore_ml_pipeline' retrieved from /opt/airflow/dags/finascore_pipeline_dag.py
[2026-08-02T10:33:09.069+0000] {logging_mixin.py:190} INFO - [2026-08-02T10:33:09.069+0000] {dag.py:3239} INFO - Sync 1 DAGs
[2026-08-02T10:33:09.096+0000] {logging_mixin.py:190} INFO - [2026-08-02T10:33:09.096+0000] {dag.py:4180} INFO - Setting next_dagrun for finascore_ml_pipeline to 2026-07-26 00:00:00+00:00, run_after=2026-08-02 00:00:00+00:00
[2026-08-02T10:33:09.115+0000] {processor.py:208} INFO - Processing /opt/airflow/dags/finascore_pipeline_dag.py took 0.108 seconds
[2026-08-02T10:33:39.203+0000] {processor.py:186} INFO - Started process (PID=666) to work on /opt/airflow/dags/finascore_pipeline_dag.py
[2026-08-02T10:33:39.203+0000] {processor.py:914} INFO - Processing file /opt/airflow/dags/finascore_pipeline_dag.py for tasks to queue
[2026-08-02T10:33:39.205+0000] {logging_mixin.py:190} INFO - [2026-08-02T10:33:39.205+0000] {dagbag.py:588} INFO - Filling up the DagBag from /opt/airflow/dags/finascore_pipeline_dag.py
[2026-08-02T10:33:39.223+0000] {processor.py:925} INFO - DAG(s) 'finascore_ml_pipeline' retrieved from /opt/airflow/dags/finascore_pipeline_dag.py
[2026-08-02T10:33:39.260+0000] {logging_mixin.py:190} INFO - [2026-08-02T10:33:39.260+0000] {dag.py:3239} INFO - Sync 1 DAGs
[2026-08-02T10:33:39.286+0000] {logging_mixin.py:190} INFO - [2026-08-02T10:33:39.286+0000] {dag.py:4180} INFO - Setting next_dagrun for finascore_ml_pipeline to 2026-07-26 00:00:00+00:00, run_after=2026-08-02 00:00:00+00:00
[2026-08-02T10:33:39.302+0000] {processor.py:208} INFO - Processing /opt/airflow/dags/finascore_pipeline_dag.py took 0.106 seconds
[2026-08-02T10:34:09.420+0000] {processor.py:186} INFO - Started process (PID=671) to work on /opt/airflow/dags/finascore_pipeline_dag.py
[2026-08-02T10:34:09.422+0000] {processor.py:914} INFO - Processing file /opt/airflow/dags/finascore_pipeline_dag.py for tasks to queue
[2026-08-02T10:34:09.425+0000] {logging_mixin.py:190} INFO - [2026-08-02T10:34:09.424+0000] {dagbag.py:588} INFO - Filling up the DagBag from /opt/airflow/dags/finascore_pipeline_dag.py
[2026-08-02T10:34:09.441+0000] {processor.py:925} INFO - DAG(s) 'finascore_ml_pipeline' retrieved from /opt/airflow/dags/finascore_pipeline_dag.py
[2026-08-02T10:34:09.475+0000] {logging_mixin.py:190} INFO - [2026-08-02T10:34:09.475+0000] {dag.py:3239} INFO - Sync 1 DAGs
[2026-08-02T10:34:09.501+0000] {logging_mixin.py:190} INFO - [2026-08-02T10:34:09.501+0000] {dag.py:4180} INFO - Setting next_dagrun for finascore_ml_pipeline to 2026-07-26 00:00:00+00:00, run_after=2026-08-02 00:00:00+00:00
[2026-08-02T10:34:09.519+0000] {processor.py:208} INFO - Processing /opt/airflow/dags/finascore_pipeline_dag.py took 0.106 seconds
[2026-08-02T10:34:39.598+0000] {processor.py:186} INFO - Started process (PID=676) to work on /opt/airflow/dags/finascore_pipeline_dag.py
[2026-08-02T10:34:39.599+0000] {processor.py:914} INFO - Processing file /opt/airflow/dags/finascore_pipeline_dag.py for tasks to queue
[2026-08-02T10:34:39.600+0000] {logging_mixin.py:190} INFO - [2026-08-02T10:34:39.600+0000] {dagbag.py:588} INFO - Filling up the DagBag from /opt/airflow/dags/finascore_pipeline_dag.py
[2026-08-02T10:34:39.618+0000] {processor.py:925} INFO - DAG(s) 'finascore_ml_pipeline' retrieved from /opt/airflow/dags/finascore_pipeline_dag.py
[2026-08-02T10:34:39.655+0000] {logging_mixin.py:190} INFO - [2026-08-02T10:34:39.655+0000] {dag.py:3239} INFO - Sync 1 DAGs
[2026-08-02T10:34:39.683+0000] {logging_mixin.py:190} INFO - [2026-08-02T10:34:39.683+0000] {dag.py:4180} INFO - Setting next_dagrun for finascore_ml_pipeline to 2026-07-26 00:00:00+00:00, run_after=2026-08-02 00:00:00+00:00
[2026-08-02T10:34:39.700+0000] {processor.py:208} INFO - Processing /opt/airflow/dags/finascore_pipeline_dag.py took 0.108 seconds
[2026-08-02T10:35:09.833+0000] {processor.py:186} INFO - Started process (PID=681) to work on /opt/airflow/dags/finascore_pipeline_dag.py
[2026-08-02T10:35:09.834+0000] {processor.py:914} INFO - Processing file /opt/airflow/dags/finascore_pipeline_dag.py for tasks to queue
[2026-08-02T10:35:09.835+0000] {logging_mixin.py:190} INFO - [2026-08-02T10:35:09.835+0000] {dagbag.py:588} INFO - Filling up the DagBag from /opt/airflow/dags/finascore_pipeline_dag.py
[2026-08-02T10:35:09.851+0000] {processor.py:925} INFO - DAG(s) 'finascore_ml_pipeline' retrieved from /opt/airflow/dags/finascore_pipeline_dag.py
[2026-08-02T10:35:09.885+0000] {logging_mixin.py:190} INFO - [2026-08-02T10:35:09.885+0000] {dag.py:3239} INFO - Sync 1 DAGs
[2026-08-02T10:35:09.911+0000] {logging_mixin.py:190} INFO - [2026-08-02T10:35:09.911+0000] {dag.py:4180} INFO - Setting next_dagrun for finascore_ml_pipeline to 2026-07-26 00:00:00+00:00, run_after=2026-08-02 00:00:00+00:00
[2026-08-02T10:35:09.930+0000] {processor.py:208} INFO - Processing /opt/airflow/dags/finascore_pipeline_dag.py took 0.106 seconds
[2026-08-02T10:35:40.002+0000] {processor.py:186} INFO - Started process (PID=686) to work on /opt/airflow/dags/finascore_pipeline_dag.py
[2026-08-02T10:35:40.002+0000] {processor.py:914} INFO - Processing file /opt/airflow/dags/finascore_pipeline_dag.py for tasks to queue
[2026-08-02T10:35:40.004+0000] {logging_mixin.py:190} INFO - [2026-08-02T10:35:40.003+0000] {dagbag.py:588} INFO - Filling up the DagBag from /opt/airflow/dags/finascore_pipeline_dag.py
[2026-08-02T10:35:40.018+0000] {processor.py:925} INFO - DAG(s) 'finascore_ml_pipeline' retrieved from /opt/airflow/dags/finascore_pipeline_dag.py
[2026-08-02T10:35:40.053+0000] {logging_mixin.py:190} INFO - [2026-08-02T10:35:40.052+0000] {dag.py:3239} INFO - Sync 1 DAGs
[2026-08-02T10:35:40.079+0000] {logging_mixin.py:190} INFO - [2026-08-02T10:35:40.079+0000] {dag.py:4180} INFO - Setting next_dagrun for finascore_ml_pipeline to 2026-07-26 00:00:00+00:00, run_after=2026-08-02 00:00:00+00:00
[2026-08-02T10:35:40.098+0000] {processor.py:208} INFO - Processing /opt/airflow/dags/finascore_pipeline_dag.py took 0.109 seconds
[2026-08-02T10:36:10.240+0000] {processor.py:186} INFO - Started process (PID=691) to work on /opt/airflow/dags/finascore_pipeline_dag.py
[2026-08-02T10:36:10.242+0000] {processor.py:914} INFO - Processing file /opt/airflow/dags/finascore_pipeline_dag.py for tasks to queue
[2026-08-02T10:36:10.243+0000] {logging_mixin.py:190} INFO - [2026-08-02T10:36:10.243+0000] {dagbag.py:588} INFO - Filling up the DagBag from /opt/airflow/dags/finascore_pipeline_dag.py
[2026-08-02T10:36:10.260+0000] {processor.py:925} INFO - DAG(s) 'finascore_ml_pipeline' retrieved from /opt/airflow/dags/finascore_pipeline_dag.py
[2026-08-02T10:36:10.297+0000] {logging_mixin.py:190} INFO - [2026-08-02T10:36:10.297+0000] {dag.py:3239} INFO - Sync 1 DAGs
[2026-08-02T10:36:10.344+0000] {logging_mixin.py:190} INFO - [2026-08-02T10:36:10.344+0000] {dag.py:4180} INFO - Setting next_dagrun for finascore_ml_pipeline to 2026-07-26 00:00:00+00:00, run_after=2026-08-02 00:00:00+00:00
[2026-08-02T10:36:10.364+0000] {processor.py:208} INFO - Processing /opt/airflow/dags/finascore_pipeline_dag.py took 0.133 seconds
[2026-08-02T10:36:40.423+0000] {processor.py:186} INFO - Started process (PID=696) to work on /opt/airflow/dags/finascore_pipeline_dag.py
[2026-08-02T10:36:40.424+0000] {processor.py:914} INFO - Processing file /opt/airflow/dags/finascore_pipeline_dag.py for tasks to queue
[2026-08-02T10:36:40.425+0000] {logging_mixin.py:190} INFO - [2026-08-02T10:36:40.425+0000] {dagbag.py:588} INFO - Filling up the DagBag from /opt/airflow/dags/finascore_pipeline_dag.py
[2026-08-02T10:36:40.440+0000] {processor.py:925} INFO - DAG(s) 'finascore_ml_pipeline' retrieved from /opt/airflow/dags/finascore_pipeline_dag.py
[2026-08-02T10:36:40.477+0000] {logging_mixin.py:190} INFO - [2026-08-02T10:36:40.477+0000] {dag.py:3239} INFO - Sync 1 DAGs
[2026-08-02T10:36:40.504+0000] {logging_mixin.py:190} INFO - [2026-08-02T10:36:40.504+0000] {dag.py:4180} INFO - Setting next_dagrun for finascore_ml_pipeline to 2026-07-26 00:00:00+00:00, run_after=2026-08-02 00:00:00+00:00
[2026-08-02T10:36:40.524+0000] {processor.py:208} INFO - Processing /opt/airflow/dags/finascore_pipeline_dag.py took 0.110 seconds
[2026-08-02T10:37:10.649+0000] {processor.py:186} INFO - Started process (PID=701) to work on /opt/airflow/dags/finascore_pipeline_dag.py
[2026-08-02T10:37:10.651+0000] {processor.py:914} INFO - Processing file /opt/airflow/dags/finascore_pipeline_dag.py for tasks to queue
[2026-08-02T10:37:10.652+0000] {logging_mixin.py:190} INFO - [2026-08-02T10:37:10.652+0000] {dagbag.py:588} INFO - Filling up the DagBag from /opt/airflow/dags/finascore_pipeline_dag.py
[2026-08-02T10:37:10.673+0000] {processor.py:925} INFO - DAG(s) 'finascore_ml_pipeline' retrieved from /opt/airflow/dags/finascore_pipeline_dag.py
[2026-08-02T10:37:10.709+0000] {logging_mixin.py:190} INFO - [2026-08-02T10:37:10.708+0000] {dag.py:3239} INFO - Sync 1 DAGs
[2026-08-02T10:37:10.736+0000] {logging_mixin.py:190} INFO - [2026-08-02T10:37:10.736+0000] {dag.py:4180} INFO - Setting next_dagrun for finascore_ml_pipeline to 2026-07-26 00:00:00+00:00, run_after=2026-08-02 00:00:00+00:00
[2026-08-02T10:37:10.752+0000] {processor.py:208} INFO - Processing /opt/airflow/dags/finascore_pipeline_dag.py took 0.110 seconds
[2026-08-02T10:37:40.830+0000] {processor.py:186} INFO - Started process (PID=706) to work on /opt/airflow/dags/finascore_pipeline_dag.py
[2026-08-02T10:37:40.831+0000] {processor.py:914} INFO - Processing file /opt/airflow/dags/finascore_pipeline_dag.py for tasks to queue
[2026-08-02T10:37:40.833+0000] {logging_mixin.py:190} INFO - [2026-08-02T10:37:40.833+0000] {dagbag.py:588} INFO - Filling up the DagBag from /opt/airflow/dags/finascore_pipeline_dag.py
[2026-08-02T10:37:40.851+0000] {processor.py:925} INFO - DAG(s) 'finascore_ml_pipeline' retrieved from /opt/airflow/dags/finascore_pipeline_dag.py
[2026-08-02T10:37:40.887+0000] {logging_mixin.py:190} INFO - [2026-08-02T10:37:40.887+0000] {dag.py:3239} INFO - Sync 1 DAGs
[2026-08-02T10:37:40.916+0000] {logging_mixin.py:190} INFO - [2026-08-02T10:37:40.915+0000] {dag.py:4180} INFO - Setting next_dagrun for finascore_ml_pipeline to 2026-07-26 00:00:00+00:00, run_after=2026-08-02 00:00:00+00:00
[2026-08-02T10:37:40.934+0000] {processor.py:208} INFO - Processing /opt/airflow/dags/finascore_pipeline_dag.py took 0.111 seconds
[2026-08-02T10:38:11.069+0000] {processor.py:186} INFO - Started process (PID=711) to work on /opt/airflow/dags/finascore_pipeline_dag.py
[2026-08-02T10:38:11.071+0000] {processor.py:914} INFO - Processing file /opt/airflow/dags/finascore_pipeline_dag.py for tasks to queue
[2026-08-02T10:38:11.072+0000] {logging_mixin.py:190} INFO - [2026-08-02T10:38:11.072+0000] {dagbag.py:588} INFO - Filling up the DagBag from /opt/airflow/dags/finascore_pipeline_dag.py
[2026-08-02T10:38:11.087+0000] {processor.py:925} INFO - DAG(s) 'finascore_ml_pipeline' retrieved from /opt/airflow/dags/finascore_pipeline_dag.py
[2026-08-02T10:38:11.122+0000] {logging_mixin.py:190} INFO - [2026-08-02T10:38:11.122+0000] {dag.py:3239} INFO - Sync 1 DAGs
[2026-08-02T10:38:11.148+0000] {logging_mixin.py:190} INFO - [2026-08-02T10:38:11.148+0000] {dag.py:4180} INFO - Setting next_dagrun for finascore_ml_pipeline to 2026-07-26 00:00:00+00:00, run_after=2026-08-02 00:00:00+00:00
[2026-08-02T10:38:11.169+0000] {processor.py:208} INFO - Processing /opt/airflow/dags/finascore_pipeline_dag.py took 0.110 seconds
[2026-08-02T10:38:41.235+0000] {processor.py:186} INFO - Started process (PID=716) to work on /opt/airflow/dags/finascore_pipeline_dag.py
[2026-08-02T10:38:41.236+0000] {processor.py:914} INFO - Processing file /opt/airflow/dags/finascore_pipeline_dag.py for tasks to queue
[2026-08-02T10:38:41.237+0000] {logging_mixin.py:190} INFO - [2026-08-02T10:38:41.236+0000] {dagbag.py:588} INFO - Filling up the DagBag from /opt/airflow/dags/finascore_pipeline_dag.py
[2026-08-02T10:38:41.256+0000] {processor.py:925} INFO - DAG(s) 'finascore_ml_pipeline' retrieved from /opt/airflow/dags/finascore_pipeline_dag.py
[2026-08-02T10:38:41.294+0000] {logging_mixin.py:190} INFO - [2026-08-02T10:38:41.294+0000] {dag.py:3239} INFO - Sync 1 DAGs
[2026-08-02T10:38:41.322+0000] {logging_mixin.py:190} INFO - [2026-08-02T10:38:41.322+0000] {dag.py:4180} INFO - Setting next_dagrun for finascore_ml_pipeline to 2026-07-26 00:00:00+00:00, run_after=2026-08-02 00:00:00+00:00
[2026-08-02T10:38:41.341+0000] {processor.py:208} INFO - Processing /opt/airflow/dags/finascore_pipeline_dag.py took 0.112 seconds
[2026-08-02T10:39:11.459+0000] {processor.py:186} INFO - Started process (PID=721) to work on /opt/airflow/dags/finascore_pipeline_dag.py
[2026-08-02T10:39:11.461+0000] {processor.py:914} INFO - Processing file /opt/airflow/dags/finascore_pipeline_dag.py for tasks to queue
[2026-08-02T10:39:11.462+0000] {logging_mixin.py:190} INFO - [2026-08-02T10:39:11.462+0000] {dagbag.py:588} INFO - Filling up the DagBag from /opt/airflow/dags/finascore_pipeline_dag.py
[2026-08-02T10:39:11.478+0000] {processor.py:925} INFO - DAG(s) 'finascore_ml_pipeline' retrieved from /opt/airflow/dags/finascore_pipeline_dag.py
[2026-08-02T10:39:11.516+0000] {logging_mixin.py:190} INFO - [2026-08-02T10:39:11.516+0000] {dag.py:3239} INFO - Sync 1 DAGs
[2026-08-02T10:39:11.540+0000] {logging_mixin.py:190} INFO - [2026-08-02T10:39:11.540+0000] {dag.py:4180} INFO - Setting next_dagrun for finascore_ml_pipeline to 2026-07-26 00:00:00+00:00, run_after=2026-08-02 00:00:00+00:00
[2026-08-02T10:39:11.559+0000] {processor.py:208} INFO - Processing /opt/airflow/dags/finascore_pipeline_dag.py took 0.107 seconds
[2026-08-02T10:39:41.637+0000] {processor.py:186} INFO - Started process (PID=726) to work on /opt/airflow/dags/finascore_pipeline_dag.py
[2026-08-02T10:39:41.638+0000] {processor.py:914} INFO - Processing file /opt/airflow/dags/finascore_pipeline_dag.py for tasks to queue
[2026-08-02T10:39:41.639+0000] {logging_mixin.py:190} INFO - [2026-08-02T10:39:41.639+0000] {dagbag.py:588} INFO - Filling up the DagBag from /opt/airflow/dags/finascore_pipeline_dag.py
[2026-08-02T10:39:41.657+0000] {processor.py:925} INFO - DAG(s) 'finascore_ml_pipeline' retrieved from /opt/airflow/dags/finascore_pipeline_dag.py
[2026-08-02T10:39:41.694+0000] {logging_mixin.py:190} INFO - [2026-08-02T10:39:41.694+0000] {dag.py:3239} INFO - Sync 1 DAGs
[2026-08-02T10:39:41.721+0000] {logging_mixin.py:190} INFO - [2026-08-02T10:39:41.721+0000] {dag.py:4180} INFO - Setting next_dagrun for finascore_ml_pipeline to 2026-07-26 00:00:00+00:00, run_after=2026-08-02 00:00:00+00:00
[2026-08-02T10:39:41.739+0000] {processor.py:208} INFO - Processing /opt/airflow/dags/finascore_pipeline_dag.py took 0.108 seconds
[2026-08-02T10:40:11.865+0000] {processor.py:186} INFO - Started process (PID=731) to work on /opt/airflow/dags/finascore_pipeline_dag.py
[2026-08-02T10:40:11.867+0000] {processor.py:914} INFO - Processing file /opt/airflow/dags/finascore_pipeline_dag.py for tasks to queue
[2026-08-02T10:40:11.868+0000] {logging_mixin.py:190} INFO - [2026-08-02T10:40:11.867+0000] {dagbag.py:588} INFO - Filling up the DagBag from /opt/airflow/dags/finascore_pipeline_dag.py
[2026-08-02T10:40:11.887+0000] {processor.py:925} INFO - DAG(s) 'finascore_ml_pipeline' retrieved from /opt/airflow/dags/finascore_pipeline_dag.py
[2026-08-02T10:40:11.924+0000] {logging_mixin.py:190} INFO - [2026-08-02T10:40:11.923+0000] {dag.py:3239} INFO - Sync 1 DAGs
[2026-08-02T10:40:11.948+0000] {logging_mixin.py:190} INFO - [2026-08-02T10:40:11.948+0000] {dag.py:4180} INFO - Setting next_dagrun for finascore_ml_pipeline to 2026-07-26 00:00:00+00:00, run_after=2026-08-02 00:00:00+00:00
[2026-08-02T10:40:11.968+0000] {processor.py:208} INFO - Processing /opt/airflow/dags/finascore_pipeline_dag.py took 0.110 seconds
[2026-08-02T10:40:42.012+0000] {processor.py:186} INFO - Started process (PID=736) to work on /opt/airflow/dags/finascore_pipeline_dag.py
[2026-08-02T10:40:42.013+0000] {processor.py:914} INFO - Processing file /opt/airflow/dags/finascore_pipeline_dag.py for tasks to queue
[2026-08-02T10:40:42.014+0000] {logging_mixin.py:190} INFO - [2026-08-02T10:40:42.013+0000] {dagbag.py:588} INFO - Filling up the DagBag from /opt/airflow/dags/finascore_pipeline_dag.py
[2026-08-02T10:40:42.031+0000] {processor.py:925} INFO - DAG(s) 'finascore_ml_pipeline' retrieved from /opt/airflow/dags/finascore_pipeline_dag.py
[2026-08-02T10:40:42.067+0000] {logging_mixin.py:190} INFO - [2026-08-02T10:40:42.067+0000] {dag.py:3239} INFO - Sync 1 DAGs
[2026-08-02T10:40:42.096+0000] {logging_mixin.py:190} INFO - [2026-08-02T10:40:42.096+0000] {dag.py:4180} INFO - Setting next_dagrun for finascore_ml_pipeline to 2026-07-26 00:00:00+00:00, run_after=2026-08-02 00:00:00+00:00
[2026-08-02T10:40:42.111+0000] {processor.py:208} INFO - Processing /opt/airflow/dags/finascore_pipeline_dag.py took 0.105 seconds
[2026-08-02T10:41:12.246+0000] {processor.py:186} INFO - Started process (PID=741) to work on /opt/airflow/dags/finascore_pipeline_dag.py
[2026-08-02T10:41:12.248+0000] {processor.py:914} INFO - Processing file /opt/airflow/dags/finascore_pipeline_dag.py for tasks to queue
[2026-08-02T10:41:12.250+0000] {logging_mixin.py:190} INFO - [2026-08-02T10:41:12.249+0000] {dagbag.py:588} INFO - Filling up the DagBag from /opt/airflow/dags/finascore_pipeline_dag.py
[2026-08-02T10:41:12.264+0000] {processor.py:925} INFO - DAG(s) 'finascore_ml_pipeline' retrieved from /opt/airflow/dags/finascore_pipeline_dag.py
[2026-08-02T10:41:12.298+0000] {logging_mixin.py:190} INFO - [2026-08-02T10:41:12.298+0000] {dag.py:3239} INFO - Sync 1 DAGs
[2026-08-02T10:41:12.325+0000] {logging_mixin.py:190} INFO - [2026-08-02T10:41:12.325+0000] {dag.py:4180} INFO - Setting next_dagrun for finascore_ml_pipeline to 2026-07-26 00:00:00+00:00, run_after=2026-08-02 00:00:00+00:00
[2026-08-02T10:41:12.358+0000] {processor.py:208} INFO - Processing /opt/airflow/dags/finascore_pipeline_dag.py took 0.122 seconds
[2026-08-02T10:41:42.416+0000] {processor.py:186} INFO - Started process (PID=746) to work on /opt/airflow/dags/finascore_pipeline_dag.py
[2026-08-02T10:41:42.416+0000] {processor.py:914} INFO - Processing file /opt/airflow/dags/finascore_pipeline_dag.py for tasks to queue
[2026-08-02T10:41:42.417+0000] {logging_mixin.py:190} INFO - [2026-08-02T10:41:42.417+0000] {dagbag.py:588} INFO - Filling up the DagBag from /opt/airflow/dags/finascore_pipeline_dag.py
[2026-08-02T10:41:42.432+0000] {processor.py:925} INFO - DAG(s) 'finascore_ml_pipeline' retrieved from /opt/airflow/dags/finascore_pipeline_dag.py
[2026-08-02T10:41:42.470+0000] {logging_mixin.py:190} INFO - [2026-08-02T10:41:42.469+0000] {dag.py:3239} INFO - Sync 1 DAGs
[2026-08-02T10:41:42.496+0000] {logging_mixin.py:190} INFO - [2026-08-02T10:41:42.496+0000] {dag.py:4180} INFO - Setting next_dagrun for finascore_ml_pipeline to 2026-07-26 00:00:00+00:00, run_after=2026-08-02 00:00:00+00:00
[2026-08-02T10:41:42.517+0000] {processor.py:208} INFO - Processing /opt/airflow/dags/finascore_pipeline_dag.py took 0.109 seconds
[2026-08-02T10:42:12.646+0000] {processor.py:186} INFO - Started process (PID=751) to work on /opt/airflow/dags/finascore_pipeline_dag.py
[2026-08-02T10:42:12.647+0000] {processor.py:914} INFO - Processing file /opt/airflow/dags/finascore_pipeline_dag.py for tasks to queue
[2026-08-02T10:42:12.648+0000] {logging_mixin.py:190} INFO - [2026-08-02T10:42:12.648+0000] {dagbag.py:588} INFO - Filling up the DagBag from /opt/airflow/dags/finascore_pipeline_dag.py
[2026-08-02T10:42:12.663+0000] {processor.py:925} INFO - DAG(s) 'finascore_ml_pipeline' retrieved from /opt/airflow/dags/finascore_pipeline_dag.py
[2026-08-02T10:42:12.697+0000] {logging_mixin.py:190} INFO - [2026-08-02T10:42:12.697+0000] {dag.py:3239} INFO - Sync 1 DAGs
[2026-08-02T10:42:12.724+0000] {logging_mixin.py:190} INFO - [2026-08-02T10:42:12.724+0000] {dag.py:4180} INFO - Setting next_dagrun for finascore_ml_pipeline to 2026-07-26 00:00:00+00:00, run_after=2026-08-02 00:00:00+00:00
[2026-08-02T10:42:12.743+0000] {processor.py:208} INFO - Processing /opt/airflow/dags/finascore_pipeline_dag.py took 0.105 seconds
[2026-08-02T10:42:42.841+0000] {processor.py:186} INFO - Started process (PID=756) to work on /opt/airflow/dags/finascore_pipeline_dag.py
[2026-08-02T10:42:42.842+0000] {processor.py:914} INFO - Processing file /opt/airflow/dags/finascore_pipeline_dag.py for tasks to queue
[2026-08-02T10:42:42.843+0000] {logging_mixin.py:190} INFO - [2026-08-02T10:42:42.843+0000] {dagbag.py:588} INFO - Filling up the DagBag from /opt/airflow/dags/finascore_pipeline_dag.py
[2026-08-02T10:42:42.861+0000] {processor.py:925} INFO - DAG(s) 'finascore_ml_pipeline' retrieved from /opt/airflow/dags/finascore_pipeline_dag.py
[2026-08-02T10:42:42.901+0000] {logging_mixin.py:190} INFO - [2026-08-02T10:42:42.901+0000] {dag.py:3239} INFO - Sync 1 DAGs
[2026-08-02T10:42:42.932+0000] {logging_mixin.py:190} INFO - [2026-08-02T10:42:42.931+0000] {dag.py:4180} INFO - Setting next_dagrun for finascore_ml_pipeline to 2026-07-26 00:00:00+00:00, run_after=2026-08-02 00:00:00+00:00
[2026-08-02T10:42:42.952+0000] {processor.py:208} INFO - Processing /opt/airflow/dags/finascore_pipeline_dag.py took 0.117 seconds
[2026-08-02T10:43:13.049+0000] {processor.py:186} INFO - Started process (PID=761) to work on /opt/airflow/dags/finascore_pipeline_dag.py
[2026-08-02T10:43:13.051+0000] {processor.py:914} INFO - Processing file /opt/airflow/dags/finascore_pipeline_dag.py for tasks to queue
[2026-08-02T10:43:13.053+0000] {logging_mixin.py:190} INFO - [2026-08-02T10:43:13.053+0000] {dagbag.py:588} INFO - Filling up the DagBag from /opt/airflow/dags/finascore_pipeline_dag.py
[2026-08-02T10:43:13.068+0000] {processor.py:925} INFO - DAG(s) 'finascore_ml_pipeline' retrieved from /opt/airflow/dags/finascore_pipeline_dag.py
[2026-08-02T10:43:13.104+0000] {logging_mixin.py:190} INFO - [2026-08-02T10:43:13.104+0000] {dag.py:3239} INFO - Sync 1 DAGs
[2026-08-02T10:43:13.132+0000] {logging_mixin.py:190} INFO - [2026-08-02T10:43:13.132+0000] {dag.py:4180} INFO - Setting next_dagrun for finascore_ml_pipeline to 2026-07-26 00:00:00+00:00, run_after=2026-08-02 00:00:00+00:00
[2026-08-02T10:43:13.147+0000] {processor.py:208} INFO - Processing /opt/airflow/dags/finascore_pipeline_dag.py took 0.106 seconds
[2026-08-02T10:43:43.250+0000] {processor.py:186} INFO - Started process (PID=766) to work on /opt/airflow/dags/finascore_pipeline_dag.py
[2026-08-02T10:43:43.252+0000] {processor.py:914} INFO - Processing file /opt/airflow/dags/finascore_pipeline_dag.py for tasks to queue
[2026-08-02T10:43:43.254+0000] {logging_mixin.py:190} INFO - [2026-08-02T10:43:43.253+0000] {dagbag.py:588} INFO - Filling up the DagBag from /opt/airflow/dags/finascore_pipeline_dag.py
[2026-08-02T10:43:43.276+0000] {processor.py:925} INFO - DAG(s) 'finascore_ml_pipeline' retrieved from /opt/airflow/dags/finascore_pipeline_dag.py
[2026-08-02T10:43:43.329+0000] {logging_mixin.py:190} INFO - [2026-08-02T10:43:43.329+0000] {dag.py:3239} INFO - Sync 1 DAGs
[2026-08-02T10:43:43.367+0000] {logging_mixin.py:190} INFO - [2026-08-02T10:43:43.366+0000] {dag.py:4180} INFO - Setting next_dagrun for finascore_ml_pipeline to 2026-07-26 00:00:00+00:00, run_after=2026-08-02 00:00:00+00:00
[2026-08-02T10:43:43.393+0000] {processor.py:208} INFO - Processing /opt/airflow/dags/finascore_pipeline_dag.py took 0.153 seconds
[2026-08-02T10:44:13.467+0000] {processor.py:186} INFO - Started process (PID=771) to work on /opt/airflow/dags/finascore_pipeline_dag.py
[2026-08-02T10:44:13.468+0000] {processor.py:914} INFO - Processing file /opt/airflow/dags/finascore_pipeline_dag.py for tasks to queue
[2026-08-02T10:44:13.470+0000] {logging_mixin.py:190} INFO - [2026-08-02T10:44:13.469+0000] {dagbag.py:588} INFO - Filling up the DagBag from /opt/airflow/dags/finascore_pipeline_dag.py
[2026-08-02T10:44:13.486+0000] {processor.py:925} INFO - DAG(s) 'finascore_ml_pipeline' retrieved from /opt/airflow/dags/finascore_pipeline_dag.py
[2026-08-02T10:44:13.524+0000] {logging_mixin.py:190} INFO - [2026-08-02T10:44:13.524+0000] {dag.py:3239} INFO - Sync 1 DAGs
[2026-08-02T10:44:13.551+0000] {logging_mixin.py:190} INFO - [2026-08-02T10:44:13.551+0000] {dag.py:4180} INFO - Setting next_dagrun for finascore_ml_pipeline to 2026-07-26 00:00:00+00:00, run_after=2026-08-02 00:00:00+00:00
[2026-08-02T10:44:13.570+0000] {processor.py:208} INFO - Processing /opt/airflow/dags/finascore_pipeline_dag.py took 0.110 seconds
[2026-08-02T10:44:43.706+0000] {processor.py:186} INFO - Started process (PID=776) to work on /opt/airflow/dags/finascore_pipeline_dag.py
[2026-08-02T10:44:43.707+0000] {processor.py:914} INFO - Processing file /opt/airflow/dags/finascore_pipeline_dag.py for tasks to queue
[2026-08-02T10:44:43.708+0000] {logging_mixin.py:190} INFO - [2026-08-02T10:44:43.708+0000] {dagbag.py:588} INFO - Filling up the DagBag from /opt/airflow/dags/finascore_pipeline_dag.py
[2026-08-02T10:44:43.727+0000] {processor.py:925} INFO - DAG(s) 'finascore_ml_pipeline' retrieved from /opt/airflow/dags/finascore_pipeline_dag.py
[2026-08-02T10:44:43.763+0000] {logging_mixin.py:190} INFO - [2026-08-02T10:44:43.762+0000] {dag.py:3239} INFO - Sync 1 DAGs
[2026-08-02T10:44:43.789+0000] {logging_mixin.py:190} INFO - [2026-08-02T10:44:43.789+0000] {dag.py:4180} INFO - Setting next_dagrun for finascore_ml_pipeline to 2026-07-26 00:00:00+00:00, run_after=2026-08-02 00:00:00+00:00
[2026-08-02T10:44:43.805+0000] {processor.py:208} INFO - Processing /opt/airflow/dags/finascore_pipeline_dag.py took 0.105 seconds
[2026-08-02T10:45:13.904+0000] {processor.py:186} INFO - Started process (PID=781) to work on /opt/airflow/dags/finascore_pipeline_dag.py
[2026-08-02T10:45:13.905+0000] {processor.py:914} INFO - Processing file /opt/airflow/dags/finascore_pipeline_dag.py for tasks to queue
[2026-08-02T10:45:13.908+0000] {logging_mixin.py:190} INFO - [2026-08-02T10:45:13.907+0000] {dagbag.py:588} INFO - Filling up the DagBag from /opt/airflow/dags/finascore_pipeline_dag.py
[2026-08-02T10:45:13.930+0000] {processor.py:925} INFO - DAG(s) 'finascore_ml_pipeline' retrieved from /opt/airflow/dags/finascore_pipeline_dag.py
[2026-08-02T10:45:13.984+0000] {logging_mixin.py:190} INFO - [2026-08-02T10:45:13.983+0000] {dag.py:3239} INFO - Sync 1 DAGs
[2026-08-02T10:45:14.017+0000] {logging_mixin.py:190} INFO - [2026-08-02T10:45:14.017+0000] {dag.py:4180} INFO - Setting next_dagrun for finascore_ml_pipeline to 2026-07-26 00:00:00+00:00, run_after=2026-08-02 00:00:00+00:00
[2026-08-02T10:45:14.039+0000] {processor.py:208} INFO - Processing /opt/airflow/dags/finascore_pipeline_dag.py took 0.145 seconds
[2026-08-02T10:45:44.098+0000] {processor.py:186} INFO - Started process (PID=786) to work on /opt/airflow/dags/finascore_pipeline_dag.py
[2026-08-02T10:45:44.098+0000] {processor.py:914} INFO - Processing file /opt/airflow/dags/finascore_pipeline_dag.py for tasks to queue
[2026-08-02T10:45:44.100+0000] {logging_mixin.py:190} INFO - [2026-08-02T10:45:44.100+0000] {dagbag.py:588} INFO - Filling up the DagBag from /opt/airflow/dags/finascore_pipeline_dag.py
[2026-08-02T10:45:44.117+0000] {processor.py:925} INFO - DAG(s) 'finascore_ml_pipeline' retrieved from /opt/airflow/dags/finascore_pipeline_dag.py
[2026-08-02T10:45:44.154+0000] {logging_mixin.py:190} INFO - [2026-08-02T10:45:44.154+0000] {dag.py:3239} INFO - Sync 1 DAGs
[2026-08-02T10:45:44.185+0000] {logging_mixin.py:190} INFO - [2026-08-02T10:45:44.185+0000] {dag.py:4180} INFO - Setting next_dagrun for finascore_ml_pipeline to 2026-07-26 00:00:00+00:00, run_after=2026-08-02 00:00:00+00:00
[2026-08-02T10:45:44.205+0000] {processor.py:208} INFO - Processing /opt/airflow/dags/finascore_pipeline_dag.py took 0.114 seconds
[2026-08-02T10:46:14.309+0000] {processor.py:186} INFO - Started process (PID=791) to work on /opt/airflow/dags/finascore_pipeline_dag.py
[2026-08-02T10:46:14.310+0000] {processor.py:914} INFO - Processing file /opt/airflow/dags/finascore_pipeline_dag.py for tasks to queue
[2026-08-02T10:46:14.311+0000] {logging_mixin.py:190} INFO - [2026-08-02T10:46:14.311+0000] {dagbag.py:588} INFO - Filling up the DagBag from /opt/airflow/dags/finascore_pipeline_dag.py
[2026-08-02T10:46:14.330+0000] {processor.py:925} INFO - DAG(s) 'finascore_ml_pipeline' retrieved from /opt/airflow/dags/finascore_pipeline_dag.py
[2026-08-02T10:46:14.367+0000] {logging_mixin.py:190} INFO - [2026-08-02T10:46:14.366+0000] {dag.py:3239} INFO - Sync 1 DAGs
[2026-08-02T10:46:14.408+0000] {logging_mixin.py:190} INFO - [2026-08-02T10:46:14.408+0000] {dag.py:4180} INFO - Setting next_dagrun for finascore_ml_pipeline to 2026-07-26 00:00:00+00:00, run_after=2026-08-02 00:00:00+00:00
[2026-08-02T10:46:14.427+0000] {processor.py:208} INFO - Processing /opt/airflow/dags/finascore_pipeline_dag.py took 0.126 seconds
[2026-08-02T10:46:44.490+0000] {processor.py:186} INFO - Started process (PID=796) to work on /opt/airflow/dags/finascore_pipeline_dag.py
[2026-08-02T10:46:44.491+0000] {processor.py:914} INFO - Processing file /opt/airflow/dags/finascore_pipeline_dag.py for tasks to queue
[2026-08-02T10:46:44.494+0000] {logging_mixin.py:190} INFO - [2026-08-02T10:46:44.493+0000] {dagbag.py:588} INFO - Filling up the DagBag from /opt/airflow/dags/finascore_pipeline_dag.py
[2026-08-02T10:46:44.509+0000] {processor.py:925} INFO - DAG(s) 'finascore_ml_pipeline' retrieved from /opt/airflow/dags/finascore_pipeline_dag.py
[2026-08-02T10:46:44.550+0000] {logging_mixin.py:190} INFO - [2026-08-02T10:46:44.550+0000] {dag.py:3239} INFO - Sync 1 DAGs
[2026-08-02T10:46:44.578+0000] {logging_mixin.py:190} INFO - [2026-08-02T10:46:44.578+0000] {dag.py:4180} INFO - Setting next_dagrun for finascore_ml_pipeline to 2026-07-26 00:00:00+00:00, run_after=2026-08-02 00:00:00+00:00
[2026-08-02T10:46:44.599+0000] {processor.py:208} INFO - Processing /opt/airflow/dags/finascore_pipeline_dag.py took 0.116 seconds
[2026-08-02T10:47:14.734+0000] {processor.py:186} INFO - Started process (PID=801) to work on /opt/airflow/dags/finascore_pipeline_dag.py
[2026-08-02T10:47:14.736+0000] {processor.py:914} INFO - Processing file /opt/airflow/dags/finascore_pipeline_dag.py for tasks to queue
[2026-08-02T10:47:14.737+0000] {logging_mixin.py:190} INFO - [2026-08-02T10:47:14.737+0000] {dagbag.py:588} INFO - Filling up the DagBag from /opt/airflow/dags/finascore_pipeline_dag.py
[2026-08-02T10:47:14.756+0000] {processor.py:925} INFO - DAG(s) 'finascore_ml_pipeline' retrieved from /opt/airflow/dags/finascore_pipeline_dag.py
[2026-08-02T10:47:14.792+0000] {logging_mixin.py:190} INFO - [2026-08-02T10:47:14.791+0000] {dag.py:3239} INFO - Sync 1 DAGs
[2026-08-02T10:47:14.821+0000] {logging_mixin.py:190} INFO - [2026-08-02T10:47:14.821+0000] {dag.py:4180} INFO - Setting next_dagrun for finascore_ml_pipeline to 2026-07-26 00:00:00+00:00, run_after=2026-08-02 00:00:00+00:00
[2026-08-02T10:47:14.837+0000] {processor.py:208} INFO - Processing /opt/airflow/dags/finascore_pipeline_dag.py took 0.111 seconds
[2026-08-02T10:47:44.887+0000] {processor.py:186} INFO - Started process (PID=806) to work on /opt/airflow/dags/finascore_pipeline_dag.py
[2026-08-02T10:47:44.888+0000] {processor.py:914} INFO - Processing file /opt/airflow/dags/finascore_pipeline_dag.py for tasks to queue
[2026-08-02T10:47:44.889+0000] {logging_mixin.py:190} INFO - [2026-08-02T10:47:44.889+0000] {dagbag.py:588} INFO - Filling up the DagBag from /opt/airflow/dags/finascore_pipeline_dag.py
[2026-08-02T10:47:44.907+0000] {processor.py:925} INFO - DAG(s) 'finascore_ml_pipeline' retrieved from /opt/airflow/dags/finascore_pipeline_dag.py
[2026-08-02T10:47:44.944+0000] {logging_mixin.py:190} INFO - [2026-08-02T10:47:44.943+0000] {dag.py:3239} INFO - Sync 1 DAGs
[2026-08-02T10:47:44.971+0000] {logging_mixin.py:190} INFO - [2026-08-02T10:47:44.970+0000] {dag.py:4180} INFO - Setting next_dagrun for finascore_ml_pipeline to 2026-07-26 00:00:00+00:00, run_after=2026-08-02 00:00:00+00:00
[2026-08-02T10:47:44.987+0000] {processor.py:208} INFO - Processing /opt/airflow/dags/finascore_pipeline_dag.py took 0.106 seconds
[2026-08-02T10:48:15.125+0000] {processor.py:186} INFO - Started process (PID=811) to work on /opt/airflow/dags/finascore_pipeline_dag.py
[2026-08-02T10:48:15.127+0000] {processor.py:914} INFO - Processing file /opt/airflow/dags/finascore_pipeline_dag.py for tasks to queue
[2026-08-02T10:48:15.128+0000] {logging_mixin.py:190} INFO - [2026-08-02T10:48:15.128+0000] {dagbag.py:588} INFO - Filling up the DagBag from /opt/airflow/dags/finascore_pipeline_dag.py
[2026-08-02T10:48:15.145+0000] {processor.py:925} INFO - DAG(s) 'finascore_ml_pipeline' retrieved from /opt/airflow/dags/finascore_pipeline_dag.py
[2026-08-02T10:48:15.928+0000] {logging_mixin.py:190} INFO - [2026-08-02T10:48:15.928+0000] {dag.py:3239} INFO - Sync 1 DAGs
[2026-08-02T10:48:15.954+0000] {logging_mixin.py:190} INFO - [2026-08-02T10:48:15.954+0000] {dag.py:4180} INFO - Setting next_dagrun for finascore_ml_pipeline to 2026-07-26 00:00:00+00:00, run_after=2026-08-02 00:00:00+00:00
[2026-08-02T10:48:15.971+0000] {processor.py:208} INFO - Processing /opt/airflow/dags/finascore_pipeline_dag.py took 0.852 seconds
[2026-08-02T10:48:46.154+0000] {processor.py:186} INFO - Started process (PID=816) to work on /opt/airflow/dags/finascore_pipeline_dag.py
[2026-08-02T10:48:46.155+0000] {processor.py:914} INFO - Processing file /opt/airflow/dags/finascore_pipeline_dag.py for tasks to queue
[2026-08-02T10:48:46.157+0000] {logging_mixin.py:190} INFO - [2026-08-02T10:48:46.156+0000] {dagbag.py:588} INFO - Filling up the DagBag from /opt/airflow/dags/finascore_pipeline_dag.py
[2026-08-02T10:48:46.171+0000] {processor.py:925} INFO - DAG(s) 'finascore_ml_pipeline' retrieved from /opt/airflow/dags/finascore_pipeline_dag.py
[2026-08-02T10:48:46.221+0000] {logging_mixin.py:190} INFO - [2026-08-02T10:48:46.221+0000] {dag.py:3239} INFO - Sync 1 DAGs
[2026-08-02T10:48:46.247+0000] {logging_mixin.py:190} INFO - [2026-08-02T10:48:46.247+0000] {dag.py:4180} INFO - Setting next_dagrun for finascore_ml_pipeline to 2026-07-26 00:00:00+00:00, run_after=2026-08-02 00:00:00+00:00
[2026-08-02T10:48:46.267+0000] {processor.py:208} INFO - Processing /opt/airflow/dags/finascore_pipeline_dag.py took 0.122 seconds
[2026-08-02T10:49:16.408+0000] {processor.py:186} INFO - Started process (PID=821) to work on /opt/airflow/dags/finascore_pipeline_dag.py
[2026-08-02T10:49:16.409+0000] {processor.py:914} INFO - Processing file /opt/airflow/dags/finascore_pipeline_dag.py for tasks to queue
[2026-08-02T10:49:16.411+0000] {logging_mixin.py:190} INFO - [2026-08-02T10:49:16.410+0000] {dagbag.py:588} INFO - Filling up the DagBag from /opt/airflow/dags/finascore_pipeline_dag.py
[2026-08-02T10:49:16.428+0000] {processor.py:925} INFO - DAG(s) 'finascore_ml_pipeline' retrieved from /opt/airflow/dags/finascore_pipeline_dag.py
[2026-08-02T10:49:16.475+0000] {logging_mixin.py:190} INFO - [2026-08-02T10:49:16.475+0000] {dag.py:3239} INFO - Sync 1 DAGs
[2026-08-02T10:49:16.502+0000] {logging_mixin.py:190} INFO - [2026-08-02T10:49:16.501+0000] {dag.py:4180} INFO - Setting next_dagrun for finascore_ml_pipeline to 2026-07-26 00:00:00+00:00, run_after=2026-08-02 00:00:00+00:00
[2026-08-02T10:49:16.522+0000] {processor.py:208} INFO - Processing /opt/airflow/dags/finascore_pipeline_dag.py took 0.136 seconds
[2026-08-02T10:49:46.553+0000] {processor.py:186} INFO - Started process (PID=826) to work on /opt/airflow/dags/finascore_pipeline_dag.py
[2026-08-02T10:49:46.554+0000] {processor.py:914} INFO - Processing file /opt/airflow/dags/finascore_pipeline_dag.py for tasks to queue
[2026-08-02T10:49:46.556+0000] {logging_mixin.py:190} INFO - [2026-08-02T10:49:46.555+0000] {dagbag.py:588} INFO - Filling up the DagBag from /opt/airflow/dags/finascore_pipeline_dag.py
[2026-08-02T10:49:46.572+0000] {processor.py:925} INFO - DAG(s) 'finascore_ml_pipeline' retrieved from /opt/airflow/dags/finascore_pipeline_dag.py
[2026-08-02T10:49:46.623+0000] {logging_mixin.py:190} INFO - [2026-08-02T10:49:46.622+0000] {dag.py:3239} INFO - Sync 1 DAGs
[2026-08-02T10:49:46.648+0000] {logging_mixin.py:190} INFO - [2026-08-02T10:49:46.647+0000] {dag.py:4180} INFO - Setting next_dagrun for finascore_ml_pipeline to 2026-07-26 00:00:00+00:00, run_after=2026-08-02 00:00:00+00:00
[2026-08-02T10:49:46.668+0000] {processor.py:208} INFO - Processing /opt/airflow/dags/finascore_pipeline_dag.py took 0.121 seconds
[2026-08-02T10:50:16.818+0000] {processor.py:186} INFO - Started process (PID=831) to work on /opt/airflow/dags/finascore_pipeline_dag.py
[2026-08-02T10:50:16.820+0000] {processor.py:914} INFO - Processing file /opt/airflow/dags/finascore_pipeline_dag.py for tasks to queue
[2026-08-02T10:50:16.821+0000] {logging_mixin.py:190} INFO - [2026-08-02T10:50:16.820+0000] {dagbag.py:588} INFO - Filling up the DagBag from /opt/airflow/dags/finascore_pipeline_dag.py
[2026-08-02T10:50:16.838+0000] {processor.py:925} INFO - DAG(s) 'finascore_ml_pipeline' retrieved from /opt/airflow/dags/finascore_pipeline_dag.py
[2026-08-02T10:50:16.884+0000] {logging_mixin.py:190} INFO - [2026-08-02T10:50:16.883+0000] {dag.py:3239} INFO - Sync 1 DAGs
[2026-08-02T10:50:16.909+0000] {logging_mixin.py:190} INFO - [2026-08-02T10:50:16.909+0000] {dag.py:4180} INFO - Setting next_dagrun for finascore_ml_pipeline to 2026-07-26 00:00:00+00:00, run_after=2026-08-02 00:00:00+00:00
[2026-08-02T10:50:16.924+0000] {processor.py:208} INFO - Processing /opt/airflow/dags/finascore_pipeline_dag.py took 0.112 seconds
[2026-08-02T10:50:46.974+0000] {processor.py:186} INFO - Started process (PID=836) to work on /opt/airflow/dags/finascore_pipeline_dag.py
[2026-08-02T10:50:46.975+0000] {processor.py:914} INFO - Processing file /opt/airflow/dags/finascore_pipeline_dag.py for tasks to queue
[2026-08-02T10:50:46.976+0000] {logging_mixin.py:190} INFO - [2026-08-02T10:50:46.976+0000] {dagbag.py:588} INFO - Filling up the DagBag from /opt/airflow/dags/finascore_pipeline_dag.py
[2026-08-02T10:50:46.991+0000] {processor.py:925} INFO - DAG(s) 'finascore_ml_pipeline' retrieved from /opt/airflow/dags/finascore_pipeline_dag.py
[2026-08-02T10:50:47.040+0000] {logging_mixin.py:190} INFO - [2026-08-02T10:50:47.040+0000] {dag.py:3239} INFO - Sync 1 DAGs
[2026-08-02T10:50:47.065+0000] {logging_mixin.py:190} INFO - [2026-08-02T10:50:47.065+0000] {dag.py:4180} INFO - Setting next_dagrun for finascore_ml_pipeline to 2026-07-26 00:00:00+00:00, run_after=2026-08-02 00:00:00+00:00
[2026-08-02T10:50:47.084+0000] {processor.py:208} INFO - Processing /opt/airflow/dags/finascore_pipeline_dag.py took 0.119 seconds
[2026-08-02T10:51:17.218+0000] {processor.py:186} INFO - Started process (PID=841) to work on /opt/airflow/dags/finascore_pipeline_dag.py
[2026-08-02T10:51:17.220+0000] {processor.py:914} INFO - Processing file /opt/airflow/dags/finascore_pipeline_dag.py for tasks to queue
[2026-08-02T10:51:17.221+0000] {logging_mixin.py:190} INFO - [2026-08-02T10:51:17.221+0000] {dagbag.py:588} INFO - Filling up the DagBag from /opt/airflow/dags/finascore_pipeline_dag.py
[2026-08-02T10:51:17.236+0000] {processor.py:925} INFO - DAG(s) 'finascore_ml_pipeline' retrieved from /opt/airflow/dags/finascore_pipeline_dag.py
[2026-08-02T10:51:17.285+0000] {logging_mixin.py:190} INFO - [2026-08-02T10:51:17.285+0000] {dag.py:3239} INFO - Sync 1 DAGs
[2026-08-02T10:51:17.310+0000] {logging_mixin.py:190} INFO - [2026-08-02T10:51:17.310+0000] {dag.py:4180} INFO - Setting next_dagrun for finascore_ml_pipeline to 2026-07-26 00:00:00+00:00, run_after=2026-08-02 00:00:00+00:00
[2026-08-02T10:51:17.329+0000] {processor.py:208} INFO - Processing /opt/airflow/dags/finascore_pipeline_dag.py took 0.120 seconds
[2026-08-02T10:51:47.373+0000] {processor.py:186} INFO - Started process (PID=846) to work on /opt/airflow/dags/finascore_pipeline_dag.py
[2026-08-02T10:51:47.374+0000] {processor.py:914} INFO - Processing file /opt/airflow/dags/finascore_pipeline_dag.py for tasks to queue
[2026-08-02T10:51:47.375+0000] {logging_mixin.py:190} INFO - [2026-08-02T10:51:47.375+0000] {dagbag.py:588} INFO - Filling up the DagBag from /opt/airflow/dags/finascore_pipeline_dag.py
[2026-08-02T10:51:47.391+0000] {processor.py:925} INFO - DAG(s) 'finascore_ml_pipeline' retrieved from /opt/airflow/dags/finascore_pipeline_dag.py
[2026-08-02T10:51:47.441+0000] {logging_mixin.py:190} INFO - [2026-08-02T10:51:47.441+0000] {dag.py:3239} INFO - Sync 1 DAGs
[2026-08-02T10:51:47.466+0000] {logging_mixin.py:190} INFO - [2026-08-02T10:51:47.465+0000] {dag.py:4180} INFO - Setting next_dagrun for finascore_ml_pipeline to 2026-07-26 00:00:00+00:00, run_after=2026-08-02 00:00:00+00:00
[2026-08-02T10:51:47.485+0000] {processor.py:208} INFO - Processing /opt/airflow/dags/finascore_pipeline_dag.py took 0.121 seconds
[2026-08-02T10:52:17.637+0000] {processor.py:186} INFO - Started process (PID=851) to work on /opt/airflow/dags/finascore_pipeline_dag.py
[2026-08-02T10:52:17.639+0000] {processor.py:914} INFO - Processing file /opt/airflow/dags/finascore_pipeline_dag.py for tasks to queue
[2026-08-02T10:52:17.640+0000] {logging_mixin.py:190} INFO - [2026-08-02T10:52:17.640+0000] {dagbag.py:588} INFO - Filling up the DagBag from /opt/airflow/dags/finascore_pipeline_dag.py
[2026-08-02T10:52:17.657+0000] {processor.py:925} INFO - DAG(s) 'finascore_ml_pipeline' retrieved from /opt/airflow/dags/finascore_pipeline_dag.py
[2026-08-02T10:52:17.704+0000] {logging_mixin.py:190} INFO - [2026-08-02T10:52:17.704+0000] {dag.py:3239} INFO - Sync 1 DAGs
[2026-08-02T10:52:17.731+0000] {logging_mixin.py:190} INFO - [2026-08-02T10:52:17.731+0000] {dag.py:4180} INFO - Setting next_dagrun for finascore_ml_pipeline to 2026-07-26 00:00:00+00:00, run_after=2026-08-02 00:00:00+00:00
[2026-08-02T10:52:17.750+0000] {processor.py:208} INFO - Processing /opt/airflow/dags/finascore_pipeline_dag.py took 0.120 seconds
[2026-08-02T10:52:47.782+0000] {processor.py:186} INFO - Started process (PID=856) to work on /opt/airflow/dags/finascore_pipeline_dag.py
[2026-08-02T10:52:47.783+0000] {processor.py:914} INFO - Processing file /opt/airflow/dags/finascore_pipeline_dag.py for tasks to queue
[2026-08-02T10:52:47.784+0000] {logging_mixin.py:190} INFO - [2026-08-02T10:52:47.784+0000] {dagbag.py:588} INFO - Filling up the DagBag from /opt/airflow/dags/finascore_pipeline_dag.py
[2026-08-02T10:52:47.804+0000] {processor.py:925} INFO - DAG(s) 'finascore_ml_pipeline' retrieved from /opt/airflow/dags/finascore_pipeline_dag.py
[2026-08-02T10:52:47.852+0000] {logging_mixin.py:190} INFO - [2026-08-02T10:52:47.852+0000] {dag.py:3239} INFO - Sync 1 DAGs
[2026-08-02T10:52:47.882+0000] {logging_mixin.py:190} INFO - [2026-08-02T10:52:47.882+0000] {dag.py:4180} INFO - Setting next_dagrun for finascore_ml_pipeline to 2026-07-26 00:00:00+00:00, run_after=2026-08-02 00:00:00+00:00
[2026-08-02T10:52:47.902+0000] {processor.py:208} INFO - Processing /opt/airflow/dags/finascore_pipeline_dag.py took 0.128 seconds
[2026-08-02T10:53:18.076+0000] {processor.py:186} INFO - Started process (PID=861) to work on /opt/airflow/dags/finascore_pipeline_dag.py
[2026-08-02T10:53:18.077+0000] {processor.py:914} INFO - Processing file /opt/airflow/dags/finascore_pipeline_dag.py for tasks to queue
[2026-08-02T10:53:18.079+0000] {logging_mixin.py:190} INFO - [2026-08-02T10:53:18.078+0000] {dagbag.py:588} INFO - Filling up the DagBag from /opt/airflow/dags/finascore_pipeline_dag.py
[2026-08-02T10:53:18.108+0000] {processor.py:925} INFO - DAG(s) 'finascore_ml_pipeline' retrieved from /opt/airflow/dags/finascore_pipeline_dag.py
[2026-08-02T10:53:18.142+0000] {logging_mixin.py:190} INFO - [2026-08-02T10:53:18.142+0000] {dag.py:3239} INFO - Sync 1 DAGs
[2026-08-02T10:53:18.169+0000] {logging_mixin.py:190} INFO - [2026-08-02T10:53:18.168+0000] {dag.py:4180} INFO - Setting next_dagrun for finascore_ml_pipeline to 2026-07-26 00:00:00+00:00, run_after=2026-08-02 00:00:00+00:00
[2026-08-02T10:53:18.187+0000] {processor.py:208} INFO - Processing /opt/airflow/dags/finascore_pipeline_dag.py took 0.119 seconds
[2026-08-02T10:53:48.229+0000] {processor.py:186} INFO - Started process (PID=866) to work on /opt/airflow/dags/finascore_pipeline_dag.py
[2026-08-02T10:53:48.230+0000] {processor.py:914} INFO - Processing file /opt/airflow/dags/finascore_pipeline_dag.py for tasks to queue
[2026-08-02T10:53:48.231+0000] {logging_mixin.py:190} INFO - [2026-08-02T10:53:48.231+0000] {dagbag.py:588} INFO - Filling up the DagBag from /opt/airflow/dags/finascore_pipeline_dag.py
[2026-08-02T10:53:48.261+0000] {processor.py:925} INFO - DAG(s) 'finascore_ml_pipeline' retrieved from /opt/airflow/dags/finascore_pipeline_dag.py
[2026-08-02T10:53:48.296+0000] {logging_mixin.py:190} INFO - [2026-08-02T10:53:48.296+0000] {dag.py:3239} INFO - Sync 1 DAGs
[2026-08-02T10:53:48.322+0000] {logging_mixin.py:190} INFO - [2026-08-02T10:53:48.322+0000] {dag.py:4180} INFO - Setting next_dagrun for finascore_ml_pipeline to 2026-07-26 00:00:00+00:00, run_after=2026-08-02 00:00:00+00:00
[2026-08-02T10:53:48.343+0000] {processor.py:208} INFO - Processing /opt/airflow/dags/finascore_pipeline_dag.py took 0.120 seconds
[2026-08-02T10:54:18.487+0000] {processor.py:186} INFO - Started process (PID=871) to work on /opt/airflow/dags/finascore_pipeline_dag.py
[2026-08-02T10:54:18.489+0000] {processor.py:914} INFO - Processing file /opt/airflow/dags/finascore_pipeline_dag.py for tasks to queue
[2026-08-02T10:54:18.490+0000] {logging_mixin.py:190} INFO - [2026-08-02T10:54:18.489+0000] {dagbag.py:588} INFO - Filling up the DagBag from /opt/airflow/dags/finascore_pipeline_dag.py
[2026-08-02T10:54:18.520+0000] {processor.py:925} INFO - DAG(s) 'finascore_ml_pipeline' retrieved from /opt/airflow/dags/finascore_pipeline_dag.py
[2026-08-02T10:54:18.555+0000] {logging_mixin.py:190} INFO - [2026-08-02T10:54:18.555+0000] {dag.py:3239} INFO - Sync 1 DAGs
[2026-08-02T10:54:18.580+0000] {logging_mixin.py:190} INFO - [2026-08-02T10:54:18.579+0000] {dag.py:4180} INFO - Setting next_dagrun for finascore_ml_pipeline to 2026-07-26 00:00:00+00:00, run_after=2026-08-02 00:00:00+00:00
[2026-08-02T10:54:18.597+0000] {processor.py:208} INFO - Processing /opt/airflow/dags/finascore_pipeline_dag.py took 0.118 seconds
[2026-08-02T10:54:48.647+0000] {processor.py:186} INFO - Started process (PID=876) to work on /opt/airflow/dags/finascore_pipeline_dag.py
[2026-08-02T10:54:48.647+0000] {processor.py:914} INFO - Processing file /opt/airflow/dags/finascore_pipeline_dag.py for tasks to queue
[2026-08-02T10:54:48.649+0000] {logging_mixin.py:190} INFO - [2026-08-02T10:54:48.648+0000] {dagbag.py:588} INFO - Filling up the DagBag from /opt/airflow/dags/finascore_pipeline_dag.py
[2026-08-02T10:54:48.678+0000] {processor.py:925} INFO - DAG(s) 'finascore_ml_pipeline' retrieved from /opt/airflow/dags/finascore_pipeline_dag.py
[2026-08-02T10:54:48.711+0000] {logging_mixin.py:190} INFO - [2026-08-02T10:54:48.711+0000] {dag.py:3239} INFO - Sync 1 DAGs
[2026-08-02T10:54:48.739+0000] {logging_mixin.py:190} INFO - [2026-08-02T10:54:48.738+0000] {dag.py:4180} INFO - Setting next_dagrun for finascore_ml_pipeline to 2026-07-26 00:00:00+00:00, run_after=2026-08-02 00:00:00+00:00
[2026-08-02T10:54:48.757+0000] {processor.py:208} INFO - Processing /opt/airflow/dags/finascore_pipeline_dag.py took 0.117 seconds
[2026-08-02T10:55:18.877+0000] {processor.py:186} INFO - Started process (PID=881) to work on /opt/airflow/dags/finascore_pipeline_dag.py
[2026-08-02T10:55:18.879+0000] {processor.py:914} INFO - Processing file /opt/airflow/dags/finascore_pipeline_dag.py for tasks to queue
[2026-08-02T10:55:18.880+0000] {logging_mixin.py:190} INFO - [2026-08-02T10:55:18.880+0000] {dagbag.py:588} INFO - Filling up the DagBag from /opt/airflow/dags/finascore_pipeline_dag.py
[2026-08-02T10:55:18.912+0000] {processor.py:925} INFO - DAG(s) 'finascore_ml_pipeline' retrieved from /opt/airflow/dags/finascore_pipeline_dag.py
[2026-08-02T10:55:18.947+0000] {logging_mixin.py:190} INFO - [2026-08-02T10:55:18.947+0000] {dag.py:3239} INFO - Sync 1 DAGs
[2026-08-02T10:55:18.974+0000] {logging_mixin.py:190} INFO - [2026-08-02T10:55:18.974+0000] {dag.py:4180} INFO - Setting next_dagrun for finascore_ml_pipeline to 2026-07-26 00:00:00+00:00, run_after=2026-08-02 00:00:00+00:00
[2026-08-02T10:55:18.989+0000] {processor.py:208} INFO - Processing /opt/airflow/dags/finascore_pipeline_dag.py took 0.119 seconds
[2026-08-02T10:55:49.057+0000] {processor.py:186} INFO - Started process (PID=886) to work on /opt/airflow/dags/finascore_pipeline_dag.py
[2026-08-02T10:55:49.058+0000] {processor.py:914} INFO - Processing file /opt/airflow/dags/finascore_pipeline_dag.py for tasks to queue
[2026-08-02T10:55:49.062+0000] {logging_mixin.py:190} INFO - [2026-08-02T10:55:49.060+0000] {dagbag.py:588} INFO - Filling up the DagBag from /opt/airflow/dags/finascore_pipeline_dag.py
[2026-08-02T10:55:49.090+0000] {processor.py:925} INFO - DAG(s) 'finascore_ml_pipeline' retrieved from /opt/airflow/dags/finascore_pipeline_dag.py
[2026-08-02T10:55:49.128+0000] {logging_mixin.py:190} INFO - [2026-08-02T10:55:49.127+0000] {dag.py:3239} INFO - Sync 1 DAGs
[2026-08-02T10:55:49.154+0000] {logging_mixin.py:190} INFO - [2026-08-02T10:55:49.154+0000] {dag.py:4180} INFO - Setting next_dagrun for finascore_ml_pipeline to 2026-07-26 00:00:00+00:00, run_after=2026-08-02 00:00:00+00:00
[2026-08-02T10:55:49.174+0000] {processor.py:208} INFO - Processing /opt/airflow/dags/finascore_pipeline_dag.py took 0.124 seconds
[2026-08-02T10:56:19.295+0000] {processor.py:186} INFO - Started process (PID=891) to work on /opt/airflow/dags/finascore_pipeline_dag.py
[2026-08-02T10:56:19.296+0000] {processor.py:914} INFO - Processing file /opt/airflow/dags/finascore_pipeline_dag.py for tasks to queue
[2026-08-02T10:56:19.298+0000] {logging_mixin.py:190} INFO - [2026-08-02T10:56:19.298+0000] {dagbag.py:588} INFO - Filling up the DagBag from /opt/airflow/dags/finascore_pipeline_dag.py
[2026-08-02T10:56:19.330+0000] {processor.py:925} INFO - DAG(s) 'finascore_ml_pipeline' retrieved from /opt/airflow/dags/finascore_pipeline_dag.py
[2026-08-02T10:56:19.363+0000] {logging_mixin.py:190} INFO - [2026-08-02T10:56:19.363+0000] {dag.py:3239} INFO - Sync 1 DAGs
[2026-08-02T10:56:19.390+0000] {logging_mixin.py:190} INFO - [2026-08-02T10:56:19.390+0000] {dag.py:4180} INFO - Setting next_dagrun for finascore_ml_pipeline to 2026-07-26 00:00:00+00:00, run_after=2026-08-02 00:00:00+00:00
[2026-08-02T10:56:19.410+0000] {processor.py:208} INFO - Processing /opt/airflow/dags/finascore_pipeline_dag.py took 0.122 seconds
[2026-08-02T10:56:49.497+0000] {processor.py:186} INFO - Started process (PID=896) to work on /opt/airflow/dags/finascore_pipeline_dag.py
[2026-08-02T10:56:49.499+0000] {processor.py:914} INFO - Processing file /opt/airflow/dags/finascore_pipeline_dag.py for tasks to queue
[2026-08-02T10:56:49.500+0000] {logging_mixin.py:190} INFO - [2026-08-02T10:56:49.500+0000] {dagbag.py:588} INFO - Filling up the DagBag from /opt/airflow/dags/finascore_pipeline_dag.py
[2026-08-02T10:56:49.530+0000] {processor.py:925} INFO - DAG(s) 'finascore_ml_pipeline' retrieved from /opt/airflow/dags/finascore_pipeline_dag.py
[2026-08-02T10:56:49.564+0000] {logging_mixin.py:190} INFO - [2026-08-02T10:56:49.564+0000] {dag.py:3239} INFO - Sync 1 DAGs
[2026-08-02T10:56:49.588+0000] {logging_mixin.py:190} INFO - [2026-08-02T10:56:49.587+0000] {dag.py:4180} INFO - Setting next_dagrun for finascore_ml_pipeline to 2026-07-26 00:00:00+00:00, run_after=2026-08-02 00:00:00+00:00
[2026-08-02T10:56:49.611+0000] {processor.py:208} INFO - Processing /opt/airflow/dags/finascore_pipeline_dag.py took 0.124 seconds
[2026-08-02T10:57:19.735+0000] {processor.py:186} INFO - Started process (PID=901) to work on /opt/airflow/dags/finascore_pipeline_dag.py
[2026-08-02T10:57:19.736+0000] {processor.py:914} INFO - Processing file /opt/airflow/dags/finascore_pipeline_dag.py for tasks to queue
[2026-08-02T10:57:19.738+0000] {logging_mixin.py:190} INFO - [2026-08-02T10:57:19.737+0000] {dagbag.py:588} INFO - Filling up the DagBag from /opt/airflow/dags/finascore_pipeline_dag.py
[2026-08-02T10:57:19.752+0000] {processor.py:925} INFO - DAG(s) 'finascore_ml_pipeline' retrieved from /opt/airflow/dags/finascore_pipeline_dag.py
[2026-08-02T10:57:19.785+0000] {logging_mixin.py:190} INFO - [2026-08-02T10:57:19.785+0000] {dag.py:3239} INFO - Sync 1 DAGs
[2026-08-02T10:57:19.812+0000] {logging_mixin.py:190} INFO - [2026-08-02T10:57:19.812+0000] {dag.py:4180} INFO - Setting next_dagrun for finascore_ml_pipeline to 2026-07-26 00:00:00+00:00, run_after=2026-08-02 00:00:00+00:00
[2026-08-02T10:57:19.829+0000] {processor.py:208} INFO - Processing /opt/airflow/dags/finascore_pipeline_dag.py took 0.104 seconds
[2026-08-02T10:57:49.906+0000] {processor.py:186} INFO - Started process (PID=906) to work on /opt/airflow/dags/finascore_pipeline_dag.py
[2026-08-02T10:57:49.908+0000] {processor.py:914} INFO - Processing file /opt/airflow/dags/finascore_pipeline_dag.py for tasks to queue
[2026-08-02T10:57:49.910+0000] {logging_mixin.py:190} INFO - [2026-08-02T10:57:49.909+0000] {dagbag.py:588} INFO - Filling up the DagBag from /opt/airflow/dags/finascore_pipeline_dag.py
[2026-08-02T10:57:49.924+0000] {processor.py:925} INFO - DAG(s) 'finascore_ml_pipeline' retrieved from /opt/airflow/dags/finascore_pipeline_dag.py
[2026-08-02T10:57:49.966+0000] {logging_mixin.py:190} INFO - [2026-08-02T10:57:49.966+0000] {dag.py:3239} INFO - Sync 1 DAGs
[2026-08-02T10:57:49.993+0000] {logging_mixin.py:190} INFO - [2026-08-02T10:57:49.993+0000] {dag.py:4180} INFO - Setting next_dagrun for finascore_ml_pipeline to 2026-07-26 00:00:00+00:00, run_after=2026-08-02 00:00:00+00:00
[2026-08-02T10:57:50.008+0000] {processor.py:208} INFO - Processing /opt/airflow/dags/finascore_pipeline_dag.py took 0.109 seconds
[2026-08-02T10:58:20.116+0000] {processor.py:186} INFO - Started process (PID=911) to work on /opt/airflow/dags/finascore_pipeline_dag.py
[2026-08-02T10:58:20.119+0000] {processor.py:914} INFO - Processing file /opt/airflow/dags/finascore_pipeline_dag.py for tasks to queue
[2026-08-02T10:58:20.120+0000] {logging_mixin.py:190} INFO - [2026-08-02T10:58:20.119+0000] {dagbag.py:588} INFO - Filling up the DagBag from /opt/airflow/dags/finascore_pipeline_dag.py
[2026-08-02T10:58:20.133+0000] {processor.py:925} INFO - DAG(s) 'finascore_ml_pipeline' retrieved from /opt/airflow/dags/finascore_pipeline_dag.py
[2026-08-02T10:58:20.168+0000] {logging_mixin.py:190} INFO - [2026-08-02T10:58:20.167+0000] {dag.py:3239} INFO - Sync 1 DAGs
[2026-08-02T10:58:20.195+0000] {logging_mixin.py:190} INFO - [2026-08-02T10:58:20.194+0000] {dag.py:4180} INFO - Setting next_dagrun for finascore_ml_pipeline to 2026-07-26 00:00:00+00:00, run_after=2026-08-02 00:00:00+00:00
[2026-08-02T10:58:20.213+0000] {processor.py:208} INFO - Processing /opt/airflow/dags/finascore_pipeline_dag.py took 0.105 seconds
[2026-08-02T10:58:50.295+0000] {processor.py:186} INFO - Started process (PID=916) to work on /opt/airflow/dags/finascore_pipeline_dag.py
[2026-08-02T10:58:50.297+0000] {processor.py:914} INFO - Processing file /opt/airflow/dags/finascore_pipeline_dag.py for tasks to queue
[2026-08-02T10:58:50.299+0000] {logging_mixin.py:190} INFO - [2026-08-02T10:58:50.298+0000] {dagbag.py:588} INFO - Filling up the DagBag from /opt/airflow/dags/finascore_pipeline_dag.py
[2026-08-02T10:58:50.315+0000] {processor.py:925} INFO - DAG(s) 'finascore_ml_pipeline' retrieved from /opt/airflow/dags/finascore_pipeline_dag.py
[2026-08-02T10:58:50.352+0000] {logging_mixin.py:190} INFO - [2026-08-02T10:58:50.352+0000] {dag.py:3239} INFO - Sync 1 DAGs
[2026-08-02T10:58:50.378+0000] {logging_mixin.py:190} INFO - [2026-08-02T10:58:50.378+0000] {dag.py:4180} INFO - Setting next_dagrun for finascore_ml_pipeline to 2026-07-26 00:00:00+00:00, run_after=2026-08-02 00:00:00+00:00
[2026-08-02T10:58:50.395+0000] {processor.py:208} INFO - Processing /opt/airflow/dags/finascore_pipeline_dag.py took 0.107 seconds
[2026-08-02T10:59:20.510+0000] {processor.py:186} INFO - Started process (PID=921) to work on /opt/airflow/dags/finascore_pipeline_dag.py
[2026-08-02T10:59:20.511+0000] {processor.py:914} INFO - Processing file /opt/airflow/dags/finascore_pipeline_dag.py for tasks to queue
[2026-08-02T10:59:20.513+0000] {logging_mixin.py:190} INFO - [2026-08-02T10:59:20.512+0000] {dagbag.py:588} INFO - Filling up the DagBag from /opt/airflow/dags/finascore_pipeline_dag.py
[2026-08-02T10:59:20.526+0000] {processor.py:925} INFO - DAG(s) 'finascore_ml_pipeline' retrieved from /opt/airflow/dags/finascore_pipeline_dag.py
[2026-08-02T10:59:20.566+0000] {logging_mixin.py:190} INFO - [2026-08-02T10:59:20.566+0000] {dag.py:3239} INFO - Sync 1 DAGs
[2026-08-02T10:59:20.590+0000] {logging_mixin.py:190} INFO - [2026-08-02T10:59:20.590+0000] {dag.py:4180} INFO - Setting next_dagrun for finascore_ml_pipeline to 2026-07-26 00:00:00+00:00, run_after=2026-08-02 00:00:00+00:00
[2026-08-02T10:59:20.608+0000] {processor.py:208} INFO - Processing /opt/airflow/dags/finascore_pipeline_dag.py took 0.105 seconds
[2026-08-02T10:59:50.691+0000] {processor.py:186} INFO - Started process (PID=926) to work on /opt/airflow/dags/finascore_pipeline_dag.py
[2026-08-02T10:59:50.692+0000] {processor.py:914} INFO - Processing file /opt/airflow/dags/finascore_pipeline_dag.py for tasks to queue
[2026-08-02T10:59:50.693+0000] {logging_mixin.py:190} INFO - [2026-08-02T10:59:50.693+0000] {dagbag.py:588} INFO - Filling up the DagBag from /opt/airflow/dags/finascore_pipeline_dag.py
[2026-08-02T10:59:50.706+0000] {processor.py:925} INFO - DAG(s) 'finascore_ml_pipeline' retrieved from /opt/airflow/dags/finascore_pipeline_dag.py
[2026-08-02T10:59:50.745+0000] {logging_mixin.py:190} INFO - [2026-08-02T10:59:50.745+0000] {dag.py:3239} INFO - Sync 1 DAGs
[2026-08-02T10:59:50.773+0000] {logging_mixin.py:190} INFO - [2026-08-02T10:59:50.772+0000] {dag.py:4180} INFO - Setting next_dagrun for finascore_ml_pipeline to 2026-07-26 00:00:00+00:00, run_after=2026-08-02 00:00:00+00:00
[2026-08-02T10:59:50.797+0000] {processor.py:208} INFO - Processing /opt/airflow/dags/finascore_pipeline_dag.py took 0.115 seconds
[2026-08-02T11:00:20.874+0000] {processor.py:186} INFO - Started process (PID=931) to work on /opt/airflow/dags/finascore_pipeline_dag.py
[2026-08-02T11:00:20.876+0000] {processor.py:914} INFO - Processing file /opt/airflow/dags/finascore_pipeline_dag.py for tasks to queue
[2026-08-02T11:00:20.880+0000] {logging_mixin.py:190} INFO - [2026-08-02T11:00:20.878+0000] {dagbag.py:588} INFO - Filling up the DagBag from /opt/airflow/dags/finascore_pipeline_dag.py
[2026-08-02T11:00:20.896+0000] {processor.py:925} INFO - DAG(s) 'finascore_ml_pipeline' retrieved from /opt/airflow/dags/finascore_pipeline_dag.py
[2026-08-02T11:00:20.932+0000] {logging_mixin.py:190} INFO - [2026-08-02T11:00:20.932+0000] {dag.py:3239} INFO - Sync 1 DAGs
[2026-08-02T11:00:20.959+0000] {logging_mixin.py:190} INFO - [2026-08-02T11:00:20.959+0000] {dag.py:4180} INFO - Setting next_dagrun for finascore_ml_pipeline to 2026-07-26 00:00:00+00:00, run_after=2026-08-02 00:00:00+00:00
[2026-08-02T11:00:20.974+0000] {processor.py:208} INFO - Processing /opt/airflow/dags/finascore_pipeline_dag.py took 0.106 seconds
[2026-08-02T11:00:51.085+0000] {processor.py:186} INFO - Started process (PID=936) to work on /opt/airflow/dags/finascore_pipeline_dag.py
[2026-08-02T11:00:51.086+0000] {processor.py:914} INFO - Processing file /opt/airflow/dags/finascore_pipeline_dag.py for tasks to queue
[2026-08-02T11:00:51.087+0000] {logging_mixin.py:190} INFO - [2026-08-02T11:00:51.087+0000] {dagbag.py:588} INFO - Filling up the DagBag from /opt/airflow/dags/finascore_pipeline_dag.py
[2026-08-02T11:00:51.100+0000] {processor.py:925} INFO - DAG(s) 'finascore_ml_pipeline' retrieved from /opt/airflow/dags/finascore_pipeline_dag.py
[2026-08-02T11:00:51.134+0000] {logging_mixin.py:190} INFO - [2026-08-02T11:00:51.133+0000] {dag.py:3239} INFO - Sync 1 DAGs
[2026-08-02T11:00:51.159+0000] {logging_mixin.py:190} INFO - [2026-08-02T11:00:51.159+0000] {dag.py:4180} INFO - Setting next_dagrun for finascore_ml_pipeline to 2026-07-26 00:00:00+00:00, run_after=2026-08-02 00:00:00+00:00
[2026-08-02T11:00:51.177+0000] {processor.py:208} INFO - Processing /opt/airflow/dags/finascore_pipeline_dag.py took 0.100 seconds
[2026-08-02T11:01:21.269+0000] {processor.py:186} INFO - Started process (PID=941) to work on /opt/airflow/dags/finascore_pipeline_dag.py
[2026-08-02T11:01:21.271+0000] {processor.py:914} INFO - Processing file /opt/airflow/dags/finascore_pipeline_dag.py for tasks to queue
[2026-08-02T11:01:21.272+0000] {logging_mixin.py:190} INFO - [2026-08-02T11:01:21.272+0000] {dagbag.py:588} INFO - Filling up the DagBag from /opt/airflow/dags/finascore_pipeline_dag.py
[2026-08-02T11:01:21.289+0000] {processor.py:925} INFO - DAG(s) 'finascore_ml_pipeline' retrieved from /opt/airflow/dags/finascore_pipeline_dag.py
[2026-08-02T11:01:21.324+0000] {logging_mixin.py:190} INFO - [2026-08-02T11:01:21.324+0000] {dag.py:3239} INFO - Sync 1 DAGs
[2026-08-02T11:01:21.350+0000] {logging_mixin.py:190} INFO - [2026-08-02T11:01:21.350+0000] {dag.py:4180} INFO - Setting next_dagrun for finascore_ml_pipeline to 2026-07-26 00:00:00+00:00, run_after=2026-08-02 00:00:00+00:00
[2026-08-02T11:01:21.366+0000] {processor.py:208} INFO - Processing /opt/airflow/dags/finascore_pipeline_dag.py took 0.103 seconds
[2026-08-02T11:01:51.473+0000] {processor.py:186} INFO - Started process (PID=946) to work on /opt/airflow/dags/finascore_pipeline_dag.py
[2026-08-02T11:01:51.475+0000] {processor.py:914} INFO - Processing file /opt/airflow/dags/finascore_pipeline_dag.py for tasks to queue
[2026-08-02T11:01:51.477+0000] {logging_mixin.py:190} INFO - [2026-08-02T11:01:51.476+0000] {dagbag.py:588} INFO - Filling up the DagBag from /opt/airflow/dags/finascore_pipeline_dag.py
[2026-08-02T11:01:51.494+0000] {processor.py:925} INFO - DAG(s) 'finascore_ml_pipeline' retrieved from /opt/airflow/dags/finascore_pipeline_dag.py
[2026-08-02T11:01:51.530+0000] {logging_mixin.py:190} INFO - [2026-08-02T11:01:51.530+0000] {dag.py:3239} INFO - Sync 1 DAGs
[2026-08-02T11:01:51.556+0000] {logging_mixin.py:190} INFO - [2026-08-02T11:01:51.556+0000] {dag.py:4180} INFO - Setting next_dagrun for finascore_ml_pipeline to 2026-07-26 00:00:00+00:00, run_after=2026-08-02 00:00:00+00:00
[2026-08-02T11:01:51.571+0000] {processor.py:208} INFO - Processing /opt/airflow/dags/finascore_pipeline_dag.py took 0.105 seconds
[2026-08-02T11:02:21.652+0000] {processor.py:186} INFO - Started process (PID=951) to work on /opt/airflow/dags/finascore_pipeline_dag.py
[2026-08-02T11:02:21.654+0000] {processor.py:914} INFO - Processing file /opt/airflow/dags/finascore_pipeline_dag.py for tasks to queue
[2026-08-02T11:02:21.655+0000] {logging_mixin.py:190} INFO - [2026-08-02T11:02:21.655+0000] {dagbag.py:588} INFO - Filling up the DagBag from /opt/airflow/dags/finascore_pipeline_dag.py
[2026-08-02T11:02:21.671+0000] {processor.py:925} INFO - DAG(s) 'finascore_ml_pipeline' retrieved from /opt/airflow/dags/finascore_pipeline_dag.py
[2026-08-02T11:02:21.709+0000] {logging_mixin.py:190} INFO - [2026-08-02T11:02:21.709+0000] {dag.py:3239} INFO - Sync 1 DAGs
[2026-08-02T11:02:21.735+0000] {logging_mixin.py:190} INFO - [2026-08-02T11:02:21.735+0000] {dag.py:4180} INFO - Setting next_dagrun for finascore_ml_pipeline to 2026-07-26 00:00:00+00:00, run_after=2026-08-02 00:00:00+00:00
[2026-08-02T11:02:21.751+0000] {processor.py:208} INFO - Processing /opt/airflow/dags/finascore_pipeline_dag.py took 0.106 seconds
[2026-08-02T11:02:51.872+0000] {processor.py:186} INFO - Started process (PID=956) to work on /opt/airflow/dags/finascore_pipeline_dag.py
[2026-08-02T11:02:51.873+0000] {processor.py:914} INFO - Processing file /opt/airflow/dags/finascore_pipeline_dag.py for tasks to queue
[2026-08-02T11:02:51.874+0000] {logging_mixin.py:190} INFO - [2026-08-02T11:02:51.874+0000] {dagbag.py:588} INFO - Filling up the DagBag from /opt/airflow/dags/finascore_pipeline_dag.py
[2026-08-02T11:02:51.890+0000] {processor.py:925} INFO - DAG(s) 'finascore_ml_pipeline' retrieved from /opt/airflow/dags/finascore_pipeline_dag.py
[2026-08-02T11:02:51.925+0000] {logging_mixin.py:190} INFO - [2026-08-02T11:02:51.925+0000] {dag.py:3239} INFO - Sync 1 DAGs
[2026-08-02T11:02:51.950+0000] {logging_mixin.py:190} INFO - [2026-08-02T11:02:51.949+0000] {dag.py:4180} INFO - Setting next_dagrun for finascore_ml_pipeline to 2026-07-26 00:00:00+00:00, run_after=2026-08-02 00:00:00+00:00
[2026-08-02T11:02:51.970+0000] {processor.py:208} INFO - Processing /opt/airflow/dags/finascore_pipeline_dag.py took 0.105 seconds
[2026-08-02T11:03:22.066+0000] {processor.py:186} INFO - Started process (PID=961) to work on /opt/airflow/dags/finascore_pipeline_dag.py
[2026-08-02T11:03:22.067+0000] {processor.py:914} INFO - Processing file /opt/airflow/dags/finascore_pipeline_dag.py for tasks to queue
[2026-08-02T11:03:22.069+0000] {logging_mixin.py:190} INFO - [2026-08-02T11:03:22.069+0000] {dagbag.py:588} INFO - Filling up the DagBag from /opt/airflow/dags/finascore_pipeline_dag.py
[2026-08-02T11:03:22.083+0000] {processor.py:925} INFO - DAG(s) 'finascore_ml_pipeline' retrieved from /opt/airflow/dags/finascore_pipeline_dag.py
[2026-08-02T11:03:22.118+0000] {logging_mixin.py:190} INFO - [2026-08-02T11:03:22.118+0000] {dag.py:3239} INFO - Sync 1 DAGs
[2026-08-02T11:03:22.145+0000] {logging_mixin.py:190} INFO - [2026-08-02T11:03:22.145+0000] {dag.py:4180} INFO - Setting next_dagrun for finascore_ml_pipeline to 2026-07-26 00:00:00+00:00, run_after=2026-08-02 00:00:00+00:00
[2026-08-02T11:03:22.167+0000] {processor.py:208} INFO - Processing /opt/airflow/dags/finascore_pipeline_dag.py took 0.107 seconds
[2026-08-02T11:03:52.270+0000] {processor.py:186} INFO - Started process (PID=966) to work on /opt/airflow/dags/finascore_pipeline_dag.py
[2026-08-02T11:03:52.271+0000] {processor.py:914} INFO - Processing file /opt/airflow/dags/finascore_pipeline_dag.py for tasks to queue
[2026-08-02T11:03:52.273+0000] {logging_mixin.py:190} INFO - [2026-08-02T11:03:52.272+0000] {dagbag.py:588} INFO - Filling up the DagBag from /opt/airflow/dags/finascore_pipeline_dag.py
[2026-08-02T11:03:52.291+0000] {processor.py:925} INFO - DAG(s) 'finascore_ml_pipeline' retrieved from /opt/airflow/dags/finascore_pipeline_dag.py
[2026-08-02T11:03:52.331+0000] {logging_mixin.py:190} INFO - [2026-08-02T11:03:52.331+0000] {dag.py:3239} INFO - Sync 1 DAGs
[2026-08-02T11:03:52.356+0000] {logging_mixin.py:190} INFO - [2026-08-02T11:03:52.356+0000] {dag.py:4180} INFO - Setting next_dagrun for finascore_ml_pipeline to 2026-07-26 00:00:00+00:00, run_after=2026-08-02 00:00:00+00:00
[2026-08-02T11:03:52.374+0000] {processor.py:208} INFO - Processing /opt/airflow/dags/finascore_pipeline_dag.py took 0.116 seconds
[2026-08-02T11:04:22.466+0000] {processor.py:186} INFO - Started process (PID=971) to work on /opt/airflow/dags/finascore_pipeline_dag.py
[2026-08-02T11:04:22.467+0000] {processor.py:914} INFO - Processing file /opt/airflow/dags/finascore_pipeline_dag.py for tasks to queue
[2026-08-02T11:04:22.468+0000] {logging_mixin.py:190} INFO - [2026-08-02T11:04:22.468+0000] {dagbag.py:588} INFO - Filling up the DagBag from /opt/airflow/dags/finascore_pipeline_dag.py
[2026-08-02T11:04:22.481+0000] {processor.py:925} INFO - DAG(s) 'finascore_ml_pipeline' retrieved from /opt/airflow/dags/finascore_pipeline_dag.py
[2026-08-02T11:04:22.534+0000] {logging_mixin.py:190} INFO - [2026-08-02T11:04:22.534+0000] {dag.py:3239} INFO - Sync 1 DAGs
[2026-08-02T11:04:22.561+0000] {logging_mixin.py:190} INFO - [2026-08-02T11:04:22.561+0000] {dag.py:4180} INFO - Setting next_dagrun for finascore_ml_pipeline to 2026-07-26 00:00:00+00:00, run_after=2026-08-02 00:00:00+00:00
[2026-08-02T11:04:22.577+0000] {processor.py:208} INFO - Processing /opt/airflow/dags/finascore_pipeline_dag.py took 0.120 seconds
[2026-08-02T11:04:52.679+0000] {processor.py:186} INFO - Started process (PID=976) to work on /opt/airflow/dags/finascore_pipeline_dag.py
[2026-08-02T11:04:52.680+0000] {processor.py:914} INFO - Processing file /opt/airflow/dags/finascore_pipeline_dag.py for tasks to queue
[2026-08-02T11:04:52.681+0000] {logging_mixin.py:190} INFO - [2026-08-02T11:04:52.681+0000] {dagbag.py:588} INFO - Filling up the DagBag from /opt/airflow/dags/finascore_pipeline_dag.py
[2026-08-02T11:04:52.698+0000] {processor.py:925} INFO - DAG(s) 'finascore_ml_pipeline' retrieved from /opt/airflow/dags/finascore_pipeline_dag.py
[2026-08-02T11:04:52.734+0000] {logging_mixin.py:190} INFO - [2026-08-02T11:04:52.733+0000] {dag.py:3239} INFO - Sync 1 DAGs
[2026-08-02T11:04:52.760+0000] {logging_mixin.py:190} INFO - [2026-08-02T11:04:52.760+0000] {dag.py:4180} INFO - Setting next_dagrun for finascore_ml_pipeline to 2026-07-26 00:00:00+00:00, run_after=2026-08-02 00:00:00+00:00
[2026-08-02T11:04:52.777+0000] {processor.py:208} INFO - Processing /opt/airflow/dags/finascore_pipeline_dag.py took 0.104 seconds
[2026-08-02T11:05:22.868+0000] {processor.py:186} INFO - Started process (PID=981) to work on /opt/airflow/dags/finascore_pipeline_dag.py
[2026-08-02T11:05:22.870+0000] {processor.py:914} INFO - Processing file /opt/airflow/dags/finascore_pipeline_dag.py for tasks to queue
[2026-08-02T11:05:22.871+0000] {logging_mixin.py:190} INFO - [2026-08-02T11:05:22.870+0000] {dagbag.py:588} INFO - Filling up the DagBag from /opt/airflow/dags/finascore_pipeline_dag.py
[2026-08-02T11:05:22.884+0000] {processor.py:925} INFO - DAG(s) 'finascore_ml_pipeline' retrieved from /opt/airflow/dags/finascore_pipeline_dag.py
[2026-08-02T11:05:22.920+0000] {logging_mixin.py:190} INFO - [2026-08-02T11:05:22.920+0000] {dag.py:3239} INFO - Sync 1 DAGs
[2026-08-02T11:05:22.949+0000] {logging_mixin.py:190} INFO - [2026-08-02T11:05:22.949+0000] {dag.py:4180} INFO - Setting next_dagrun for finascore_ml_pipeline to 2026-07-26 00:00:00+00:00, run_after=2026-08-02 00:00:00+00:00
[2026-08-02T11:05:22.967+0000] {processor.py:208} INFO - Processing /opt/airflow/dags/finascore_pipeline_dag.py took 0.108 seconds
[2026-08-02T11:05:53.073+0000] {processor.py:186} INFO - Started process (PID=986) to work on /opt/airflow/dags/finascore_pipeline_dag.py
[2026-08-02T11:05:53.074+0000] {processor.py:914} INFO - Processing file /opt/airflow/dags/finascore_pipeline_dag.py for tasks to queue
[2026-08-02T11:05:53.075+0000] {logging_mixin.py:190} INFO - [2026-08-02T11:05:53.074+0000] {dagbag.py:588} INFO - Filling up the DagBag from /opt/airflow/dags/finascore_pipeline_dag.py
[2026-08-02T11:05:53.092+0000] {processor.py:925} INFO - DAG(s) 'finascore_ml_pipeline' retrieved from /opt/airflow/dags/finascore_pipeline_dag.py
[2026-08-02T11:05:53.129+0000] {logging_mixin.py:190} INFO - [2026-08-02T11:05:53.129+0000] {dag.py:3239} INFO - Sync 1 DAGs
[2026-08-02T11:05:53.156+0000] {logging_mixin.py:190} INFO - [2026-08-02T11:05:53.155+0000] {dag.py:4180} INFO - Setting next_dagrun for finascore_ml_pipeline to 2026-07-26 00:00:00+00:00, run_after=2026-08-02 00:00:00+00:00
[2026-08-02T11:05:53.170+0000] {processor.py:208} INFO - Processing /opt/airflow/dags/finascore_pipeline_dag.py took 0.104 seconds
[2026-08-02T11:06:23.263+0000] {processor.py:186} INFO - Started process (PID=991) to work on /opt/airflow/dags/finascore_pipeline_dag.py
[2026-08-02T11:06:23.265+0000] {processor.py:914} INFO - Processing file /opt/airflow/dags/finascore_pipeline_dag.py for tasks to queue
[2026-08-02T11:06:23.266+0000] {logging_mixin.py:190} INFO - [2026-08-02T11:06:23.265+0000] {dagbag.py:588} INFO - Filling up the DagBag from /opt/airflow/dags/finascore_pipeline_dag.py
[2026-08-02T11:06:23.282+0000] {processor.py:925} INFO - DAG(s) 'finascore_ml_pipeline' retrieved from /opt/airflow/dags/finascore_pipeline_dag.py
[2026-08-02T11:06:23.318+0000] {logging_mixin.py:190} INFO - [2026-08-02T11:06:23.317+0000] {dag.py:3239} INFO - Sync 1 DAGs
[2026-08-02T11:06:23.345+0000] {logging_mixin.py:190} INFO - [2026-08-02T11:06:23.345+0000] {dag.py:4180} INFO - Setting next_dagrun for finascore_ml_pipeline to 2026-07-26 00:00:00+00:00, run_after=2026-08-02 00:00:00+00:00
[2026-08-02T11:06:23.363+0000] {processor.py:208} INFO - Processing /opt/airflow/dags/finascore_pipeline_dag.py took 0.107 seconds
[2026-08-02T11:06:53.479+0000] {processor.py:186} INFO - Started process (PID=996) to work on /opt/airflow/dags/finascore_pipeline_dag.py
[2026-08-02T11:06:53.480+0000] {processor.py:914} INFO - Processing file /opt/airflow/dags/finascore_pipeline_dag.py for tasks to queue
[2026-08-02T11:06:53.481+0000] {logging_mixin.py:190} INFO - [2026-08-02T11:06:53.480+0000] {dagbag.py:588} INFO - Filling up the DagBag from /opt/airflow/dags/finascore_pipeline_dag.py
[2026-08-02T11:06:53.495+0000] {processor.py:925} INFO - DAG(s) 'finascore_ml_pipeline' retrieved from /opt/airflow/dags/finascore_pipeline_dag.py
[2026-08-02T11:06:53.529+0000] {logging_mixin.py:190} INFO - [2026-08-02T11:06:53.529+0000] {dag.py:3239} INFO - Sync 1 DAGs
[2026-08-02T11:06:53.555+0000] {logging_mixin.py:190} INFO - [2026-08-02T11:06:53.555+0000] {dag.py:4180} INFO - Setting next_dagrun for finascore_ml_pipeline to 2026-07-26 00:00:00+00:00, run_after=2026-08-02 00:00:00+00:00
[2026-08-02T11:06:53.575+0000] {processor.py:208} INFO - Processing /opt/airflow/dags/finascore_pipeline_dag.py took 0.103 seconds
[2026-08-02T11:07:23.656+0000] {processor.py:186} INFO - Started process (PID=1001) to work on /opt/airflow/dags/finascore_pipeline_dag.py
[2026-08-02T11:07:23.658+0000] {processor.py:914} INFO - Processing file /opt/airflow/dags/finascore_pipeline_dag.py for tasks to queue
[2026-08-02T11:07:23.659+0000] {logging_mixin.py:190} INFO - [2026-08-02T11:07:23.659+0000] {dagbag.py:588} INFO - Filling up the DagBag from /opt/airflow/dags/finascore_pipeline_dag.py
[2026-08-02T11:07:23.675+0000] {processor.py:925} INFO - DAG(s) 'finascore_ml_pipeline' retrieved from /opt/airflow/dags/finascore_pipeline_dag.py
[2026-08-02T11:07:23.711+0000] {logging_mixin.py:190} INFO - [2026-08-02T11:07:23.711+0000] {dag.py:3239} INFO - Sync 1 DAGs
[2026-08-02T11:07:23.734+0000] {logging_mixin.py:190} INFO - [2026-08-02T11:07:23.734+0000] {dag.py:4180} INFO - Setting next_dagrun for finascore_ml_pipeline to 2026-07-26 00:00:00+00:00, run_after=2026-08-02 00:00:00+00:00
[2026-08-02T11:07:23.754+0000] {processor.py:208} INFO - Processing /opt/airflow/dags/finascore_pipeline_dag.py took 0.104 seconds
[2026-08-02T11:07:53.862+0000] {processor.py:186} INFO - Started process (PID=1006) to work on /opt/airflow/dags/finascore_pipeline_dag.py
[2026-08-02T11:07:53.863+0000] {processor.py:914} INFO - Processing file /opt/airflow/dags/finascore_pipeline_dag.py for tasks to queue
[2026-08-02T11:07:53.864+0000] {logging_mixin.py:190} INFO - [2026-08-02T11:07:53.863+0000] {dagbag.py:588} INFO - Filling up the DagBag from /opt/airflow/dags/finascore_pipeline_dag.py
[2026-08-02T11:07:53.880+0000] {processor.py:925} INFO - DAG(s) 'finascore_ml_pipeline' retrieved from /opt/airflow/dags/finascore_pipeline_dag.py
[2026-08-02T11:07:53.916+0000] {logging_mixin.py:190} INFO - [2026-08-02T11:07:53.916+0000] {dag.py:3239} INFO - Sync 1 DAGs
[2026-08-02T11:07:53.944+0000] {logging_mixin.py:190} INFO - [2026-08-02T11:07:53.943+0000] {dag.py:4180} INFO - Setting next_dagrun for finascore_ml_pipeline to 2026-07-26 00:00:00+00:00, run_after=2026-08-02 00:00:00+00:00
[2026-08-02T11:07:53.962+0000] {processor.py:208} INFO - Processing /opt/airflow/dags/finascore_pipeline_dag.py took 0.107 seconds
[2026-08-02T11:08:24.050+0000] {processor.py:186} INFO - Started process (PID=1011) to work on /opt/airflow/dags/finascore_pipeline_dag.py
[2026-08-02T11:08:24.052+0000] {processor.py:914} INFO - Processing file /opt/airflow/dags/finascore_pipeline_dag.py for tasks to queue
[2026-08-02T11:08:24.054+0000] {logging_mixin.py:190} INFO - [2026-08-02T11:08:24.054+0000] {dagbag.py:588} INFO - Filling up the DagBag from /opt/airflow/dags/finascore_pipeline_dag.py
[2026-08-02T11:08:24.070+0000] {processor.py:925} INFO - DAG(s) 'finascore_ml_pipeline' retrieved from /opt/airflow/dags/finascore_pipeline_dag.py
[2026-08-02T11:08:24.106+0000] {logging_mixin.py:190} INFO - [2026-08-02T11:08:24.105+0000] {dag.py:3239} INFO - Sync 1 DAGs
[2026-08-02T11:08:24.132+0000] {logging_mixin.py:190} INFO - [2026-08-02T11:08:24.132+0000] {dag.py:4180} INFO - Setting next_dagrun for finascore_ml_pipeline to 2026-07-26 00:00:00+00:00, run_after=2026-08-02 00:00:00+00:00
[2026-08-02T11:08:24.149+0000] {processor.py:208} INFO - Processing /opt/airflow/dags/finascore_pipeline_dag.py took 0.105 seconds
[2026-08-02T11:08:54.266+0000] {processor.py:186} INFO - Started process (PID=1016) to work on /opt/airflow/dags/finascore_pipeline_dag.py
[2026-08-02T11:08:54.267+0000] {processor.py:914} INFO - Processing file /opt/airflow/dags/finascore_pipeline_dag.py for tasks to queue
[2026-08-02T11:08:54.268+0000] {logging_mixin.py:190} INFO - [2026-08-02T11:08:54.268+0000] {dagbag.py:588} INFO - Filling up the DagBag from /opt/airflow/dags/finascore_pipeline_dag.py
[2026-08-02T11:08:54.283+0000] {processor.py:925} INFO - DAG(s) 'finascore_ml_pipeline' retrieved from /opt/airflow/dags/finascore_pipeline_dag.py
[2026-08-02T11:08:54.322+0000] {logging_mixin.py:190} INFO - [2026-08-02T11:08:54.322+0000] {dag.py:3239} INFO - Sync 1 DAGs
[2026-08-02T11:08:54.347+0000] {logging_mixin.py:190} INFO - [2026-08-02T11:08:54.347+0000] {dag.py:4180} INFO - Setting next_dagrun for finascore_ml_pipeline to 2026-07-26 00:00:00+00:00, run_after=2026-08-02 00:00:00+00:00
[2026-08-02T11:08:54.367+0000] {processor.py:208} INFO - Processing /opt/airflow/dags/finascore_pipeline_dag.py took 0.107 seconds
[2026-08-02T11:09:24.441+0000] {processor.py:186} INFO - Started process (PID=1021) to work on /opt/airflow/dags/finascore_pipeline_dag.py
[2026-08-02T11:09:24.442+0000] {processor.py:914} INFO - Processing file /opt/airflow/dags/finascore_pipeline_dag.py for tasks to queue
[2026-08-02T11:09:24.443+0000] {logging_mixin.py:190} INFO - [2026-08-02T11:09:24.443+0000] {dagbag.py:588} INFO - Filling up the DagBag from /opt/airflow/dags/finascore_pipeline_dag.py
[2026-08-02T11:09:24.460+0000] {processor.py:925} INFO - DAG(s) 'finascore_ml_pipeline' retrieved from /opt/airflow/dags/finascore_pipeline_dag.py
[2026-08-02T11:09:24.499+0000] {logging_mixin.py:190} INFO - [2026-08-02T11:09:24.498+0000] {dag.py:3239} INFO - Sync 1 DAGs
[2026-08-02T11:09:24.526+0000] {logging_mixin.py:190} INFO - [2026-08-02T11:09:24.526+0000] {dag.py:4180} INFO - Setting next_dagrun for finascore_ml_pipeline to 2026-07-26 00:00:00+00:00, run_after=2026-08-02 00:00:00+00:00
[2026-08-02T11:09:24.559+0000] {processor.py:208} INFO - Processing /opt/airflow/dags/finascore_pipeline_dag.py took 0.125 seconds
[2026-08-02T11:09:54.656+0000] {processor.py:186} INFO - Started process (PID=1026) to work on /opt/airflow/dags/finascore_pipeline_dag.py
[2026-08-02T11:09:54.656+0000] {processor.py:914} INFO - Processing file /opt/airflow/dags/finascore_pipeline_dag.py for tasks to queue
[2026-08-02T11:09:54.658+0000] {logging_mixin.py:190} INFO - [2026-08-02T11:09:54.658+0000] {dagbag.py:588} INFO - Filling up the DagBag from /opt/airflow/dags/finascore_pipeline_dag.py
[2026-08-02T11:09:54.674+0000] {processor.py:925} INFO - DAG(s) 'finascore_ml_pipeline' retrieved from /opt/airflow/dags/finascore_pipeline_dag.py
[2026-08-02T11:09:54.710+0000] {logging_mixin.py:190} INFO - [2026-08-02T11:09:54.709+0000] {dag.py:3239} INFO - Sync 1 DAGs
[2026-08-02T11:09:54.733+0000] {logging_mixin.py:190} INFO - [2026-08-02T11:09:54.733+0000] {dag.py:4180} INFO - Setting next_dagrun for finascore_ml_pipeline to 2026-07-26 00:00:00+00:00, run_after=2026-08-02 00:00:00+00:00
[2026-08-02T11:09:54.751+0000] {processor.py:208} INFO - Processing /opt/airflow/dags/finascore_pipeline_dag.py took 0.102 seconds
[2026-08-02T11:10:24.839+0000] {processor.py:186} INFO - Started process (PID=1031) to work on /opt/airflow/dags/finascore_pipeline_dag.py
[2026-08-02T11:10:24.841+0000] {processor.py:914} INFO - Processing file /opt/airflow/dags/finascore_pipeline_dag.py for tasks to queue
[2026-08-02T11:10:24.842+0000] {logging_mixin.py:190} INFO - [2026-08-02T11:10:24.842+0000] {dagbag.py:588} INFO - Filling up the DagBag from /opt/airflow/dags/finascore_pipeline_dag.py
[2026-08-02T11:10:24.856+0000] {processor.py:925} INFO - DAG(s) 'finascore_ml_pipeline' retrieved from /opt/airflow/dags/finascore_pipeline_dag.py
[2026-08-02T11:10:24.894+0000] {logging_mixin.py:190} INFO - [2026-08-02T11:10:24.894+0000] {dag.py:3239} INFO - Sync 1 DAGs
[2026-08-02T11:10:24.919+0000] {logging_mixin.py:190} INFO - [2026-08-02T11:10:24.919+0000] {dag.py:4180} INFO - Setting next_dagrun for finascore_ml_pipeline to 2026-07-26 00:00:00+00:00, run_after=2026-08-02 00:00:00+00:00
[2026-08-02T11:10:24.939+0000] {processor.py:208} INFO - Processing /opt/airflow/dags/finascore_pipeline_dag.py took 0.106 seconds
[2026-08-02T11:10:55.047+0000] {processor.py:186} INFO - Started process (PID=1036) to work on /opt/airflow/dags/finascore_pipeline_dag.py
[2026-08-02T11:10:55.049+0000] {processor.py:914} INFO - Processing file /opt/airflow/dags/finascore_pipeline_dag.py for tasks to queue
[2026-08-02T11:10:55.051+0000] {logging_mixin.py:190} INFO - [2026-08-02T11:10:55.050+0000] {dagbag.py:588} INFO - Filling up the DagBag from /opt/airflow/dags/finascore_pipeline_dag.py
[2026-08-02T11:10:55.067+0000] {processor.py:925} INFO - DAG(s) 'finascore_ml_pipeline' retrieved from /opt/airflow/dags/finascore_pipeline_dag.py
[2026-08-02T11:10:55.104+0000] {logging_mixin.py:190} INFO - [2026-08-02T11:10:55.104+0000] {dag.py:3239} INFO - Sync 1 DAGs
[2026-08-02T11:10:55.131+0000] {logging_mixin.py:190} INFO - [2026-08-02T11:10:55.131+0000] {dag.py:4180} INFO - Setting next_dagrun for finascore_ml_pipeline to 2026-07-26 00:00:00+00:00, run_after=2026-08-02 00:00:00+00:00
[2026-08-02T11:10:55.147+0000] {processor.py:208} INFO - Processing /opt/airflow/dags/finascore_pipeline_dag.py took 0.106 seconds
[2026-08-02T11:11:25.245+0000] {processor.py:186} INFO - Started process (PID=1041) to work on /opt/airflow/dags/finascore_pipeline_dag.py
[2026-08-02T11:11:25.246+0000] {processor.py:914} INFO - Processing file /opt/airflow/dags/finascore_pipeline_dag.py for tasks to queue
[2026-08-02T11:11:25.248+0000] {logging_mixin.py:190} INFO - [2026-08-02T11:11:25.247+0000] {dagbag.py:588} INFO - Filling up the DagBag from /opt/airflow/dags/finascore_pipeline_dag.py
[2026-08-02T11:11:25.264+0000] {processor.py:925} INFO - DAG(s) 'finascore_ml_pipeline' retrieved from /opt/airflow/dags/finascore_pipeline_dag.py
[2026-08-02T11:11:25.299+0000] {logging_mixin.py:190} INFO - [2026-08-02T11:11:25.299+0000] {dag.py:3239} INFO - Sync 1 DAGs
[2026-08-02T11:11:25.326+0000] {logging_mixin.py:190} INFO - [2026-08-02T11:11:25.326+0000] {dag.py:4180} INFO - Setting next_dagrun for finascore_ml_pipeline to 2026-07-26 00:00:00+00:00, run_after=2026-08-02 00:00:00+00:00
[2026-08-02T11:11:25.343+0000] {processor.py:208} INFO - Processing /opt/airflow/dags/finascore_pipeline_dag.py took 0.105 seconds
[2026-08-02T11:11:55.451+0000] {processor.py:186} INFO - Started process (PID=1046) to work on /opt/airflow/dags/finascore_pipeline_dag.py
[2026-08-02T11:11:55.454+0000] {processor.py:914} INFO - Processing file /opt/airflow/dags/finascore_pipeline_dag.py for tasks to queue
[2026-08-02T11:11:55.455+0000] {logging_mixin.py:190} INFO - [2026-08-02T11:11:55.454+0000] {dagbag.py:588} INFO - Filling up the DagBag from /opt/airflow/dags/finascore_pipeline_dag.py
[2026-08-02T11:11:55.472+0000] {processor.py:925} INFO - DAG(s) 'finascore_ml_pipeline' retrieved from /opt/airflow/dags/finascore_pipeline_dag.py
[2026-08-02T11:11:55.507+0000] {logging_mixin.py:190} INFO - [2026-08-02T11:11:55.506+0000] {dag.py:3239} INFO - Sync 1 DAGs
[2026-08-02T11:11:55.534+0000] {logging_mixin.py:190} INFO - [2026-08-02T11:11:55.534+0000] {dag.py:4180} INFO - Setting next_dagrun for finascore_ml_pipeline to 2026-07-26 00:00:00+00:00, run_after=2026-08-02 00:00:00+00:00
[2026-08-02T11:11:55.551+0000] {processor.py:208} INFO - Processing /opt/airflow/dags/finascore_pipeline_dag.py took 0.106 seconds
[2026-08-02T11:12:25.633+0000] {processor.py:186} INFO - Started process (PID=1051) to work on /opt/airflow/dags/finascore_pipeline_dag.py
[2026-08-02T11:12:25.633+0000] {processor.py:914} INFO - Processing file /opt/airflow/dags/finascore_pipeline_dag.py for tasks to queue
[2026-08-02T11:12:25.635+0000] {logging_mixin.py:190} INFO - [2026-08-02T11:12:25.634+0000] {dagbag.py:588} INFO - Filling up the DagBag from /opt/airflow/dags/finascore_pipeline_dag.py
[2026-08-02T11:12:25.652+0000] {processor.py:925} INFO - DAG(s) 'finascore_ml_pipeline' retrieved from /opt/airflow/dags/finascore_pipeline_dag.py
[2026-08-02T11:12:25.689+0000] {logging_mixin.py:190} INFO - [2026-08-02T11:12:25.689+0000] {dag.py:3239} INFO - Sync 1 DAGs
[2026-08-02T11:12:25.715+0000] {logging_mixin.py:190} INFO - [2026-08-02T11:12:25.715+0000] {dag.py:4180} INFO - Setting next_dagrun for finascore_ml_pipeline to 2026-07-26 00:00:00+00:00, run_after=2026-08-02 00:00:00+00:00
[2026-08-02T11:12:25.733+0000] {processor.py:208} INFO - Processing /opt/airflow/dags/finascore_pipeline_dag.py took 0.107 seconds
[2026-08-02T11:12:55.834+0000] {processor.py:186} INFO - Started process (PID=1056) to work on /opt/airflow/dags/finascore_pipeline_dag.py
[2026-08-02T11:12:55.835+0000] {processor.py:914} INFO - Processing file /opt/airflow/dags/finascore_pipeline_dag.py for tasks to queue
[2026-08-02T11:12:55.836+0000] {logging_mixin.py:190} INFO - [2026-08-02T11:12:55.836+0000] {dagbag.py:588} INFO - Filling up the DagBag from /opt/airflow/dags/finascore_pipeline_dag.py
[2026-08-02T11:12:55.855+0000] {processor.py:925} INFO - DAG(s) 'finascore_ml_pipeline' retrieved from /opt/airflow/dags/finascore_pipeline_dag.py
[2026-08-02T11:12:55.895+0000] {logging_mixin.py:190} INFO - [2026-08-02T11:12:55.895+0000] {dag.py:3239} INFO - Sync 1 DAGs
[2026-08-02T11:12:55.922+0000] {logging_mixin.py:190} INFO - [2026-08-02T11:12:55.922+0000] {dag.py:4180} INFO - Setting next_dagrun for finascore_ml_pipeline to 2026-07-26 00:00:00+00:00, run_after=2026-08-02 00:00:00+00:00
[2026-08-02T11:12:55.939+0000] {processor.py:208} INFO - Processing /opt/airflow/dags/finascore_pipeline_dag.py took 0.112 seconds
[2026-08-02T11:13:26.052+0000] {processor.py:186} INFO - Started process (PID=1061) to work on /opt/airflow/dags/finascore_pipeline_dag.py
[2026-08-02T11:13:26.053+0000] {processor.py:914} INFO - Processing file /opt/airflow/dags/finascore_pipeline_dag.py for tasks to queue
[2026-08-02T11:13:26.054+0000] {logging_mixin.py:190} INFO - [2026-08-02T11:13:26.054+0000] {dagbag.py:588} INFO - Filling up the DagBag from /opt/airflow/dags/finascore_pipeline_dag.py
[2026-08-02T11:13:26.071+0000] {processor.py:925} INFO - DAG(s) 'finascore_ml_pipeline' retrieved from /opt/airflow/dags/finascore_pipeline_dag.py
[2026-08-02T11:13:26.107+0000] {logging_mixin.py:190} INFO - [2026-08-02T11:13:26.107+0000] {dag.py:3239} INFO - Sync 1 DAGs
[2026-08-02T11:13:26.131+0000] {logging_mixin.py:190} INFO - [2026-08-02T11:13:26.130+0000] {dag.py:4180} INFO - Setting next_dagrun for finascore_ml_pipeline to 2026-07-26 00:00:00+00:00, run_after=2026-08-02 00:00:00+00:00
[2026-08-02T11:13:26.151+0000] {processor.py:208} INFO - Processing /opt/airflow/dags/finascore_pipeline_dag.py took 0.105 seconds
[2026-08-02T11:13:56.250+0000] {processor.py:186} INFO - Started process (PID=1066) to work on /opt/airflow/dags/finascore_pipeline_dag.py
[2026-08-02T11:13:56.252+0000] {processor.py:914} INFO - Processing file /opt/airflow/dags/finascore_pipeline_dag.py for tasks to queue
[2026-08-02T11:13:56.253+0000] {logging_mixin.py:190} INFO - [2026-08-02T11:13:56.253+0000] {dagbag.py:588} INFO - Filling up the DagBag from /opt/airflow/dags/finascore_pipeline_dag.py
[2026-08-02T11:13:56.269+0000] {processor.py:925} INFO - DAG(s) 'finascore_ml_pipeline' retrieved from /opt/airflow/dags/finascore_pipeline_dag.py
[2026-08-02T11:13:56.306+0000] {logging_mixin.py:190} INFO - [2026-08-02T11:13:56.306+0000] {dag.py:3239} INFO - Sync 1 DAGs
[2026-08-02T11:13:56.334+0000] {logging_mixin.py:190} INFO - [2026-08-02T11:13:56.333+0000] {dag.py:4180} INFO - Setting next_dagrun for finascore_ml_pipeline to 2026-07-26 00:00:00+00:00, run_after=2026-08-02 00:00:00+00:00
[2026-08-02T11:13:56.351+0000] {processor.py:208} INFO - Processing /opt/airflow/dags/finascore_pipeline_dag.py took 0.107 seconds
[2026-08-02T11:14:26.457+0000] {processor.py:186} INFO - Started process (PID=1071) to work on /opt/airflow/dags/finascore_pipeline_dag.py
[2026-08-02T11:14:26.458+0000] {processor.py:914} INFO - Processing file /opt/airflow/dags/finascore_pipeline_dag.py for tasks to queue
[2026-08-02T11:14:26.459+0000] {logging_mixin.py:190} INFO - [2026-08-02T11:14:26.459+0000] {dagbag.py:588} INFO - Filling up the DagBag from /opt/airflow/dags/finascore_pipeline_dag.py
[2026-08-02T11:14:26.473+0000] {processor.py:925} INFO - DAG(s) 'finascore_ml_pipeline' retrieved from /opt/airflow/dags/finascore_pipeline_dag.py
[2026-08-02T11:14:26.506+0000] {logging_mixin.py:190} INFO - [2026-08-02T11:14:26.506+0000] {dag.py:3239} INFO - Sync 1 DAGs
[2026-08-02T11:14:26.533+0000] {logging_mixin.py:190} INFO - [2026-08-02T11:14:26.532+0000] {dag.py:4180} INFO - Setting next_dagrun for finascore_ml_pipeline to 2026-07-26 00:00:00+00:00, run_after=2026-08-02 00:00:00+00:00
[2026-08-02T11:14:26.552+0000] {processor.py:208} INFO - Processing /opt/airflow/dags/finascore_pipeline_dag.py took 0.102 seconds
[2026-08-02T11:14:56.664+0000] {processor.py:186} INFO - Started process (PID=1076) to work on /opt/airflow/dags/finascore_pipeline_dag.py
[2026-08-02T11:14:56.665+0000] {processor.py:914} INFO - Processing file /opt/airflow/dags/finascore_pipeline_dag.py for tasks to queue
[2026-08-02T11:14:56.666+0000] {logging_mixin.py:190} INFO - [2026-08-02T11:14:56.666+0000] {dagbag.py:588} INFO - Filling up the DagBag from /opt/airflow/dags/finascore_pipeline_dag.py
[2026-08-02T11:14:56.682+0000] {processor.py:925} INFO - DAG(s) 'finascore_ml_pipeline' retrieved from /opt/airflow/dags/finascore_pipeline_dag.py
[2026-08-02T11:14:56.717+0000] {logging_mixin.py:190} INFO - [2026-08-02T11:14:56.717+0000] {dag.py:3239} INFO - Sync 1 DAGs
[2026-08-02T11:14:56.743+0000] {logging_mixin.py:190} INFO - [2026-08-02T11:14:56.742+0000] {dag.py:4180} INFO - Setting next_dagrun for finascore_ml_pipeline to 2026-07-26 00:00:00+00:00, run_after=2026-08-02 00:00:00+00:00
[2026-08-02T11:14:56.758+0000] {processor.py:208} INFO - Processing /opt/airflow/dags/finascore_pipeline_dag.py took 0.101 seconds
[2026-08-02T11:15:26.835+0000] {processor.py:186} INFO - Started process (PID=1081) to work on /opt/airflow/dags/finascore_pipeline_dag.py
[2026-08-02T11:15:26.835+0000] {processor.py:914} INFO - Processing file /opt/airflow/dags/finascore_pipeline_dag.py for tasks to queue
[2026-08-02T11:15:26.836+0000] {logging_mixin.py:190} INFO - [2026-08-02T11:15:26.836+0000] {dagbag.py:588} INFO - Filling up the DagBag from /opt/airflow/dags/finascore_pipeline_dag.py
[2026-08-02T11:15:26.853+0000] {processor.py:925} INFO - DAG(s) 'finascore_ml_pipeline' retrieved from /opt/airflow/dags/finascore_pipeline_dag.py
[2026-08-02T11:15:26.888+0000] {logging_mixin.py:190} INFO - [2026-08-02T11:15:26.888+0000] {dag.py:3239} INFO - Sync 1 DAGs
[2026-08-02T11:15:26.918+0000] {logging_mixin.py:190} INFO - [2026-08-02T11:15:26.918+0000] {dag.py:4180} INFO - Setting next_dagrun for finascore_ml_pipeline to 2026-07-26 00:00:00+00:00, run_after=2026-08-02 00:00:00+00:00
[2026-08-02T11:15:26.934+0000] {processor.py:208} INFO - Processing /opt/airflow/dags/finascore_pipeline_dag.py took 0.106 seconds
[2026-08-02T11:15:57.060+0000] {processor.py:186} INFO - Started process (PID=1086) to work on /opt/airflow/dags/finascore_pipeline_dag.py
[2026-08-02T11:15:57.062+0000] {processor.py:914} INFO - Processing file /opt/airflow/dags/finascore_pipeline_dag.py for tasks to queue
[2026-08-02T11:15:57.063+0000] {logging_mixin.py:190} INFO - [2026-08-02T11:15:57.063+0000] {dagbag.py:588} INFO - Filling up the DagBag from /opt/airflow/dags/finascore_pipeline_dag.py
[2026-08-02T11:15:57.077+0000] {processor.py:925} INFO - DAG(s) 'finascore_ml_pipeline' retrieved from /opt/airflow/dags/finascore_pipeline_dag.py
[2026-08-02T11:15:57.111+0000] {logging_mixin.py:190} INFO - [2026-08-02T11:15:57.110+0000] {dag.py:3239} INFO - Sync 1 DAGs
[2026-08-02T11:15:57.137+0000] {logging_mixin.py:190} INFO - [2026-08-02T11:15:57.137+0000] {dag.py:4180} INFO - Setting next_dagrun for finascore_ml_pipeline to 2026-07-26 00:00:00+00:00, run_after=2026-08-02 00:00:00+00:00
[2026-08-02T11:15:57.157+0000] {processor.py:208} INFO - Processing /opt/airflow/dags/finascore_pipeline_dag.py took 0.104 seconds
[2026-08-02T11:16:27.222+0000] {processor.py:186} INFO - Started process (PID=1091) to work on /opt/airflow/dags/finascore_pipeline_dag.py
[2026-08-02T11:16:27.223+0000] {processor.py:914} INFO - Processing file /opt/airflow/dags/finascore_pipeline_dag.py for tasks to queue
[2026-08-02T11:16:27.224+0000] {logging_mixin.py:190} INFO - [2026-08-02T11:16:27.224+0000] {dagbag.py:588} INFO - Filling up the DagBag from /opt/airflow/dags/finascore_pipeline_dag.py
[2026-08-02T11:16:27.240+0000] {processor.py:925} INFO - DAG(s) 'finascore_ml_pipeline' retrieved from /opt/airflow/dags/finascore_pipeline_dag.py
[2026-08-02T11:16:27.275+0000] {logging_mixin.py:190} INFO - [2026-08-02T11:16:27.275+0000] {dag.py:3239} INFO - Sync 1 DAGs
[2026-08-02T11:16:27.299+0000] {logging_mixin.py:190} INFO - [2026-08-02T11:16:27.299+0000] {dag.py:4180} INFO - Setting next_dagrun for finascore_ml_pipeline to 2026-07-26 00:00:00+00:00, run_after=2026-08-02 00:00:00+00:00
[2026-08-02T11:16:27.318+0000] {processor.py:208} INFO - Processing /opt/airflow/dags/finascore_pipeline_dag.py took 0.102 seconds
[2026-08-02T11:16:57.442+0000] {processor.py:186} INFO - Started process (PID=1096) to work on /opt/airflow/dags/finascore_pipeline_dag.py
[2026-08-02T11:16:57.444+0000] {processor.py:914} INFO - Processing file /opt/airflow/dags/finascore_pipeline_dag.py for tasks to queue
[2026-08-02T11:16:57.445+0000] {logging_mixin.py:190} INFO - [2026-08-02T11:16:57.445+0000] {dagbag.py:588} INFO - Filling up the DagBag from /opt/airflow/dags/finascore_pipeline_dag.py
[2026-08-02T11:16:57.462+0000] {processor.py:925} INFO - DAG(s) 'finascore_ml_pipeline' retrieved from /opt/airflow/dags/finascore_pipeline_dag.py
[2026-08-02T11:16:57.497+0000] {logging_mixin.py:190} INFO - [2026-08-02T11:16:57.496+0000] {dag.py:3239} INFO - Sync 1 DAGs
[2026-08-02T11:16:57.525+0000] {logging_mixin.py:190} INFO - [2026-08-02T11:16:57.525+0000] {dag.py:4180} INFO - Setting next_dagrun for finascore_ml_pipeline to 2026-07-26 00:00:00+00:00, run_after=2026-08-02 00:00:00+00:00
[2026-08-02T11:16:57.542+0000] {processor.py:208} INFO - Processing /opt/airflow/dags/finascore_pipeline_dag.py took 0.106 seconds
[2026-08-02T11:17:27.581+0000] {processor.py:186} INFO - Started process (PID=1101) to work on /opt/airflow/dags/finascore_pipeline_dag.py
[2026-08-02T11:17:27.581+0000] {processor.py:914} INFO - Processing file /opt/airflow/dags/finascore_pipeline_dag.py for tasks to queue
[2026-08-02T11:17:27.582+0000] {logging_mixin.py:190} INFO - [2026-08-02T11:17:27.582+0000] {dagbag.py:588} INFO - Filling up the DagBag from /opt/airflow/dags/finascore_pipeline_dag.py
[2026-08-02T11:17:27.598+0000] {processor.py:925} INFO - DAG(s) 'finascore_ml_pipeline' retrieved from /opt/airflow/dags/finascore_pipeline_dag.py
[2026-08-02T11:17:27.634+0000] {logging_mixin.py:190} INFO - [2026-08-02T11:17:27.634+0000] {dag.py:3239} INFO - Sync 1 DAGs
[2026-08-02T11:17:27.662+0000] {logging_mixin.py:190} INFO - [2026-08-02T11:17:27.662+0000] {dag.py:4180} INFO - Setting next_dagrun for finascore_ml_pipeline to 2026-07-26 00:00:00+00:00, run_after=2026-08-02 00:00:00+00:00
[2026-08-02T11:17:27.678+0000] {processor.py:208} INFO - Processing /opt/airflow/dags/finascore_pipeline_dag.py took 0.104 seconds
[2026-08-02T11:17:57.835+0000] {processor.py:186} INFO - Started process (PID=1106) to work on /opt/airflow/dags/finascore_pipeline_dag.py
[2026-08-02T11:17:57.837+0000] {processor.py:914} INFO - Processing file /opt/airflow/dags/finascore_pipeline_dag.py for tasks to queue
[2026-08-02T11:17:57.838+0000] {logging_mixin.py:190} INFO - [2026-08-02T11:17:57.838+0000] {dagbag.py:588} INFO - Filling up the DagBag from /opt/airflow/dags/finascore_pipeline_dag.py
[2026-08-02T11:17:57.851+0000] {processor.py:925} INFO - DAG(s) 'finascore_ml_pipeline' retrieved from /opt/airflow/dags/finascore_pipeline_dag.py
[2026-08-02T11:17:57.885+0000] {logging_mixin.py:190} INFO - [2026-08-02T11:17:57.885+0000] {dag.py:3239} INFO - Sync 1 DAGs
[2026-08-02T11:17:57.911+0000] {logging_mixin.py:190} INFO - [2026-08-02T11:17:57.911+0000] {dag.py:4180} INFO - Setting next_dagrun for finascore_ml_pipeline to 2026-07-26 00:00:00+00:00, run_after=2026-08-02 00:00:00+00:00
[2026-08-02T11:17:57.931+0000] {processor.py:208} INFO - Processing /opt/airflow/dags/finascore_pipeline_dag.py took 0.102 seconds
[2026-08-02T11:18:27.976+0000] {processor.py:186} INFO - Started process (PID=1111) to work on /opt/airflow/dags/finascore_pipeline_dag.py
[2026-08-02T11:18:27.976+0000] {processor.py:914} INFO - Processing file /opt/airflow/dags/finascore_pipeline_dag.py for tasks to queue
[2026-08-02T11:18:27.977+0000] {logging_mixin.py:190} INFO - [2026-08-02T11:18:27.977+0000] {dagbag.py:588} INFO - Filling up the DagBag from /opt/airflow/dags/finascore_pipeline_dag.py
[2026-08-02T11:18:27.995+0000] {processor.py:925} INFO - DAG(s) 'finascore_ml_pipeline' retrieved from /opt/airflow/dags/finascore_pipeline_dag.py
[2026-08-02T11:18:28.033+0000] {logging_mixin.py:190} INFO - [2026-08-02T11:18:28.033+0000] {dag.py:3239} INFO - Sync 1 DAGs
[2026-08-02T11:18:28.062+0000] {logging_mixin.py:190} INFO - [2026-08-02T11:18:28.062+0000] {dag.py:4180} INFO - Setting next_dagrun for finascore_ml_pipeline to 2026-07-26 00:00:00+00:00, run_after=2026-08-02 00:00:00+00:00
[2026-08-02T11:18:28.079+0000] {processor.py:208} INFO - Processing /opt/airflow/dags/finascore_pipeline_dag.py took 0.111 seconds
[2026-08-02T11:18:58.237+0000] {processor.py:186} INFO - Started process (PID=1116) to work on /opt/airflow/dags/finascore_pipeline_dag.py
[2026-08-02T11:18:58.238+0000] {processor.py:914} INFO - Processing file /opt/airflow/dags/finascore_pipeline_dag.py for tasks to queue
[2026-08-02T11:18:58.240+0000] {logging_mixin.py:190} INFO - [2026-08-02T11:18:58.239+0000] {dagbag.py:588} INFO - Filling up the DagBag from /opt/airflow/dags/finascore_pipeline_dag.py
[2026-08-02T11:18:58.253+0000] {processor.py:925} INFO - DAG(s) 'finascore_ml_pipeline' retrieved from /opt/airflow/dags/finascore_pipeline_dag.py
[2026-08-02T11:18:58.287+0000] {logging_mixin.py:190} INFO - [2026-08-02T11:18:58.287+0000] {dag.py:3239} INFO - Sync 1 DAGs
[2026-08-02T11:18:58.313+0000] {logging_mixin.py:190} INFO - [2026-08-02T11:18:58.313+0000] {dag.py:4180} INFO - Setting next_dagrun for finascore_ml_pipeline to 2026-07-26 00:00:00+00:00, run_after=2026-08-02 00:00:00+00:00
[2026-08-02T11:18:58.334+0000] {processor.py:208} INFO - Processing /opt/airflow/dags/finascore_pipeline_dag.py took 0.105 seconds
[2026-08-02T11:19:28.390+0000] {processor.py:186} INFO - Started process (PID=1121) to work on /opt/airflow/dags/finascore_pipeline_dag.py
[2026-08-02T11:19:28.391+0000] {processor.py:914} INFO - Processing file /opt/airflow/dags/finascore_pipeline_dag.py for tasks to queue
[2026-08-02T11:19:28.392+0000] {logging_mixin.py:190} INFO - [2026-08-02T11:19:28.392+0000] {dagbag.py:588} INFO - Filling up the DagBag from /opt/airflow/dags/finascore_pipeline_dag.py
[2026-08-02T11:19:28.408+0000] {processor.py:925} INFO - DAG(s) 'finascore_ml_pipeline' retrieved from /opt/airflow/dags/finascore_pipeline_dag.py
[2026-08-02T11:19:28.444+0000] {logging_mixin.py:190} INFO - [2026-08-02T11:19:28.444+0000] {dag.py:3239} INFO - Sync 1 DAGs
[2026-08-02T11:19:28.473+0000] {logging_mixin.py:190} INFO - [2026-08-02T11:19:28.473+0000] {dag.py:4180} INFO - Setting next_dagrun for finascore_ml_pipeline to 2026-07-26 00:00:00+00:00, run_after=2026-08-02 00:00:00+00:00
[2026-08-02T11:19:28.491+0000] {processor.py:208} INFO - Processing /opt/airflow/dags/finascore_pipeline_dag.py took 0.107 seconds
[2026-08-02T11:19:58.644+0000] {processor.py:186} INFO - Started process (PID=1126) to work on /opt/airflow/dags/finascore_pipeline_dag.py
[2026-08-02T11:19:58.646+0000] {processor.py:914} INFO - Processing file /opt/airflow/dags/finascore_pipeline_dag.py for tasks to queue
[2026-08-02T11:19:58.647+0000] {logging_mixin.py:190} INFO - [2026-08-02T11:19:58.647+0000] {dagbag.py:588} INFO - Filling up the DagBag from /opt/airflow/dags/finascore_pipeline_dag.py
[2026-08-02T11:19:58.664+0000] {processor.py:925} INFO - DAG(s) 'finascore_ml_pipeline' retrieved from /opt/airflow/dags/finascore_pipeline_dag.py
[2026-08-02T11:19:58.699+0000] {logging_mixin.py:190} INFO - [2026-08-02T11:19:58.699+0000] {dag.py:3239} INFO - Sync 1 DAGs
[2026-08-02T11:19:58.726+0000] {logging_mixin.py:190} INFO - [2026-08-02T11:19:58.726+0000] {dag.py:4180} INFO - Setting next_dagrun for finascore_ml_pipeline to 2026-07-26 00:00:00+00:00, run_after=2026-08-02 00:00:00+00:00
[2026-08-02T11:19:58.744+0000] {processor.py:208} INFO - Processing /opt/airflow/dags/finascore_pipeline_dag.py took 0.106 seconds
[2026-08-02T11:20:28.812+0000] {processor.py:186} INFO - Started process (PID=1131) to work on /opt/airflow/dags/finascore_pipeline_dag.py
[2026-08-02T11:20:28.813+0000] {processor.py:914} INFO - Processing file /opt/airflow/dags/finascore_pipeline_dag.py for tasks to queue
[2026-08-02T11:20:28.816+0000] {logging_mixin.py:190} INFO - [2026-08-02T11:20:28.815+0000] {dagbag.py:588} INFO - Filling up the DagBag from /opt/airflow/dags/finascore_pipeline_dag.py
[2026-08-02T11:20:28.830+0000] {processor.py:925} INFO - DAG(s) 'finascore_ml_pipeline' retrieved from /opt/airflow/dags/finascore_pipeline_dag.py
[2026-08-02T11:20:28.866+0000] {logging_mixin.py:190} INFO - [2026-08-02T11:20:28.866+0000] {dag.py:3239} INFO - Sync 1 DAGs
[2026-08-02T11:20:28.893+0000] {logging_mixin.py:190} INFO - [2026-08-02T11:20:28.893+0000] {dag.py:4180} INFO - Setting next_dagrun for finascore_ml_pipeline to 2026-07-26 00:00:00+00:00, run_after=2026-08-02 00:00:00+00:00
[2026-08-02T11:20:28.909+0000] {processor.py:208} INFO - Processing /opt/airflow/dags/finascore_pipeline_dag.py took 0.104 seconds
[2026-08-02T11:20:59.010+0000] {processor.py:186} INFO - Started process (PID=1136) to work on /opt/airflow/dags/finascore_pipeline_dag.py
[2026-08-02T11:20:59.012+0000] {processor.py:914} INFO - Processing file /opt/airflow/dags/finascore_pipeline_dag.py for tasks to queue
[2026-08-02T11:20:59.013+0000] {logging_mixin.py:190} INFO - [2026-08-02T11:20:59.012+0000] {dagbag.py:588} INFO - Filling up the DagBag from /opt/airflow/dags/finascore_pipeline_dag.py
[2026-08-02T11:20:59.027+0000] {processor.py:925} INFO - DAG(s) 'finascore_ml_pipeline' retrieved from /opt/airflow/dags/finascore_pipeline_dag.py
[2026-08-02T11:20:59.063+0000] {logging_mixin.py:190} INFO - [2026-08-02T11:20:59.063+0000] {dag.py:3239} INFO - Sync 1 DAGs
[2026-08-02T11:20:59.089+0000] {logging_mixin.py:190} INFO - [2026-08-02T11:20:59.089+0000] {dag.py:4180} INFO - Setting next_dagrun for finascore_ml_pipeline to 2026-07-26 00:00:00+00:00, run_after=2026-08-02 00:00:00+00:00
[2026-08-02T11:20:59.109+0000] {processor.py:208} INFO - Processing /opt/airflow/dags/finascore_pipeline_dag.py took 0.108 seconds
[2026-08-02T11:21:29.197+0000] {processor.py:186} INFO - Started process (PID=1141) to work on /opt/airflow/dags/finascore_pipeline_dag.py
[2026-08-02T11:21:29.198+0000] {processor.py:914} INFO - Processing file /opt/airflow/dags/finascore_pipeline_dag.py for tasks to queue
[2026-08-02T11:21:29.200+0000] {logging_mixin.py:190} INFO - [2026-08-02T11:21:29.199+0000] {dagbag.py:588} INFO - Filling up the DagBag from /opt/airflow/dags/finascore_pipeline_dag.py
[2026-08-02T11:21:29.213+0000] {processor.py:925} INFO - DAG(s) 'finascore_ml_pipeline' retrieved from /opt/airflow/dags/finascore_pipeline_dag.py
[2026-08-02T11:21:29.247+0000] {logging_mixin.py:190} INFO - [2026-08-02T11:21:29.247+0000] {dag.py:3239} INFO - Sync 1 DAGs
[2026-08-02T11:21:29.273+0000] {logging_mixin.py:190} INFO - [2026-08-02T11:21:29.273+0000] {dag.py:4180} INFO - Setting next_dagrun for finascore_ml_pipeline to 2026-07-26 00:00:00+00:00, run_after=2026-08-02 00:00:00+00:00
[2026-08-02T11:21:29.291+0000] {processor.py:208} INFO - Processing /opt/airflow/dags/finascore_pipeline_dag.py took 0.105 seconds
[2026-08-02T11:21:59.388+0000] {processor.py:186} INFO - Started process (PID=1146) to work on /opt/airflow/dags/finascore_pipeline_dag.py
[2026-08-02T11:21:59.389+0000] {processor.py:914} INFO - Processing file /opt/airflow/dags/finascore_pipeline_dag.py for tasks to queue
[2026-08-02T11:21:59.390+0000] {logging_mixin.py:190} INFO - [2026-08-02T11:21:59.390+0000] {dagbag.py:588} INFO - Filling up the DagBag from /opt/airflow/dags/finascore_pipeline_dag.py
[2026-08-02T11:21:59.403+0000] {processor.py:925} INFO - DAG(s) 'finascore_ml_pipeline' retrieved from /opt/airflow/dags/finascore_pipeline_dag.py
[2026-08-02T11:21:59.443+0000] {logging_mixin.py:190} INFO - [2026-08-02T11:21:59.443+0000] {dag.py:3239} INFO - Sync 1 DAGs
[2026-08-02T11:21:59.466+0000] {logging_mixin.py:190} INFO - [2026-08-02T11:21:59.466+0000] {dag.py:4180} INFO - Setting next_dagrun for finascore_ml_pipeline to 2026-07-26 00:00:00+00:00, run_after=2026-08-02 00:00:00+00:00
[2026-08-02T11:21:59.485+0000] {processor.py:208} INFO - Processing /opt/airflow/dags/finascore_pipeline_dag.py took 0.105 seconds
[2026-08-02T11:22:29.576+0000] {processor.py:186} INFO - Started process (PID=1151) to work on /opt/airflow/dags/finascore_pipeline_dag.py
[2026-08-02T11:22:29.577+0000] {processor.py:914} INFO - Processing file /opt/airflow/dags/finascore_pipeline_dag.py for tasks to queue
[2026-08-02T11:22:29.578+0000] {logging_mixin.py:190} INFO - [2026-08-02T11:22:29.578+0000] {dagbag.py:588} INFO - Filling up the DagBag from /opt/airflow/dags/finascore_pipeline_dag.py
[2026-08-02T11:22:29.594+0000] {processor.py:925} INFO - DAG(s) 'finascore_ml_pipeline' retrieved from /opt/airflow/dags/finascore_pipeline_dag.py
[2026-08-02T11:22:29.631+0000] {logging_mixin.py:190} INFO - [2026-08-02T11:22:29.631+0000] {dag.py:3239} INFO - Sync 1 DAGs
[2026-08-02T11:22:29.658+0000] {logging_mixin.py:190} INFO - [2026-08-02T11:22:29.658+0000] {dag.py:4180} INFO - Setting next_dagrun for finascore_ml_pipeline to 2026-07-26 00:00:00+00:00, run_after=2026-08-02 00:00:00+00:00
[2026-08-02T11:22:29.676+0000] {processor.py:208} INFO - Processing /opt/airflow/dags/finascore_pipeline_dag.py took 0.107 seconds
[2026-08-02T11:22:59.805+0000] {processor.py:186} INFO - Started process (PID=1156) to work on /opt/airflow/dags/finascore_pipeline_dag.py
[2026-08-02T11:22:59.807+0000] {processor.py:914} INFO - Processing file /opt/airflow/dags/finascore_pipeline_dag.py for tasks to queue
[2026-08-02T11:22:59.808+0000] {logging_mixin.py:190} INFO - [2026-08-02T11:22:59.808+0000] {dagbag.py:588} INFO - Filling up the DagBag from /opt/airflow/dags/finascore_pipeline_dag.py
[2026-08-02T11:22:59.825+0000] {processor.py:925} INFO - DAG(s) 'finascore_ml_pipeline' retrieved from /opt/airflow/dags/finascore_pipeline_dag.py
[2026-08-02T11:22:59.860+0000] {logging_mixin.py:190} INFO - [2026-08-02T11:22:59.860+0000] {dag.py:3239} INFO - Sync 1 DAGs
[2026-08-02T11:22:59.887+0000] {logging_mixin.py:190} INFO - [2026-08-02T11:22:59.887+0000] {dag.py:4180} INFO - Setting next_dagrun for finascore_ml_pipeline to 2026-07-26 00:00:00+00:00, run_after=2026-08-02 00:00:00+00:00
[2026-08-02T11:22:59.904+0000] {processor.py:208} INFO - Processing /opt/airflow/dags/finascore_pipeline_dag.py took 0.106 seconds
[2026-08-02T11:23:29.974+0000] {processor.py:186} INFO - Started process (PID=1161) to work on /opt/airflow/dags/finascore_pipeline_dag.py
[2026-08-02T11:23:29.975+0000] {processor.py:914} INFO - Processing file /opt/airflow/dags/finascore_pipeline_dag.py for tasks to queue
[2026-08-02T11:23:29.976+0000] {logging_mixin.py:190} INFO - [2026-08-02T11:23:29.976+0000] {dagbag.py:588} INFO - Filling up the DagBag from /opt/airflow/dags/finascore_pipeline_dag.py
[2026-08-02T11:23:29.992+0000] {processor.py:925} INFO - DAG(s) 'finascore_ml_pipeline' retrieved from /opt/airflow/dags/finascore_pipeline_dag.py
[2026-08-02T11:23:30.029+0000] {logging_mixin.py:190} INFO - [2026-08-02T11:23:30.029+0000] {dag.py:3239} INFO - Sync 1 DAGs
[2026-08-02T11:23:30.056+0000] {logging_mixin.py:190} INFO - [2026-08-02T11:23:30.056+0000] {dag.py:4180} INFO - Setting next_dagrun for finascore_ml_pipeline to 2026-07-26 00:00:00+00:00, run_after=2026-08-02 00:00:00+00:00
[2026-08-02T11:23:30.072+0000] {processor.py:208} INFO - Processing /opt/airflow/dags/finascore_pipeline_dag.py took 0.104 seconds
[2026-08-02T11:24:00.210+0000] {processor.py:186} INFO - Started process (PID=1166) to work on /opt/airflow/dags/finascore_pipeline_dag.py
[2026-08-02T11:24:00.212+0000] {processor.py:914} INFO - Processing file /opt/airflow/dags/finascore_pipeline_dag.py for tasks to queue
[2026-08-02T11:24:00.214+0000] {logging_mixin.py:190} INFO - [2026-08-02T11:24:00.213+0000] {dagbag.py:588} INFO - Filling up the DagBag from /opt/airflow/dags/finascore_pipeline_dag.py
[2026-08-02T11:24:00.232+0000] {processor.py:925} INFO - DAG(s) 'finascore_ml_pipeline' retrieved from /opt/airflow/dags/finascore_pipeline_dag.py
[2026-08-02T11:24:00.268+0000] {logging_mixin.py:190} INFO - [2026-08-02T11:24:00.267+0000] {dag.py:3239} INFO - Sync 1 DAGs
[2026-08-02T11:24:00.294+0000] {logging_mixin.py:190} INFO - [2026-08-02T11:24:00.294+0000] {dag.py:4180} INFO - Setting next_dagrun for finascore_ml_pipeline to 2026-07-26 00:00:00+00:00, run_after=2026-08-02 00:00:00+00:00
[2026-08-02T11:24:00.310+0000] {processor.py:208} INFO - Processing /opt/airflow/dags/finascore_pipeline_dag.py took 0.106 seconds
[2026-08-02T11:24:30.376+0000] {processor.py:186} INFO - Started process (PID=1171) to work on /opt/airflow/dags/finascore_pipeline_dag.py
[2026-08-02T11:24:30.378+0000] {processor.py:914} INFO - Processing file /opt/airflow/dags/finascore_pipeline_dag.py for tasks to queue
[2026-08-02T11:24:30.381+0000] {logging_mixin.py:190} INFO - [2026-08-02T11:24:30.379+0000] {dagbag.py:588} INFO - Filling up the DagBag from /opt/airflow/dags/finascore_pipeline_dag.py
[2026-08-02T11:24:30.399+0000] {processor.py:925} INFO - DAG(s) 'finascore_ml_pipeline' retrieved from /opt/airflow/dags/finascore_pipeline_dag.py
[2026-08-02T11:24:30.434+0000] {logging_mixin.py:190} INFO - [2026-08-02T11:24:30.434+0000] {dag.py:3239} INFO - Sync 1 DAGs
[2026-08-02T11:24:30.461+0000] {logging_mixin.py:190} INFO - [2026-08-02T11:24:30.460+0000] {dag.py:4180} INFO - Setting next_dagrun for finascore_ml_pipeline to 2026-07-26 00:00:00+00:00, run_after=2026-08-02 00:00:00+00:00
[2026-08-02T11:24:30.480+0000] {processor.py:208} INFO - Processing /opt/airflow/dags/finascore_pipeline_dag.py took 0.113 seconds
[2026-08-02T11:25:00.609+0000] {processor.py:186} INFO - Started process (PID=1176) to work on /opt/airflow/dags/finascore_pipeline_dag.py
[2026-08-02T11:25:00.611+0000] {processor.py:914} INFO - Processing file /opt/airflow/dags/finascore_pipeline_dag.py for tasks to queue
[2026-08-02T11:25:00.612+0000] {logging_mixin.py:190} INFO - [2026-08-02T11:25:00.612+0000] {dagbag.py:588} INFO - Filling up the DagBag from /opt/airflow/dags/finascore_pipeline_dag.py
[2026-08-02T11:25:00.632+0000] {processor.py:925} INFO - DAG(s) 'finascore_ml_pipeline' retrieved from /opt/airflow/dags/finascore_pipeline_dag.py
[2026-08-02T11:25:00.679+0000] {logging_mixin.py:190} INFO - [2026-08-02T11:25:00.679+0000] {dag.py:3239} INFO - Sync 1 DAGs
[2026-08-02T11:25:00.704+0000] {logging_mixin.py:190} INFO - [2026-08-02T11:25:00.704+0000] {dag.py:4180} INFO - Setting next_dagrun for finascore_ml_pipeline to 2026-07-26 00:00:00+00:00, run_after=2026-08-02 00:00:00+00:00
[2026-08-02T11:25:00.720+0000] {processor.py:208} INFO - Processing /opt/airflow/dags/finascore_pipeline_dag.py took 0.117 seconds
[2026-08-02T11:25:30.792+0000] {processor.py:186} INFO - Started process (PID=1181) to work on /opt/airflow/dags/finascore_pipeline_dag.py
[2026-08-02T11:25:30.794+0000] {processor.py:914} INFO - Processing file /opt/airflow/dags/finascore_pipeline_dag.py for tasks to queue
[2026-08-02T11:25:30.795+0000] {logging_mixin.py:190} INFO - [2026-08-02T11:25:30.795+0000] {dagbag.py:588} INFO - Filling up the DagBag from /opt/airflow/dags/finascore_pipeline_dag.py
[2026-08-02T11:25:30.809+0000] {processor.py:925} INFO - DAG(s) 'finascore_ml_pipeline' retrieved from /opt/airflow/dags/finascore_pipeline_dag.py
[2026-08-02T11:25:30.844+0000] {logging_mixin.py:190} INFO - [2026-08-02T11:25:30.844+0000] {dag.py:3239} INFO - Sync 1 DAGs
[2026-08-02T11:25:30.873+0000] {logging_mixin.py:190} INFO - [2026-08-02T11:25:30.873+0000] {dag.py:4180} INFO - Setting next_dagrun for finascore_ml_pipeline to 2026-07-26 00:00:00+00:00, run_after=2026-08-02 00:00:00+00:00
[2026-08-02T11:25:30.888+0000] {processor.py:208} INFO - Processing /opt/airflow/dags/finascore_pipeline_dag.py took 0.104 seconds
[2026-08-02T11:26:01.034+0000] {processor.py:186} INFO - Started process (PID=1186) to work on /opt/airflow/dags/finascore_pipeline_dag.py
[2026-08-02T11:26:01.036+0000] {processor.py:914} INFO - Processing file /opt/airflow/dags/finascore_pipeline_dag.py for tasks to queue
[2026-08-02T11:26:01.038+0000] {logging_mixin.py:190} INFO - [2026-08-02T11:26:01.037+0000] {dagbag.py:588} INFO - Filling up the DagBag from /opt/airflow/dags/finascore_pipeline_dag.py
[2026-08-02T11:26:01.053+0000] {processor.py:925} INFO - DAG(s) 'finascore_ml_pipeline' retrieved from /opt/airflow/dags/finascore_pipeline_dag.py
[2026-08-02T11:26:01.088+0000] {logging_mixin.py:190} INFO - [2026-08-02T11:26:01.088+0000] {dag.py:3239} INFO - Sync 1 DAGs
[2026-08-02T11:26:01.114+0000] {logging_mixin.py:190} INFO - [2026-08-02T11:26:01.113+0000] {dag.py:4180} INFO - Setting next_dagrun for finascore_ml_pipeline to 2026-07-26 00:00:00+00:00, run_after=2026-08-02 00:00:00+00:00
[2026-08-02T11:26:01.129+0000] {processor.py:208} INFO - Processing /opt/airflow/dags/finascore_pipeline_dag.py took 0.101 seconds
[2026-08-02T11:26:31.194+0000] {processor.py:186} INFO - Started process (PID=1191) to work on /opt/airflow/dags/finascore_pipeline_dag.py
[2026-08-02T11:26:31.195+0000] {processor.py:914} INFO - Processing file /opt/airflow/dags/finascore_pipeline_dag.py for tasks to queue
[2026-08-02T11:26:31.196+0000] {logging_mixin.py:190} INFO - [2026-08-02T11:26:31.195+0000] {dagbag.py:588} INFO - Filling up the DagBag from /opt/airflow/dags/finascore_pipeline_dag.py
[2026-08-02T11:26:31.208+0000] {processor.py:925} INFO - DAG(s) 'finascore_ml_pipeline' retrieved from /opt/airflow/dags/finascore_pipeline_dag.py
[2026-08-02T11:26:31.242+0000] {logging_mixin.py:190} INFO - [2026-08-02T11:26:31.242+0000] {dag.py:3239} INFO - Sync 1 DAGs
[2026-08-02T11:26:31.271+0000] {logging_mixin.py:190} INFO - [2026-08-02T11:26:31.271+0000] {dag.py:4180} INFO - Setting next_dagrun for finascore_ml_pipeline to 2026-07-26 00:00:00+00:00, run_after=2026-08-02 00:00:00+00:00
[2026-08-02T11:26:31.290+0000] {processor.py:208} INFO - Processing /opt/airflow/dags/finascore_pipeline_dag.py took 0.103 seconds
[2026-08-02T11:27:01.434+0000] {processor.py:186} INFO - Started process (PID=1196) to work on /opt/airflow/dags/finascore_pipeline_dag.py
[2026-08-02T11:27:01.435+0000] {processor.py:914} INFO - Processing file /opt/airflow/dags/finascore_pipeline_dag.py for tasks to queue
[2026-08-02T11:27:01.436+0000] {logging_mixin.py:190} INFO - [2026-08-02T11:27:01.436+0000] {dagbag.py:588} INFO - Filling up the DagBag from /opt/airflow/dags/finascore_pipeline_dag.py
[2026-08-02T11:27:01.452+0000] {processor.py:925} INFO - DAG(s) 'finascore_ml_pipeline' retrieved from /opt/airflow/dags/finascore_pipeline_dag.py
[2026-08-02T11:27:01.487+0000] {logging_mixin.py:190} INFO - [2026-08-02T11:27:01.487+0000] {dag.py:3239} INFO - Sync 1 DAGs
[2026-08-02T11:27:01.513+0000] {logging_mixin.py:190} INFO - [2026-08-02T11:27:01.512+0000] {dag.py:4180} INFO - Setting next_dagrun for finascore_ml_pipeline to 2026-07-26 00:00:00+00:00, run_after=2026-08-02 00:00:00+00:00
[2026-08-02T11:27:01.529+0000] {processor.py:208} INFO - Processing /opt/airflow/dags/finascore_pipeline_dag.py took 0.102 seconds
[2026-08-02T11:27:31.593+0000] {processor.py:186} INFO - Started process (PID=1201) to work on /opt/airflow/dags/finascore_pipeline_dag.py
[2026-08-02T11:27:31.594+0000] {processor.py:914} INFO - Processing file /opt/airflow/dags/finascore_pipeline_dag.py for tasks to queue
[2026-08-02T11:27:31.596+0000] {logging_mixin.py:190} INFO - [2026-08-02T11:27:31.595+0000] {dagbag.py:588} INFO - Filling up the DagBag from /opt/airflow/dags/finascore_pipeline_dag.py
[2026-08-02T11:27:31.613+0000] {processor.py:925} INFO - DAG(s) 'finascore_ml_pipeline' retrieved from /opt/airflow/dags/finascore_pipeline_dag.py
[2026-08-02T11:27:31.649+0000] {logging_mixin.py:190} INFO - [2026-08-02T11:27:31.649+0000] {dag.py:3239} INFO - Sync 1 DAGs
[2026-08-02T11:27:31.673+0000] {logging_mixin.py:190} INFO - [2026-08-02T11:27:31.673+0000] {dag.py:4180} INFO - Setting next_dagrun for finascore_ml_pipeline to 2026-07-26 00:00:00+00:00, run_after=2026-08-02 00:00:00+00:00
[2026-08-02T11:27:31.692+0000] {processor.py:208} INFO - Processing /opt/airflow/dags/finascore_pipeline_dag.py took 0.106 seconds
[2026-08-02T11:28:01.838+0000] {processor.py:186} INFO - Started process (PID=1206) to work on /opt/airflow/dags/finascore_pipeline_dag.py
[2026-08-02T11:28:01.840+0000] {processor.py:914} INFO - Processing file /opt/airflow/dags/finascore_pipeline_dag.py for tasks to queue
[2026-08-02T11:28:01.841+0000] {logging_mixin.py:190} INFO - [2026-08-02T11:28:01.841+0000] {dagbag.py:588} INFO - Filling up the DagBag from /opt/airflow/dags/finascore_pipeline_dag.py
[2026-08-02T11:28:01.854+0000] {processor.py:925} INFO - DAG(s) 'finascore_ml_pipeline' retrieved from /opt/airflow/dags/finascore_pipeline_dag.py
[2026-08-02T11:28:01.888+0000] {logging_mixin.py:190} INFO - [2026-08-02T11:28:01.888+0000] {dag.py:3239} INFO - Sync 1 DAGs
[2026-08-02T11:28:01.916+0000] {logging_mixin.py:190} INFO - [2026-08-02T11:28:01.915+0000] {dag.py:4180} INFO - Setting next_dagrun for finascore_ml_pipeline to 2026-07-26 00:00:00+00:00, run_after=2026-08-02 00:00:00+00:00
[2026-08-02T11:28:01.935+0000] {processor.py:208} INFO - Processing /opt/airflow/dags/finascore_pipeline_dag.py took 0.105 seconds
[2026-08-02T11:28:31.987+0000] {processor.py:186} INFO - Started process (PID=1211) to work on /opt/airflow/dags/finascore_pipeline_dag.py
[2026-08-02T11:28:31.988+0000] {processor.py:914} INFO - Processing file /opt/airflow/dags/finascore_pipeline_dag.py for tasks to queue
[2026-08-02T11:28:31.991+0000] {logging_mixin.py:190} INFO - [2026-08-02T11:28:31.990+0000] {dagbag.py:588} INFO - Filling up the DagBag from /opt/airflow/dags/finascore_pipeline_dag.py
[2026-08-02T11:28:32.005+0000] {processor.py:925} INFO - DAG(s) 'finascore_ml_pipeline' retrieved from /opt/airflow/dags/finascore_pipeline_dag.py
[2026-08-02T11:28:32.040+0000] {logging_mixin.py:190} INFO - [2026-08-02T11:28:32.040+0000] {dag.py:3239} INFO - Sync 1 DAGs
[2026-08-02T11:28:32.068+0000] {logging_mixin.py:190} INFO - [2026-08-02T11:28:32.068+0000] {dag.py:4180} INFO - Setting next_dagrun for finascore_ml_pipeline to 2026-07-26 00:00:00+00:00, run_after=2026-08-02 00:00:00+00:00
[2026-08-02T11:28:32.084+0000] {processor.py:208} INFO - Processing /opt/airflow/dags/finascore_pipeline_dag.py took 0.104 seconds
[2026-08-02T11:29:02.230+0000] {processor.py:186} INFO - Started process (PID=1216) to work on /opt/airflow/dags/finascore_pipeline_dag.py
[2026-08-02T11:29:02.232+0000] {processor.py:914} INFO - Processing file /opt/airflow/dags/finascore_pipeline_dag.py for tasks to queue
[2026-08-02T11:29:02.233+0000] {logging_mixin.py:190} INFO - [2026-08-02T11:29:02.233+0000] {dagbag.py:588} INFO - Filling up the DagBag from /opt/airflow/dags/finascore_pipeline_dag.py
[2026-08-02T11:29:02.247+0000] {processor.py:925} INFO - DAG(s) 'finascore_ml_pipeline' retrieved from /opt/airflow/dags/finascore_pipeline_dag.py
[2026-08-02T11:29:02.281+0000] {logging_mixin.py:190} INFO - [2026-08-02T11:29:02.280+0000] {dag.py:3239} INFO - Sync 1 DAGs
[2026-08-02T11:29:02.306+0000] {logging_mixin.py:190} INFO - [2026-08-02T11:29:02.306+0000] {dag.py:4180} INFO - Setting next_dagrun for finascore_ml_pipeline to 2026-07-26 00:00:00+00:00, run_after=2026-08-02 00:00:00+00:00
[2026-08-02T11:29:02.323+0000] {processor.py:208} INFO - Processing /opt/airflow/dags/finascore_pipeline_dag.py took 0.102 seconds
[2026-08-02T11:29:32.378+0000] {processor.py:186} INFO - Started process (PID=1221) to work on /opt/airflow/dags/finascore_pipeline_dag.py
[2026-08-02T11:29:32.378+0000] {processor.py:914} INFO - Processing file /opt/airflow/dags/finascore_pipeline_dag.py for tasks to queue
[2026-08-02T11:29:32.380+0000] {logging_mixin.py:190} INFO - [2026-08-02T11:29:32.379+0000] {dagbag.py:588} INFO - Filling up the DagBag from /opt/airflow/dags/finascore_pipeline_dag.py
[2026-08-02T11:29:32.393+0000] {processor.py:925} INFO - DAG(s) 'finascore_ml_pipeline' retrieved from /opt/airflow/dags/finascore_pipeline_dag.py
[2026-08-02T11:29:32.429+0000] {logging_mixin.py:190} INFO - [2026-08-02T11:29:32.429+0000] {dag.py:3239} INFO - Sync 1 DAGs
[2026-08-02T11:29:32.457+0000] {logging_mixin.py:190} INFO - [2026-08-02T11:29:32.457+0000] {dag.py:4180} INFO - Setting next_dagrun for finascore_ml_pipeline to 2026-07-26 00:00:00+00:00, run_after=2026-08-02 00:00:00+00:00
[2026-08-02T11:29:32.476+0000] {processor.py:208} INFO - Processing /opt/airflow/dags/finascore_pipeline_dag.py took 0.108 seconds
[2026-08-02T11:30:02.622+0000] {processor.py:186} INFO - Started process (PID=1226) to work on /opt/airflow/dags/finascore_pipeline_dag.py
[2026-08-02T11:30:02.624+0000] {processor.py:914} INFO - Processing file /opt/airflow/dags/finascore_pipeline_dag.py for tasks to queue
[2026-08-02T11:30:02.625+0000] {logging_mixin.py:190} INFO - [2026-08-02T11:30:02.624+0000] {dagbag.py:588} INFO - Filling up the DagBag from /opt/airflow/dags/finascore_pipeline_dag.py
[2026-08-02T11:30:02.638+0000] {processor.py:925} INFO - DAG(s) 'finascore_ml_pipeline' retrieved from /opt/airflow/dags/finascore_pipeline_dag.py
[2026-08-02T11:30:02.673+0000] {logging_mixin.py:190} INFO - [2026-08-02T11:30:02.672+0000] {dag.py:3239} INFO - Sync 1 DAGs
[2026-08-02T11:30:02.716+0000] {logging_mixin.py:190} INFO - [2026-08-02T11:30:02.715+0000] {dag.py:4180} INFO - Setting next_dagrun for finascore_ml_pipeline to 2026-07-26 00:00:00+00:00, run_after=2026-08-02 00:00:00+00:00
[2026-08-02T11:30:02.733+0000] {processor.py:208} INFO - Processing /opt/airflow/dags/finascore_pipeline_dag.py took 0.117 seconds
[2026-08-02T11:30:32.780+0000] {processor.py:186} INFO - Started process (PID=1231) to work on /opt/airflow/dags/finascore_pipeline_dag.py
[2026-08-02T11:30:32.781+0000] {processor.py:914} INFO - Processing file /opt/airflow/dags/finascore_pipeline_dag.py for tasks to queue
[2026-08-02T11:30:32.782+0000] {logging_mixin.py:190} INFO - [2026-08-02T11:30:32.782+0000] {dagbag.py:588} INFO - Filling up the DagBag from /opt/airflow/dags/finascore_pipeline_dag.py
[2026-08-02T11:30:32.801+0000] {processor.py:925} INFO - DAG(s) 'finascore_ml_pipeline' retrieved from /opt/airflow/dags/finascore_pipeline_dag.py
[2026-08-02T11:30:32.838+0000] {logging_mixin.py:190} INFO - [2026-08-02T11:30:32.837+0000] {dag.py:3239} INFO - Sync 1 DAGs
[2026-08-02T11:30:32.862+0000] {logging_mixin.py:190} INFO - [2026-08-02T11:30:32.862+0000] {dag.py:4180} INFO - Setting next_dagrun for finascore_ml_pipeline to 2026-07-26 00:00:00+00:00, run_after=2026-08-02 00:00:00+00:00
[2026-08-02T11:30:32.882+0000] {processor.py:208} INFO - Processing /opt/airflow/dags/finascore_pipeline_dag.py took 0.109 seconds
[2026-08-02T11:31:03.042+0000] {processor.py:186} INFO - Started process (PID=1236) to work on /opt/airflow/dags/finascore_pipeline_dag.py
[2026-08-02T11:31:03.044+0000] {processor.py:914} INFO - Processing file /opt/airflow/dags/finascore_pipeline_dag.py for tasks to queue
[2026-08-02T11:31:03.045+0000] {logging_mixin.py:190} INFO - [2026-08-02T11:31:03.044+0000] {dagbag.py:588} INFO - Filling up the DagBag from /opt/airflow/dags/finascore_pipeline_dag.py
[2026-08-02T11:31:03.060+0000] {processor.py:925} INFO - DAG(s) 'finascore_ml_pipeline' retrieved from /opt/airflow/dags/finascore_pipeline_dag.py
[2026-08-02T11:31:03.095+0000] {logging_mixin.py:190} INFO - [2026-08-02T11:31:03.094+0000] {dag.py:3239} INFO - Sync 1 DAGs
[2026-08-02T11:31:03.120+0000] {logging_mixin.py:190} INFO - [2026-08-02T11:31:03.120+0000] {dag.py:4180} INFO - Setting next_dagrun for finascore_ml_pipeline to 2026-07-26 00:00:00+00:00, run_after=2026-08-02 00:00:00+00:00
[2026-08-02T11:31:03.136+0000] {processor.py:208} INFO - Processing /opt/airflow/dags/finascore_pipeline_dag.py took 0.102 seconds
[2026-08-02T11:31:33.191+0000] {processor.py:186} INFO - Started process (PID=1241) to work on /opt/airflow/dags/finascore_pipeline_dag.py
[2026-08-02T11:31:33.192+0000] {processor.py:914} INFO - Processing file /opt/airflow/dags/finascore_pipeline_dag.py for tasks to queue
[2026-08-02T11:31:33.193+0000] {logging_mixin.py:190} INFO - [2026-08-02T11:31:33.193+0000] {dagbag.py:588} INFO - Filling up the DagBag from /opt/airflow/dags/finascore_pipeline_dag.py
[2026-08-02T11:31:33.207+0000] {processor.py:925} INFO - DAG(s) 'finascore_ml_pipeline' retrieved from /opt/airflow/dags/finascore_pipeline_dag.py
[2026-08-02T11:31:33.245+0000] {logging_mixin.py:190} INFO - [2026-08-02T11:31:33.245+0000] {dag.py:3239} INFO - Sync 1 DAGs
[2026-08-02T11:31:33.270+0000] {logging_mixin.py:190} INFO - [2026-08-02T11:31:33.269+0000] {dag.py:4180} INFO - Setting next_dagrun for finascore_ml_pipeline to 2026-07-26 00:00:00+00:00, run_after=2026-08-02 00:00:00+00:00
[2026-08-02T11:31:33.290+0000] {processor.py:208} INFO - Processing /opt/airflow/dags/finascore_pipeline_dag.py took 0.105 seconds
[2026-08-02T11:32:03.438+0000] {processor.py:186} INFO - Started process (PID=1246) to work on /opt/airflow/dags/finascore_pipeline_dag.py
[2026-08-02T11:32:03.440+0000] {processor.py:914} INFO - Processing file /opt/airflow/dags/finascore_pipeline_dag.py for tasks to queue
[2026-08-02T11:32:03.441+0000] {logging_mixin.py:190} INFO - [2026-08-02T11:32:03.440+0000] {dagbag.py:588} INFO - Filling up the DagBag from /opt/airflow/dags/finascore_pipeline_dag.py
[2026-08-02T11:32:03.457+0000] {processor.py:925} INFO - DAG(s) 'finascore_ml_pipeline' retrieved from /opt/airflow/dags/finascore_pipeline_dag.py
[2026-08-02T11:32:03.493+0000] {logging_mixin.py:190} INFO - [2026-08-02T11:32:03.493+0000] {dag.py:3239} INFO - Sync 1 DAGs
[2026-08-02T11:32:03.520+0000] {logging_mixin.py:190} INFO - [2026-08-02T11:32:03.520+0000] {dag.py:4180} INFO - Setting next_dagrun for finascore_ml_pipeline to 2026-07-26 00:00:00+00:00, run_after=2026-08-02 00:00:00+00:00
[2026-08-02T11:32:03.537+0000] {processor.py:208} INFO - Processing /opt/airflow/dags/finascore_pipeline_dag.py took 0.106 seconds
[2026-08-02T11:32:33.593+0000] {processor.py:186} INFO - Started process (PID=1251) to work on /opt/airflow/dags/finascore_pipeline_dag.py
[2026-08-02T11:32:33.594+0000] {processor.py:914} INFO - Processing file /opt/airflow/dags/finascore_pipeline_dag.py for tasks to queue
[2026-08-02T11:32:33.595+0000] {logging_mixin.py:190} INFO - [2026-08-02T11:32:33.594+0000] {dagbag.py:588} INFO - Filling up the DagBag from /opt/airflow/dags/finascore_pipeline_dag.py
[2026-08-02T11:32:33.608+0000] {processor.py:925} INFO - DAG(s) 'finascore_ml_pipeline' retrieved from /opt/airflow/dags/finascore_pipeline_dag.py
[2026-08-02T11:32:33.647+0000] {logging_mixin.py:190} INFO - [2026-08-02T11:32:33.646+0000] {dag.py:3239} INFO - Sync 1 DAGs
[2026-08-02T11:32:33.672+0000] {logging_mixin.py:190} INFO - [2026-08-02T11:32:33.672+0000] {dag.py:4180} INFO - Setting next_dagrun for finascore_ml_pipeline to 2026-07-26 00:00:00+00:00, run_after=2026-08-02 00:00:00+00:00
[2026-08-02T11:32:33.691+0000] {processor.py:208} INFO - Processing /opt/airflow/dags/finascore_pipeline_dag.py took 0.106 seconds
[2026-08-02T11:33:03.850+0000] {processor.py:186} INFO - Started process (PID=1256) to work on /opt/airflow/dags/finascore_pipeline_dag.py
[2026-08-02T11:33:03.852+0000] {processor.py:914} INFO - Processing file /opt/airflow/dags/finascore_pipeline_dag.py for tasks to queue
[2026-08-02T11:33:03.853+0000] {logging_mixin.py:190} INFO - [2026-08-02T11:33:03.853+0000] {dagbag.py:588} INFO - Filling up the DagBag from /opt/airflow/dags/finascore_pipeline_dag.py
[2026-08-02T11:33:03.872+0000] {processor.py:925} INFO - DAG(s) 'finascore_ml_pipeline' retrieved from /opt/airflow/dags/finascore_pipeline_dag.py
[2026-08-02T11:33:03.907+0000] {logging_mixin.py:190} INFO - [2026-08-02T11:33:03.907+0000] {dag.py:3239} INFO - Sync 1 DAGs
[2026-08-02T11:33:03.931+0000] {logging_mixin.py:190} INFO - [2026-08-02T11:33:03.930+0000] {dag.py:4180} INFO - Setting next_dagrun for finascore_ml_pipeline to 2026-07-26 00:00:00+00:00, run_after=2026-08-02 00:00:00+00:00
[2026-08-02T11:33:03.948+0000] {processor.py:208} INFO - Processing /opt/airflow/dags/finascore_pipeline_dag.py took 0.108 seconds
[2026-08-02T11:33:34.023+0000] {processor.py:186} INFO - Started process (PID=1261) to work on /opt/airflow/dags/finascore_pipeline_dag.py
[2026-08-02T11:33:34.024+0000] {processor.py:914} INFO - Processing file /opt/airflow/dags/finascore_pipeline_dag.py for tasks to queue
[2026-08-02T11:33:34.026+0000] {logging_mixin.py:190} INFO - [2026-08-02T11:33:34.025+0000] {dagbag.py:588} INFO - Filling up the DagBag from /opt/airflow/dags/finascore_pipeline_dag.py
[2026-08-02T11:33:34.040+0000] {processor.py:925} INFO - DAG(s) 'finascore_ml_pipeline' retrieved from /opt/airflow/dags/finascore_pipeline_dag.py
[2026-08-02T11:33:34.073+0000] {logging_mixin.py:190} INFO - [2026-08-02T11:33:34.073+0000] {dag.py:3239} INFO - Sync 1 DAGs
[2026-08-02T11:33:34.100+0000] {logging_mixin.py:190} INFO - [2026-08-02T11:33:34.100+0000] {dag.py:4180} INFO - Setting next_dagrun for finascore_ml_pipeline to 2026-07-26 00:00:00+00:00, run_after=2026-08-02 00:00:00+00:00
[2026-08-02T11:33:34.119+0000] {processor.py:208} INFO - Processing /opt/airflow/dags/finascore_pipeline_dag.py took 0.102 seconds
[2026-08-02T11:34:04.261+0000] {processor.py:186} INFO - Started process (PID=1266) to work on /opt/airflow/dags/finascore_pipeline_dag.py
[2026-08-02T11:34:04.263+0000] {processor.py:914} INFO - Processing file /opt/airflow/dags/finascore_pipeline_dag.py for tasks to queue
[2026-08-02T11:34:04.264+0000] {logging_mixin.py:190} INFO - [2026-08-02T11:34:04.263+0000] {dagbag.py:588} INFO - Filling up the DagBag from /opt/airflow/dags/finascore_pipeline_dag.py
[2026-08-02T11:34:04.279+0000] {processor.py:925} INFO - DAG(s) 'finascore_ml_pipeline' retrieved from /opt/airflow/dags/finascore_pipeline_dag.py
[2026-08-02T11:34:04.316+0000] {logging_mixin.py:190} INFO - [2026-08-02T11:34:04.316+0000] {dag.py:3239} INFO - Sync 1 DAGs
[2026-08-02T11:34:04.348+0000] {logging_mixin.py:190} INFO - [2026-08-02T11:34:04.348+0000] {dag.py:4180} INFO - Setting next_dagrun for finascore_ml_pipeline to 2026-07-26 00:00:00+00:00, run_after=2026-08-02 00:00:00+00:00
[2026-08-02T11:34:04.369+0000] {processor.py:208} INFO - Processing /opt/airflow/dags/finascore_pipeline_dag.py took 0.118 seconds
[2026-08-02T11:34:34.433+0000] {processor.py:186} INFO - Started process (PID=1271) to work on /opt/airflow/dags/finascore_pipeline_dag.py
[2026-08-02T11:34:34.434+0000] {processor.py:914} INFO - Processing file /opt/airflow/dags/finascore_pipeline_dag.py for tasks to queue
[2026-08-02T11:34:34.435+0000] {logging_mixin.py:190} INFO - [2026-08-02T11:34:34.435+0000] {dagbag.py:588} INFO - Filling up the DagBag from /opt/airflow/dags/finascore_pipeline_dag.py
[2026-08-02T11:34:34.452+0000] {processor.py:925} INFO - DAG(s) 'finascore_ml_pipeline' retrieved from /opt/airflow/dags/finascore_pipeline_dag.py
[2026-08-02T11:34:34.487+0000] {logging_mixin.py:190} INFO - [2026-08-02T11:34:34.487+0000] {dag.py:3239} INFO - Sync 1 DAGs
[2026-08-02T11:34:34.517+0000] {logging_mixin.py:190} INFO - [2026-08-02T11:34:34.516+0000] {dag.py:4180} INFO - Setting next_dagrun for finascore_ml_pipeline to 2026-07-26 00:00:00+00:00, run_after=2026-08-02 00:00:00+00:00
[2026-08-02T11:34:34.532+0000] {processor.py:208} INFO - Processing /opt/airflow/dags/finascore_pipeline_dag.py took 0.106 seconds
[2026-08-02T11:35:04.665+0000] {processor.py:186} INFO - Started process (PID=1276) to work on /opt/airflow/dags/finascore_pipeline_dag.py
[2026-08-02T11:35:04.666+0000] {processor.py:914} INFO - Processing file /opt/airflow/dags/finascore_pipeline_dag.py for tasks to queue
[2026-08-02T11:35:04.667+0000] {logging_mixin.py:190} INFO - [2026-08-02T11:35:04.667+0000] {dagbag.py:588} INFO - Filling up the DagBag from /opt/airflow/dags/finascore_pipeline_dag.py
[2026-08-02T11:35:04.681+0000] {processor.py:925} INFO - DAG(s) 'finascore_ml_pipeline' retrieved from /opt/airflow/dags/finascore_pipeline_dag.py
[2026-08-02T11:35:04.727+0000] {logging_mixin.py:190} INFO - [2026-08-02T11:35:04.727+0000] {dag.py:3239} INFO - Sync 1 DAGs
[2026-08-02T11:35:04.751+0000] {logging_mixin.py:190} INFO - [2026-08-02T11:35:04.751+0000] {dag.py:4180} INFO - Setting next_dagrun for finascore_ml_pipeline to 2026-07-26 00:00:00+00:00, run_after=2026-08-02 00:00:00+00:00
[2026-08-02T11:35:04.766+0000] {processor.py:208} INFO - Processing /opt/airflow/dags/finascore_pipeline_dag.py took 0.108 seconds
[2026-08-02T11:35:34.827+0000] {processor.py:186} INFO - Started process (PID=1281) to work on /opt/airflow/dags/finascore_pipeline_dag.py
[2026-08-02T11:35:34.828+0000] {processor.py:914} INFO - Processing file /opt/airflow/dags/finascore_pipeline_dag.py for tasks to queue
[2026-08-02T11:35:34.829+0000] {logging_mixin.py:190} INFO - [2026-08-02T11:35:34.828+0000] {dagbag.py:588} INFO - Filling up the DagBag from /opt/airflow/dags/finascore_pipeline_dag.py
[2026-08-02T11:35:34.845+0000] {processor.py:925} INFO - DAG(s) 'finascore_ml_pipeline' retrieved from /opt/airflow/dags/finascore_pipeline_dag.py
[2026-08-02T11:35:34.878+0000] {logging_mixin.py:190} INFO - [2026-08-02T11:35:34.878+0000] {dag.py:3239} INFO - Sync 1 DAGs
[2026-08-02T11:35:34.902+0000] {logging_mixin.py:190} INFO - [2026-08-02T11:35:34.901+0000] {dag.py:4180} INFO - Setting next_dagrun for finascore_ml_pipeline to 2026-07-26 00:00:00+00:00, run_after=2026-08-02 00:00:00+00:00
[2026-08-02T11:35:34.918+0000] {processor.py:208} INFO - Processing /opt/airflow/dags/finascore_pipeline_dag.py took 0.098 seconds
[2026-08-02T11:36:05.167+0000] {processor.py:186} INFO - Started process (PID=1286) to work on /opt/airflow/dags/finascore_pipeline_dag.py
[2026-08-02T11:36:05.170+0000] {processor.py:914} INFO - Processing file /opt/airflow/dags/finascore_pipeline_dag.py for tasks to queue
[2026-08-02T11:36:05.176+0000] {logging_mixin.py:190} INFO - [2026-08-02T11:36:05.175+0000] {dagbag.py:588} INFO - Filling up the DagBag from /opt/airflow/dags/finascore_pipeline_dag.py
[2026-08-02T11:36:05.223+0000] {processor.py:925} INFO - DAG(s) 'finascore_ml_pipeline' retrieved from /opt/airflow/dags/finascore_pipeline_dag.py
[2026-08-02T11:36:05.325+0000] {logging_mixin.py:190} INFO - [2026-08-02T11:36:05.324+0000] {dag.py:3239} INFO - Sync 1 DAGs
[2026-08-02T11:36:05.416+0000] {logging_mixin.py:190} INFO - [2026-08-02T11:36:05.416+0000] {dag.py:4180} INFO - Setting next_dagrun for finascore_ml_pipeline to 2026-07-26 00:00:00+00:00, run_after=2026-08-02 00:00:00+00:00
[2026-08-02T11:36:05.460+0000] {processor.py:208} INFO - Processing /opt/airflow/dags/finascore_pipeline_dag.py took 0.313 seconds
[2026-08-02T11:36:35.770+0000] {processor.py:186} INFO - Started process (PID=1291) to work on /opt/airflow/dags/finascore_pipeline_dag.py
[2026-08-02T11:36:35.773+0000] {processor.py:914} INFO - Processing file /opt/airflow/dags/finascore_pipeline_dag.py for tasks to queue
[2026-08-02T11:36:35.779+0000] {logging_mixin.py:190} INFO - [2026-08-02T11:36:35.778+0000] {dagbag.py:588} INFO - Filling up the DagBag from /opt/airflow/dags/finascore_pipeline_dag.py
[2026-08-02T11:36:35.819+0000] {processor.py:925} INFO - DAG(s) 'finascore_ml_pipeline' retrieved from /opt/airflow/dags/finascore_pipeline_dag.py
[2026-08-02T11:36:35.910+0000] {logging_mixin.py:190} INFO - [2026-08-02T11:36:35.910+0000] {dag.py:3239} INFO - Sync 1 DAGs
[2026-08-02T11:36:35.988+0000] {logging_mixin.py:190} INFO - [2026-08-02T11:36:35.986+0000] {dag.py:4180} INFO - Setting next_dagrun for finascore_ml_pipeline to 2026-07-26 00:00:00+00:00, run_after=2026-08-02 00:00:00+00:00
[2026-08-02T11:36:36.032+0000] {processor.py:208} INFO - Processing /opt/airflow/dags/finascore_pipeline_dag.py took 0.283 seconds
[2026-08-02T11:37:06.260+0000] {processor.py:186} INFO - Started process (PID=1296) to work on /opt/airflow/dags/finascore_pipeline_dag.py
[2026-08-02T11:37:06.262+0000] {processor.py:914} INFO - Processing file /opt/airflow/dags/finascore_pipeline_dag.py for tasks to queue
[2026-08-02T11:37:06.263+0000] {logging_mixin.py:190} INFO - [2026-08-02T11:37:06.263+0000] {dagbag.py:588} INFO - Filling up the DagBag from /opt/airflow/dags/finascore_pipeline_dag.py
[2026-08-02T11:37:06.276+0000] {processor.py:925} INFO - DAG(s) 'finascore_ml_pipeline' retrieved from /opt/airflow/dags/finascore_pipeline_dag.py
[2026-08-02T11:37:06.309+0000] {logging_mixin.py:190} INFO - [2026-08-02T11:37:06.309+0000] {dag.py:3239} INFO - Sync 1 DAGs
[2026-08-02T11:37:06.334+0000] {logging_mixin.py:190} INFO - [2026-08-02T11:37:06.334+0000] {dag.py:4180} INFO - Setting next_dagrun for finascore_ml_pipeline to 2026-07-26 00:00:00+00:00, run_after=2026-08-02 00:00:00+00:00
[2026-08-02T11:37:06.350+0000] {processor.py:208} INFO - Processing /opt/airflow/dags/finascore_pipeline_dag.py took 0.097 seconds
[2026-08-02T11:37:36.401+0000] {processor.py:186} INFO - Started process (PID=1301) to work on /opt/airflow/dags/finascore_pipeline_dag.py
[2026-08-02T11:37:36.403+0000] {processor.py:914} INFO - Processing file /opt/airflow/dags/finascore_pipeline_dag.py for tasks to queue
[2026-08-02T11:37:36.404+0000] {logging_mixin.py:190} INFO - [2026-08-02T11:37:36.404+0000] {dagbag.py:588} INFO - Filling up the DagBag from /opt/airflow/dags/finascore_pipeline_dag.py
[2026-08-02T11:37:36.418+0000] {processor.py:925} INFO - DAG(s) 'finascore_ml_pipeline' retrieved from /opt/airflow/dags/finascore_pipeline_dag.py
[2026-08-02T11:37:36.451+0000] {logging_mixin.py:190} INFO - [2026-08-02T11:37:36.451+0000] {dag.py:3239} INFO - Sync 1 DAGs
[2026-08-02T11:37:36.477+0000] {logging_mixin.py:190} INFO - [2026-08-02T11:37:36.477+0000] {dag.py:4180} INFO - Setting next_dagrun for finascore_ml_pipeline to 2026-07-26 00:00:00+00:00, run_after=2026-08-02 00:00:00+00:00
[2026-08-02T11:37:36.493+0000] {processor.py:208} INFO - Processing /opt/airflow/dags/finascore_pipeline_dag.py took 0.099 seconds
[2026-08-02T11:38:06.633+0000] {processor.py:186} INFO - Started process (PID=1306) to work on /opt/airflow/dags/finascore_pipeline_dag.py
[2026-08-02T11:38:06.635+0000] {processor.py:914} INFO - Processing file /opt/airflow/dags/finascore_pipeline_dag.py for tasks to queue
[2026-08-02T11:38:06.636+0000] {logging_mixin.py:190} INFO - [2026-08-02T11:38:06.636+0000] {dagbag.py:588} INFO - Filling up the DagBag from /opt/airflow/dags/finascore_pipeline_dag.py
[2026-08-02T11:38:06.652+0000] {processor.py:925} INFO - DAG(s) 'finascore_ml_pipeline' retrieved from /opt/airflow/dags/finascore_pipeline_dag.py
[2026-08-02T11:38:06.689+0000] {logging_mixin.py:190} INFO - [2026-08-02T11:38:06.689+0000] {dag.py:3239} INFO - Sync 1 DAGs
[2026-08-02T11:38:06.725+0000] {logging_mixin.py:190} INFO - [2026-08-02T11:38:06.724+0000] {dag.py:4180} INFO - Setting next_dagrun for finascore_ml_pipeline to 2026-07-26 00:00:00+00:00, run_after=2026-08-02 00:00:00+00:00
[2026-08-02T11:38:06.773+0000] {processor.py:208} INFO - Processing /opt/airflow/dags/finascore_pipeline_dag.py took 0.148 seconds
[2026-08-02T11:38:36.921+0000] {processor.py:186} INFO - Started process (PID=1311) to work on /opt/airflow/dags/finascore_pipeline_dag.py
[2026-08-02T11:38:36.923+0000] {processor.py:914} INFO - Processing file /opt/airflow/dags/finascore_pipeline_dag.py for tasks to queue
[2026-08-02T11:38:36.924+0000] {logging_mixin.py:190} INFO - [2026-08-02T11:38:36.924+0000] {dagbag.py:588} INFO - Filling up the DagBag from /opt/airflow/dags/finascore_pipeline_dag.py
[2026-08-02T11:38:36.938+0000] {processor.py:925} INFO - DAG(s) 'finascore_ml_pipeline' retrieved from /opt/airflow/dags/finascore_pipeline_dag.py
[2026-08-02T11:38:36.972+0000] {logging_mixin.py:190} INFO - [2026-08-02T11:38:36.972+0000] {dag.py:3239} INFO - Sync 1 DAGs
[2026-08-02T11:38:36.996+0000] {logging_mixin.py:190} INFO - [2026-08-02T11:38:36.996+0000] {dag.py:4180} INFO - Setting next_dagrun for finascore_ml_pipeline to 2026-07-26 00:00:00+00:00, run_after=2026-08-02 00:00:00+00:00
[2026-08-02T11:38:37.012+0000] {processor.py:208} INFO - Processing /opt/airflow/dags/finascore_pipeline_dag.py took 0.097 seconds
[2026-08-02T11:39:07.061+0000] {processor.py:186} INFO - Started process (PID=1316) to work on /opt/airflow/dags/finascore_pipeline_dag.py
[2026-08-02T11:39:07.062+0000] {processor.py:914} INFO - Processing file /opt/airflow/dags/finascore_pipeline_dag.py for tasks to queue
[2026-08-02T11:39:07.063+0000] {logging_mixin.py:190} INFO - [2026-08-02T11:39:07.063+0000] {dagbag.py:588} INFO - Filling up the DagBag from /opt/airflow/dags/finascore_pipeline_dag.py
[2026-08-02T11:39:07.077+0000] {processor.py:925} INFO - DAG(s) 'finascore_ml_pipeline' retrieved from /opt/airflow/dags/finascore_pipeline_dag.py
[2026-08-02T11:39:07.112+0000] {logging_mixin.py:190} INFO - [2026-08-02T11:39:07.111+0000] {dag.py:3239} INFO - Sync 1 DAGs
[2026-08-02T11:39:07.135+0000] {logging_mixin.py:190} INFO - [2026-08-02T11:39:07.135+0000] {dag.py:4180} INFO - Setting next_dagrun for finascore_ml_pipeline to 2026-07-26 00:00:00+00:00, run_after=2026-08-02 00:00:00+00:00
[2026-08-02T11:39:07.153+0000] {processor.py:208} INFO - Processing /opt/airflow/dags/finascore_pipeline_dag.py took 0.099 seconds
[2026-08-02T11:39:37.299+0000] {processor.py:186} INFO - Started process (PID=1321) to work on /opt/airflow/dags/finascore_pipeline_dag.py
[2026-08-02T11:39:37.301+0000] {processor.py:914} INFO - Processing file /opt/airflow/dags/finascore_pipeline_dag.py for tasks to queue
[2026-08-02T11:39:37.302+0000] {logging_mixin.py:190} INFO - [2026-08-02T11:39:37.302+0000] {dagbag.py:588} INFO - Filling up the DagBag from /opt/airflow/dags/finascore_pipeline_dag.py
[2026-08-02T11:39:37.316+0000] {processor.py:925} INFO - DAG(s) 'finascore_ml_pipeline' retrieved from /opt/airflow/dags/finascore_pipeline_dag.py
[2026-08-02T11:39:37.348+0000] {logging_mixin.py:190} INFO - [2026-08-02T11:39:37.348+0000] {dag.py:3239} INFO - Sync 1 DAGs
[2026-08-02T11:39:37.372+0000] {logging_mixin.py:190} INFO - [2026-08-02T11:39:37.372+0000] {dag.py:4180} INFO - Setting next_dagrun for finascore_ml_pipeline to 2026-07-26 00:00:00+00:00, run_after=2026-08-02 00:00:00+00:00
[2026-08-02T11:39:37.387+0000] {processor.py:208} INFO - Processing /opt/airflow/dags/finascore_pipeline_dag.py took 0.094 seconds
[2026-08-02T11:40:07.449+0000] {processor.py:186} INFO - Started process (PID=1326) to work on /opt/airflow/dags/finascore_pipeline_dag.py
[2026-08-02T11:40:07.450+0000] {processor.py:914} INFO - Processing file /opt/airflow/dags/finascore_pipeline_dag.py for tasks to queue
[2026-08-02T11:40:07.452+0000] {logging_mixin.py:190} INFO - [2026-08-02T11:40:07.451+0000] {dagbag.py:588} INFO - Filling up the DagBag from /opt/airflow/dags/finascore_pipeline_dag.py
[2026-08-02T11:40:07.465+0000] {processor.py:925} INFO - DAG(s) 'finascore_ml_pipeline' retrieved from /opt/airflow/dags/finascore_pipeline_dag.py
[2026-08-02T11:40:07.498+0000] {logging_mixin.py:190} INFO - [2026-08-02T11:40:07.498+0000] {dag.py:3239} INFO - Sync 1 DAGs
[2026-08-02T11:40:07.525+0000] {logging_mixin.py:190} INFO - [2026-08-02T11:40:07.524+0000] {dag.py:4180} INFO - Setting next_dagrun for finascore_ml_pipeline to 2026-07-26 00:00:00+00:00, run_after=2026-08-02 00:00:00+00:00
[2026-08-02T11:40:07.543+0000] {processor.py:208} INFO - Processing /opt/airflow/dags/finascore_pipeline_dag.py took 0.102 seconds
[2026-08-02T11:40:37.668+0000] {processor.py:186} INFO - Started process (PID=1331) to work on /opt/airflow/dags/finascore_pipeline_dag.py
[2026-08-02T11:40:37.670+0000] {processor.py:914} INFO - Processing file /opt/airflow/dags/finascore_pipeline_dag.py for tasks to queue
[2026-08-02T11:40:37.673+0000] {logging_mixin.py:190} INFO - [2026-08-02T11:40:37.672+0000] {dagbag.py:588} INFO - Filling up the DagBag from /opt/airflow/dags/finascore_pipeline_dag.py
[2026-08-02T11:40:37.688+0000] {processor.py:925} INFO - DAG(s) 'finascore_ml_pipeline' retrieved from /opt/airflow/dags/finascore_pipeline_dag.py
[2026-08-02T11:40:37.720+0000] {logging_mixin.py:190} INFO - [2026-08-02T11:40:37.720+0000] {dag.py:3239} INFO - Sync 1 DAGs
[2026-08-02T11:40:37.744+0000] {logging_mixin.py:190} INFO - [2026-08-02T11:40:37.744+0000] {dag.py:4180} INFO - Setting next_dagrun for finascore_ml_pipeline to 2026-07-26 00:00:00+00:00, run_after=2026-08-02 00:00:00+00:00
[2026-08-02T11:40:37.760+0000] {processor.py:208} INFO - Processing /opt/airflow/dags/finascore_pipeline_dag.py took 0.098 seconds
[2026-08-02T11:41:07.824+0000] {processor.py:186} INFO - Started process (PID=1336) to work on /opt/airflow/dags/finascore_pipeline_dag.py
[2026-08-02T11:41:07.826+0000] {processor.py:914} INFO - Processing file /opt/airflow/dags/finascore_pipeline_dag.py for tasks to queue
[2026-08-02T11:41:07.827+0000] {logging_mixin.py:190} INFO - [2026-08-02T11:41:07.827+0000] {dagbag.py:588} INFO - Filling up the DagBag from /opt/airflow/dags/finascore_pipeline_dag.py
[2026-08-02T11:41:07.841+0000] {processor.py:925} INFO - DAG(s) 'finascore_ml_pipeline' retrieved from /opt/airflow/dags/finascore_pipeline_dag.py
[2026-08-02T11:41:07.875+0000] {logging_mixin.py:190} INFO - [2026-08-02T11:41:07.875+0000] {dag.py:3239} INFO - Sync 1 DAGs
[2026-08-02T11:41:07.900+0000] {logging_mixin.py:190} INFO - [2026-08-02T11:41:07.900+0000] {dag.py:4180} INFO - Setting next_dagrun for finascore_ml_pipeline to 2026-07-26 00:00:00+00:00, run_after=2026-08-02 00:00:00+00:00
[2026-08-02T11:41:07.917+0000] {processor.py:208} INFO - Processing /opt/airflow/dags/finascore_pipeline_dag.py took 0.100 seconds
[2026-08-02T11:41:38.069+0000] {processor.py:186} INFO - Started process (PID=1341) to work on /opt/airflow/dags/finascore_pipeline_dag.py
[2026-08-02T11:41:38.071+0000] {processor.py:914} INFO - Processing file /opt/airflow/dags/finascore_pipeline_dag.py for tasks to queue
[2026-08-02T11:41:38.073+0000] {logging_mixin.py:190} INFO - [2026-08-02T11:41:38.072+0000] {dagbag.py:588} INFO - Filling up the DagBag from /opt/airflow/dags/finascore_pipeline_dag.py
[2026-08-02T11:41:38.098+0000] {processor.py:925} INFO - DAG(s) 'finascore_ml_pipeline' retrieved from /opt/airflow/dags/finascore_pipeline_dag.py
[2026-08-02T11:41:38.156+0000] {logging_mixin.py:190} INFO - [2026-08-02T11:41:38.156+0000] {dag.py:3239} INFO - Sync 1 DAGs
[2026-08-02T11:41:38.196+0000] {logging_mixin.py:190} INFO - [2026-08-02T11:41:38.195+0000] {dag.py:4180} INFO - Setting next_dagrun for finascore_ml_pipeline to 2026-07-26 00:00:00+00:00, run_after=2026-08-02 00:00:00+00:00
[2026-08-02T11:41:38.220+0000] {processor.py:208} INFO - Processing /opt/airflow/dags/finascore_pipeline_dag.py took 0.162 seconds
[2026-08-02T11:42:08.368+0000] {processor.py:186} INFO - Started process (PID=1346) to work on /opt/airflow/dags/finascore_pipeline_dag.py
[2026-08-02T11:42:08.370+0000] {processor.py:914} INFO - Processing file /opt/airflow/dags/finascore_pipeline_dag.py for tasks to queue
[2026-08-02T11:42:08.371+0000] {logging_mixin.py:190} INFO - [2026-08-02T11:42:08.371+0000] {dagbag.py:588} INFO - Filling up the DagBag from /opt/airflow/dags/finascore_pipeline_dag.py
[2026-08-02T11:42:08.385+0000] {processor.py:925} INFO - DAG(s) 'finascore_ml_pipeline' retrieved from /opt/airflow/dags/finascore_pipeline_dag.py
[2026-08-02T11:42:08.420+0000] {logging_mixin.py:190} INFO - [2026-08-02T11:42:08.420+0000] {dag.py:3239} INFO - Sync 1 DAGs
[2026-08-02T11:42:08.447+0000] {logging_mixin.py:190} INFO - [2026-08-02T11:42:08.447+0000] {dag.py:4180} INFO - Setting next_dagrun for finascore_ml_pipeline to 2026-07-26 00:00:00+00:00, run_after=2026-08-02 00:00:00+00:00
[2026-08-02T11:42:08.464+0000] {processor.py:208} INFO - Processing /opt/airflow/dags/finascore_pipeline_dag.py took 0.104 seconds
[2026-08-02T11:42:38.494+0000] {processor.py:186} INFO - Started process (PID=1351) to work on /opt/airflow/dags/finascore_pipeline_dag.py
[2026-08-02T11:42:38.495+0000] {processor.py:914} INFO - Processing file /opt/airflow/dags/finascore_pipeline_dag.py for tasks to queue
[2026-08-02T11:42:38.496+0000] {logging_mixin.py:190} INFO - [2026-08-02T11:42:38.496+0000] {dagbag.py:588} INFO - Filling up the DagBag from /opt/airflow/dags/finascore_pipeline_dag.py
[2026-08-02T11:42:38.511+0000] {processor.py:925} INFO - DAG(s) 'finascore_ml_pipeline' retrieved from /opt/airflow/dags/finascore_pipeline_dag.py
[2026-08-02T11:42:38.547+0000] {logging_mixin.py:190} INFO - [2026-08-02T11:42:38.547+0000] {dag.py:3239} INFO - Sync 1 DAGs
[2026-08-02T11:42:38.574+0000] {logging_mixin.py:190} INFO - [2026-08-02T11:42:38.574+0000] {dag.py:4180} INFO - Setting next_dagrun for finascore_ml_pipeline to 2026-07-26 00:00:00+00:00, run_after=2026-08-02 00:00:00+00:00
[2026-08-02T11:42:38.594+0000] {processor.py:208} INFO - Processing /opt/airflow/dags/finascore_pipeline_dag.py took 0.110 seconds
[2026-08-02T11:43:08.851+0000] {processor.py:186} INFO - Started process (PID=1356) to work on /opt/airflow/dags/finascore_pipeline_dag.py
[2026-08-02T11:43:08.852+0000] {processor.py:914} INFO - Processing file /opt/airflow/dags/finascore_pipeline_dag.py for tasks to queue
[2026-08-02T11:43:08.854+0000] {logging_mixin.py:190} INFO - [2026-08-02T11:43:08.853+0000] {dagbag.py:588} INFO - Filling up the DagBag from /opt/airflow/dags/finascore_pipeline_dag.py
[2026-08-02T11:43:08.879+0000] {processor.py:925} INFO - DAG(s) 'finascore_ml_pipeline' retrieved from /opt/airflow/dags/finascore_pipeline_dag.py
[2026-08-02T11:43:08.953+0000] {logging_mixin.py:190} INFO - [2026-08-02T11:43:08.953+0000] {dag.py:3239} INFO - Sync 1 DAGs
[2026-08-02T11:43:09.025+0000] {logging_mixin.py:190} INFO - [2026-08-02T11:43:09.025+0000] {dag.py:4180} INFO - Setting next_dagrun for finascore_ml_pipeline to 2026-07-26 00:00:00+00:00, run_after=2026-08-02 00:00:00+00:00
[2026-08-02T11:43:09.067+0000] {processor.py:208} INFO - Processing /opt/airflow/dags/finascore_pipeline_dag.py took 0.231 seconds
[2026-08-02T11:43:39.379+0000] {processor.py:186} INFO - Started process (PID=1361) to work on /opt/airflow/dags/finascore_pipeline_dag.py
[2026-08-02T11:43:39.385+0000] {processor.py:914} INFO - Processing file /opt/airflow/dags/finascore_pipeline_dag.py for tasks to queue
[2026-08-02T11:43:39.389+0000] {logging_mixin.py:190} INFO - [2026-08-02T11:43:39.388+0000] {dagbag.py:588} INFO - Filling up the DagBag from /opt/airflow/dags/finascore_pipeline_dag.py
[2026-08-02T11:43:39.436+0000] {processor.py:925} INFO - DAG(s) 'finascore_ml_pipeline' retrieved from /opt/airflow/dags/finascore_pipeline_dag.py
[2026-08-02T11:43:39.537+0000] {logging_mixin.py:190} INFO - [2026-08-02T11:43:39.537+0000] {dag.py:3239} INFO - Sync 1 DAGs
[2026-08-02T11:43:39.605+0000] {logging_mixin.py:190} INFO - [2026-08-02T11:43:39.605+0000] {dag.py:4180} INFO - Setting next_dagrun for finascore_ml_pipeline to 2026-07-26 00:00:00+00:00, run_after=2026-08-02 00:00:00+00:00
[2026-08-02T11:43:39.656+0000] {processor.py:208} INFO - Processing /opt/airflow/dags/finascore_pipeline_dag.py took 0.294 seconds
[2026-08-02T11:44:09.960+0000] {processor.py:186} INFO - Started process (PID=1366) to work on /opt/airflow/dags/finascore_pipeline_dag.py
[2026-08-02T11:44:09.961+0000] {processor.py:914} INFO - Processing file /opt/airflow/dags/finascore_pipeline_dag.py for tasks to queue
[2026-08-02T11:44:09.962+0000] {logging_mixin.py:190} INFO - [2026-08-02T11:44:09.962+0000] {dagbag.py:588} INFO - Filling up the DagBag from /opt/airflow/dags/finascore_pipeline_dag.py
[2026-08-02T11:44:09.979+0000] {processor.py:925} INFO - DAG(s) 'finascore_ml_pipeline' retrieved from /opt/airflow/dags/finascore_pipeline_dag.py
[2026-08-02T11:44:10.022+0000] {logging_mixin.py:190} INFO - [2026-08-02T11:44:10.021+0000] {dag.py:3239} INFO - Sync 1 DAGs
[2026-08-02T11:44:10.052+0000] {logging_mixin.py:190} INFO - [2026-08-02T11:44:10.052+0000] {dag.py:4180} INFO - Setting next_dagrun for finascore_ml_pipeline to 2026-07-26 00:00:00+00:00, run_after=2026-08-02 00:00:00+00:00
[2026-08-02T11:44:10.075+0000] {processor.py:208} INFO - Processing /opt/airflow/dags/finascore_pipeline_dag.py took 0.122 seconds
[2026-08-02T11:44:40.183+0000] {processor.py:186} INFO - Started process (PID=1371) to work on /opt/airflow/dags/finascore_pipeline_dag.py
[2026-08-02T11:44:40.186+0000] {processor.py:914} INFO - Processing file /opt/airflow/dags/finascore_pipeline_dag.py for tasks to queue
[2026-08-02T11:44:40.190+0000] {logging_mixin.py:190} INFO - [2026-08-02T11:44:40.189+0000] {dagbag.py:588} INFO - Filling up the DagBag from /opt/airflow/dags/finascore_pipeline_dag.py
[2026-08-02T11:44:40.223+0000] {processor.py:925} INFO - DAG(s) 'finascore_ml_pipeline' retrieved from /opt/airflow/dags/finascore_pipeline_dag.py
[2026-08-02T11:44:40.308+0000] {logging_mixin.py:190} INFO - [2026-08-02T11:44:40.306+0000] {dag.py:3239} INFO - Sync 1 DAGs
[2026-08-02T11:44:40.376+0000] {logging_mixin.py:190} INFO - [2026-08-02T11:44:40.374+0000] {dag.py:4180} INFO - Setting next_dagrun for finascore_ml_pipeline to 2026-07-26 00:00:00+00:00, run_after=2026-08-02 00:00:00+00:00
[2026-08-02T11:44:40.423+0000] {processor.py:208} INFO - Processing /opt/airflow/dags/finascore_pipeline_dag.py took 0.251 seconds
[2026-08-02T11:45:10.493+0000] {processor.py:186} INFO - Started process (PID=1376) to work on /opt/airflow/dags/finascore_pipeline_dag.py
[2026-08-02T11:45:10.494+0000] {processor.py:914} INFO - Processing file /opt/airflow/dags/finascore_pipeline_dag.py for tasks to queue
[2026-08-02T11:45:10.496+0000] {logging_mixin.py:190} INFO - [2026-08-02T11:45:10.496+0000] {dagbag.py:588} INFO - Filling up the DagBag from /opt/airflow/dags/finascore_pipeline_dag.py
[2026-08-02T11:45:10.519+0000] {processor.py:925} INFO - DAG(s) 'finascore_ml_pipeline' retrieved from /opt/airflow/dags/finascore_pipeline_dag.py
[2026-08-02T11:45:10.571+0000] {logging_mixin.py:190} INFO - [2026-08-02T11:45:10.571+0000] {dag.py:3239} INFO - Sync 1 DAGs
[2026-08-02T11:45:10.612+0000] {logging_mixin.py:190} INFO - [2026-08-02T11:45:10.612+0000] {dag.py:4180} INFO - Setting next_dagrun for finascore_ml_pipeline to 2026-07-26 00:00:00+00:00, run_after=2026-08-02 00:00:00+00:00
[2026-08-02T11:45:10.641+0000] {processor.py:208} INFO - Processing /opt/airflow/dags/finascore_pipeline_dag.py took 0.158 seconds
[2026-08-02T11:45:40.844+0000] {processor.py:186} INFO - Started process (PID=1381) to work on /opt/airflow/dags/finascore_pipeline_dag.py
[2026-08-02T11:45:40.845+0000] {processor.py:914} INFO - Processing file /opt/airflow/dags/finascore_pipeline_dag.py for tasks to queue
[2026-08-02T11:45:40.846+0000] {logging_mixin.py:190} INFO - [2026-08-02T11:45:40.846+0000] {dagbag.py:588} INFO - Filling up the DagBag from /opt/airflow/dags/finascore_pipeline_dag.py
[2026-08-02T11:45:40.863+0000] {processor.py:925} INFO - DAG(s) 'finascore_ml_pipeline' retrieved from /opt/airflow/dags/finascore_pipeline_dag.py
[2026-08-02T11:45:40.907+0000] {logging_mixin.py:190} INFO - [2026-08-02T11:45:40.907+0000] {dag.py:3239} INFO - Sync 1 DAGs
[2026-08-02T11:45:40.934+0000] {logging_mixin.py:190} INFO - [2026-08-02T11:45:40.934+0000] {dag.py:4180} INFO - Setting next_dagrun for finascore_ml_pipeline to 2026-07-26 00:00:00+00:00, run_after=2026-08-02 00:00:00+00:00
[2026-08-02T11:45:40.956+0000] {processor.py:208} INFO - Processing /opt/airflow/dags/finascore_pipeline_dag.py took 0.121 seconds
[2026-08-02T11:46:11.002+0000] {processor.py:186} INFO - Started process (PID=1386) to work on /opt/airflow/dags/finascore_pipeline_dag.py
[2026-08-02T11:46:11.004+0000] {processor.py:914} INFO - Processing file /opt/airflow/dags/finascore_pipeline_dag.py for tasks to queue
[2026-08-02T11:46:11.005+0000] {logging_mixin.py:190} INFO - [2026-08-02T11:46:11.005+0000] {dagbag.py:588} INFO - Filling up the DagBag from /opt/airflow/dags/finascore_pipeline_dag.py
[2026-08-02T11:46:11.025+0000] {processor.py:925} INFO - DAG(s) 'finascore_ml_pipeline' retrieved from /opt/airflow/dags/finascore_pipeline_dag.py
[2026-08-02T11:46:11.075+0000] {logging_mixin.py:190} INFO - [2026-08-02T11:46:11.075+0000] {dag.py:3239} INFO - Sync 1 DAGs
[2026-08-02T11:46:11.112+0000] {logging_mixin.py:190} INFO - [2026-08-02T11:46:11.112+0000] {dag.py:4180} INFO - Setting next_dagrun for finascore_ml_pipeline to 2026-07-26 00:00:00+00:00, run_after=2026-08-02 00:00:00+00:00
[2026-08-02T11:46:11.138+0000] {processor.py:208} INFO - Processing /opt/airflow/dags/finascore_pipeline_dag.py took 0.146 seconds
[2026-08-02T11:46:41.322+0000] {processor.py:186} INFO - Started process (PID=1391) to work on /opt/airflow/dags/finascore_pipeline_dag.py
[2026-08-02T11:46:41.324+0000] {processor.py:914} INFO - Processing file /opt/airflow/dags/finascore_pipeline_dag.py for tasks to queue
[2026-08-02T11:46:41.327+0000] {logging_mixin.py:190} INFO - [2026-08-02T11:46:41.326+0000] {dagbag.py:588} INFO - Filling up the DagBag from /opt/airflow/dags/finascore_pipeline_dag.py
[2026-08-02T11:46:41.378+0000] {processor.py:925} INFO - DAG(s) 'finascore_ml_pipeline' retrieved from /opt/airflow/dags/finascore_pipeline_dag.py
[2026-08-02T11:46:41.480+0000] {logging_mixin.py:190} INFO - [2026-08-02T11:46:41.478+0000] {dag.py:3239} INFO - Sync 1 DAGs
[2026-08-02T11:46:41.551+0000] {logging_mixin.py:190} INFO - [2026-08-02T11:46:41.551+0000] {dag.py:4180} INFO - Setting next_dagrun for finascore_ml_pipeline to 2026-07-26 00:00:00+00:00, run_after=2026-08-02 00:00:00+00:00
[2026-08-02T11:46:41.596+0000] {processor.py:208} INFO - Processing /opt/airflow/dags/finascore_pipeline_dag.py took 0.293 seconds
[2026-08-02T11:47:11.845+0000] {processor.py:186} INFO - Started process (PID=1396) to work on /opt/airflow/dags/finascore_pipeline_dag.py
[2026-08-02T11:47:11.851+0000] {processor.py:914} INFO - Processing file /opt/airflow/dags/finascore_pipeline_dag.py for tasks to queue
[2026-08-02T11:47:11.860+0000] {logging_mixin.py:190} INFO - [2026-08-02T11:47:11.858+0000] {dagbag.py:588} INFO - Filling up the DagBag from /opt/airflow/dags/finascore_pipeline_dag.py
[2026-08-02T11:47:11.941+0000] {processor.py:925} INFO - DAG(s) 'finascore_ml_pipeline' retrieved from /opt/airflow/dags/finascore_pipeline_dag.py
[2026-08-02T11:47:12.056+0000] {logging_mixin.py:190} INFO - [2026-08-02T11:47:12.056+0000] {dag.py:3239} INFO - Sync 1 DAGs
[2026-08-02T11:47:12.156+0000] {logging_mixin.py:190} INFO - [2026-08-02T11:47:12.156+0000] {dag.py:4180} INFO - Setting next_dagrun for finascore_ml_pipeline to 2026-07-26 00:00:00+00:00, run_after=2026-08-02 00:00:00+00:00
[2026-08-02T11:47:12.190+0000] {processor.py:208} INFO - Processing /opt/airflow/dags/finascore_pipeline_dag.py took 0.410 seconds
[2026-08-02T11:47:42.369+0000] {processor.py:186} INFO - Started process (PID=1401) to work on /opt/airflow/dags/finascore_pipeline_dag.py
[2026-08-02T11:47:42.370+0000] {processor.py:914} INFO - Processing file /opt/airflow/dags/finascore_pipeline_dag.py for tasks to queue
[2026-08-02T11:47:42.372+0000] {logging_mixin.py:190} INFO - [2026-08-02T11:47:42.371+0000] {dagbag.py:588} INFO - Filling up the DagBag from /opt/airflow/dags/finascore_pipeline_dag.py
[2026-08-02T11:47:42.389+0000] {processor.py:925} INFO - DAG(s) 'finascore_ml_pipeline' retrieved from /opt/airflow/dags/finascore_pipeline_dag.py
[2026-08-02T11:47:42.433+0000] {logging_mixin.py:190} INFO - [2026-08-02T11:47:42.432+0000] {dag.py:3239} INFO - Sync 1 DAGs
[2026-08-02T11:47:42.467+0000] {logging_mixin.py:190} INFO - [2026-08-02T11:47:42.467+0000] {dag.py:4180} INFO - Setting next_dagrun for finascore_ml_pipeline to 2026-07-26 00:00:00+00:00, run_after=2026-08-02 00:00:00+00:00
[2026-08-02T11:47:42.490+0000] {processor.py:208} INFO - Processing /opt/airflow/dags/finascore_pipeline_dag.py took 0.130 seconds
[2026-08-02T11:48:12.653+0000] {processor.py:186} INFO - Started process (PID=1406) to work on /opt/airflow/dags/finascore_pipeline_dag.py
[2026-08-02T11:48:12.655+0000] {processor.py:914} INFO - Processing file /opt/airflow/dags/finascore_pipeline_dag.py for tasks to queue
[2026-08-02T11:48:12.658+0000] {logging_mixin.py:190} INFO - [2026-08-02T11:48:12.657+0000] {dagbag.py:588} INFO - Filling up the DagBag from /opt/airflow/dags/finascore_pipeline_dag.py
[2026-08-02T11:48:12.678+0000] {processor.py:925} INFO - DAG(s) 'finascore_ml_pipeline' retrieved from /opt/airflow/dags/finascore_pipeline_dag.py
[2026-08-02T11:48:12.731+0000] {logging_mixin.py:190} INFO - [2026-08-02T11:48:12.731+0000] {dag.py:3239} INFO - Sync 1 DAGs
[2026-08-02T11:48:12.776+0000] {logging_mixin.py:190} INFO - [2026-08-02T11:48:12.776+0000] {dag.py:4180} INFO - Setting next_dagrun for finascore_ml_pipeline to 2026-07-26 00:00:00+00:00, run_after=2026-08-02 00:00:00+00:00
[2026-08-02T11:48:12.798+0000] {processor.py:208} INFO - Processing /opt/airflow/dags/finascore_pipeline_dag.py took 0.153 seconds
[2026-08-02T11:48:42.862+0000] {processor.py:186} INFO - Started process (PID=1411) to work on /opt/airflow/dags/finascore_pipeline_dag.py
[2026-08-02T11:48:42.863+0000] {processor.py:914} INFO - Processing file /opt/airflow/dags/finascore_pipeline_dag.py for tasks to queue
[2026-08-02T11:48:42.864+0000] {logging_mixin.py:190} INFO - [2026-08-02T11:48:42.864+0000] {dagbag.py:588} INFO - Filling up the DagBag from /opt/airflow/dags/finascore_pipeline_dag.py
[2026-08-02T11:48:42.880+0000] {processor.py:925} INFO - DAG(s) 'finascore_ml_pipeline' retrieved from /opt/airflow/dags/finascore_pipeline_dag.py
[2026-08-02T11:48:42.951+0000] {logging_mixin.py:190} INFO - [2026-08-02T11:48:42.951+0000] {dag.py:3239} INFO - Sync 1 DAGs
[2026-08-02T11:48:43.050+0000] {logging_mixin.py:190} INFO - [2026-08-02T11:48:43.049+0000] {dag.py:4180} INFO - Setting next_dagrun for finascore_ml_pipeline to 2026-07-26 00:00:00+00:00, run_after=2026-08-02 00:00:00+00:00
[2026-08-02T11:48:43.115+0000] {processor.py:208} INFO - Processing /opt/airflow/dags/finascore_pipeline_dag.py took 0.260 seconds
[2026-08-02T11:49:13.181+0000] {processor.py:186} INFO - Started process (PID=1416) to work on /opt/airflow/dags/finascore_pipeline_dag.py
[2026-08-02T11:49:13.184+0000] {processor.py:914} INFO - Processing file /opt/airflow/dags/finascore_pipeline_dag.py for tasks to queue
[2026-08-02T11:49:13.185+0000] {logging_mixin.py:190} INFO - [2026-08-02T11:49:13.185+0000] {dagbag.py:588} INFO - Filling up the DagBag from /opt/airflow/dags/finascore_pipeline_dag.py
[2026-08-02T11:49:13.201+0000] {processor.py:925} INFO - DAG(s) 'finascore_ml_pipeline' retrieved from /opt/airflow/dags/finascore_pipeline_dag.py
[2026-08-02T11:49:13.237+0000] {logging_mixin.py:190} INFO - [2026-08-02T11:49:13.237+0000] {dag.py:3239} INFO - Sync 1 DAGs
[2026-08-02T11:49:13.266+0000] {logging_mixin.py:190} INFO - [2026-08-02T11:49:13.266+0000] {dag.py:4180} INFO - Setting next_dagrun for finascore_ml_pipeline to 2026-07-26 00:00:00+00:00, run_after=2026-08-02 00:00:00+00:00
[2026-08-02T11:49:13.286+0000] {processor.py:208} INFO - Processing /opt/airflow/dags/finascore_pipeline_dag.py took 0.113 seconds
[2026-08-02T11:49:43.434+0000] {processor.py:186} INFO - Started process (PID=1421) to work on /opt/airflow/dags/finascore_pipeline_dag.py
[2026-08-02T11:49:43.434+0000] {processor.py:914} INFO - Processing file /opt/airflow/dags/finascore_pipeline_dag.py for tasks to queue
[2026-08-02T11:49:43.436+0000] {logging_mixin.py:190} INFO - [2026-08-02T11:49:43.435+0000] {dagbag.py:588} INFO - Filling up the DagBag from /opt/airflow/dags/finascore_pipeline_dag.py
[2026-08-02T11:49:43.453+0000] {processor.py:925} INFO - DAG(s) 'finascore_ml_pipeline' retrieved from /opt/airflow/dags/finascore_pipeline_dag.py
[2026-08-02T11:49:43.489+0000] {logging_mixin.py:190} INFO - [2026-08-02T11:49:43.489+0000] {dag.py:3239} INFO - Sync 1 DAGs
[2026-08-02T11:49:43.517+0000] {logging_mixin.py:190} INFO - [2026-08-02T11:49:43.516+0000] {dag.py:4180} INFO - Setting next_dagrun for finascore_ml_pipeline to 2026-07-26 00:00:00+00:00, run_after=2026-08-02 00:00:00+00:00
[2026-08-02T11:49:43.537+0000] {processor.py:208} INFO - Processing /opt/airflow/dags/finascore_pipeline_dag.py took 0.111 seconds
[2026-08-02T11:50:13.581+0000] {processor.py:186} INFO - Started process (PID=1426) to work on /opt/airflow/dags/finascore_pipeline_dag.py
[2026-08-02T11:50:13.583+0000] {processor.py:914} INFO - Processing file /opt/airflow/dags/finascore_pipeline_dag.py for tasks to queue
[2026-08-02T11:50:13.584+0000] {logging_mixin.py:190} INFO - [2026-08-02T11:50:13.584+0000] {dagbag.py:588} INFO - Filling up the DagBag from /opt/airflow/dags/finascore_pipeline_dag.py
[2026-08-02T11:50:13.599+0000] {processor.py:925} INFO - DAG(s) 'finascore_ml_pipeline' retrieved from /opt/airflow/dags/finascore_pipeline_dag.py
[2026-08-02T11:50:13.637+0000] {logging_mixin.py:190} INFO - [2026-08-02T11:50:13.636+0000] {dag.py:3239} INFO - Sync 1 DAGs
[2026-08-02T11:50:13.666+0000] {logging_mixin.py:190} INFO - [2026-08-02T11:50:13.665+0000] {dag.py:4180} INFO - Setting next_dagrun for finascore_ml_pipeline to 2026-07-26 00:00:00+00:00, run_after=2026-08-02 00:00:00+00:00
[2026-08-02T11:50:13.683+0000] {processor.py:208} INFO - Processing /opt/airflow/dags/finascore_pipeline_dag.py took 0.110 seconds
[2026-08-02T11:50:43.815+0000] {processor.py:186} INFO - Started process (PID=1431) to work on /opt/airflow/dags/finascore_pipeline_dag.py
[2026-08-02T11:50:43.816+0000] {processor.py:914} INFO - Processing file /opt/airflow/dags/finascore_pipeline_dag.py for tasks to queue
[2026-08-02T11:50:43.818+0000] {logging_mixin.py:190} INFO - [2026-08-02T11:50:43.817+0000] {dagbag.py:588} INFO - Filling up the DagBag from /opt/airflow/dags/finascore_pipeline_dag.py
[2026-08-02T11:50:43.833+0000] {processor.py:925} INFO - DAG(s) 'finascore_ml_pipeline' retrieved from /opt/airflow/dags/finascore_pipeline_dag.py
[2026-08-02T11:50:43.872+0000] {logging_mixin.py:190} INFO - [2026-08-02T11:50:43.872+0000] {dag.py:3239} INFO - Sync 1 DAGs
[2026-08-02T11:50:43.904+0000] {logging_mixin.py:190} INFO - [2026-08-02T11:50:43.904+0000] {dag.py:4180} INFO - Setting next_dagrun for finascore_ml_pipeline to 2026-07-26 00:00:00+00:00, run_after=2026-08-02 00:00:00+00:00
[2026-08-02T11:50:43.926+0000] {processor.py:208} INFO - Processing /opt/airflow/dags/finascore_pipeline_dag.py took 0.121 seconds
[2026-08-02T11:51:13.966+0000] {processor.py:186} INFO - Started process (PID=1436) to work on /opt/airflow/dags/finascore_pipeline_dag.py
[2026-08-02T11:51:13.967+0000] {processor.py:914} INFO - Processing file /opt/airflow/dags/finascore_pipeline_dag.py for tasks to queue
[2026-08-02T11:51:13.969+0000] {logging_mixin.py:190} INFO - [2026-08-02T11:51:13.969+0000] {dagbag.py:588} INFO - Filling up the DagBag from /opt/airflow/dags/finascore_pipeline_dag.py
[2026-08-02T11:51:13.988+0000] {processor.py:925} INFO - DAG(s) 'finascore_ml_pipeline' retrieved from /opt/airflow/dags/finascore_pipeline_dag.py
[2026-08-02T11:51:14.023+0000] {logging_mixin.py:190} INFO - [2026-08-02T11:51:14.023+0000] {dag.py:3239} INFO - Sync 1 DAGs
[2026-08-02T11:51:14.052+0000] {logging_mixin.py:190} INFO - [2026-08-02T11:51:14.051+0000] {dag.py:4180} INFO - Setting next_dagrun for finascore_ml_pipeline to 2026-07-26 00:00:00+00:00, run_after=2026-08-02 00:00:00+00:00
[2026-08-02T11:51:14.072+0000] {processor.py:208} INFO - Processing /opt/airflow/dags/finascore_pipeline_dag.py took 0.113 seconds
[2026-08-02T11:51:44.203+0000] {processor.py:186} INFO - Started process (PID=1441) to work on /opt/airflow/dags/finascore_pipeline_dag.py
[2026-08-02T11:51:44.204+0000] {processor.py:914} INFO - Processing file /opt/airflow/dags/finascore_pipeline_dag.py for tasks to queue
[2026-08-02T11:51:44.205+0000] {logging_mixin.py:190} INFO - [2026-08-02T11:51:44.205+0000] {dagbag.py:588} INFO - Filling up the DagBag from /opt/airflow/dags/finascore_pipeline_dag.py
[2026-08-02T11:51:44.221+0000] {processor.py:925} INFO - DAG(s) 'finascore_ml_pipeline' retrieved from /opt/airflow/dags/finascore_pipeline_dag.py
[2026-08-02T11:51:44.261+0000] {logging_mixin.py:190} INFO - [2026-08-02T11:51:44.261+0000] {dag.py:3239} INFO - Sync 1 DAGs
[2026-08-02T11:51:44.288+0000] {logging_mixin.py:190} INFO - [2026-08-02T11:51:44.288+0000] {dag.py:4180} INFO - Setting next_dagrun for finascore_ml_pipeline to 2026-07-26 00:00:00+00:00, run_after=2026-08-02 00:00:00+00:00
[2026-08-02T11:51:44.306+0000] {processor.py:208} INFO - Processing /opt/airflow/dags/finascore_pipeline_dag.py took 0.114 seconds
[2026-08-02T11:52:14.349+0000] {processor.py:186} INFO - Started process (PID=1446) to work on /opt/airflow/dags/finascore_pipeline_dag.py
[2026-08-02T11:52:14.350+0000] {processor.py:914} INFO - Processing file /opt/airflow/dags/finascore_pipeline_dag.py for tasks to queue
[2026-08-02T11:52:14.352+0000] {logging_mixin.py:190} INFO - [2026-08-02T11:52:14.351+0000] {dagbag.py:588} INFO - Filling up the DagBag from /opt/airflow/dags/finascore_pipeline_dag.py
[2026-08-02T11:52:14.366+0000] {processor.py:925} INFO - DAG(s) 'finascore_ml_pipeline' retrieved from /opt/airflow/dags/finascore_pipeline_dag.py
[2026-08-02T11:52:14.404+0000] {logging_mixin.py:190} INFO - [2026-08-02T11:52:14.403+0000] {dag.py:3239} INFO - Sync 1 DAGs
[2026-08-02T11:52:14.433+0000] {logging_mixin.py:190} INFO - [2026-08-02T11:52:14.433+0000] {dag.py:4180} INFO - Setting next_dagrun for finascore_ml_pipeline to 2026-07-26 00:00:00+00:00, run_after=2026-08-02 00:00:00+00:00
[2026-08-02T11:52:14.452+0000] {processor.py:208} INFO - Processing /opt/airflow/dags/finascore_pipeline_dag.py took 0.110 seconds
[2026-08-02T11:52:44.595+0000] {processor.py:186} INFO - Started process (PID=1451) to work on /opt/airflow/dags/finascore_pipeline_dag.py
[2026-08-02T11:52:44.595+0000] {processor.py:914} INFO - Processing file /opt/airflow/dags/finascore_pipeline_dag.py for tasks to queue
[2026-08-02T11:52:44.596+0000] {logging_mixin.py:190} INFO - [2026-08-02T11:52:44.596+0000] {dagbag.py:588} INFO - Filling up the DagBag from /opt/airflow/dags/finascore_pipeline_dag.py
[2026-08-02T11:52:44.612+0000] {processor.py:925} INFO - DAG(s) 'finascore_ml_pipeline' retrieved from /opt/airflow/dags/finascore_pipeline_dag.py
[2026-08-02T11:52:44.650+0000] {logging_mixin.py:190} INFO - [2026-08-02T11:52:44.650+0000] {dag.py:3239} INFO - Sync 1 DAGs
[2026-08-02T11:52:44.682+0000] {logging_mixin.py:190} INFO - [2026-08-02T11:52:44.682+0000] {dag.py:4180} INFO - Setting next_dagrun for finascore_ml_pipeline to 2026-07-26 00:00:00+00:00, run_after=2026-08-02 00:00:00+00:00
[2026-08-02T11:52:44.700+0000] {processor.py:208} INFO - Processing /opt/airflow/dags/finascore_pipeline_dag.py took 0.116 seconds
[2026-08-02T11:53:14.741+0000] {processor.py:186} INFO - Started process (PID=1456) to work on /opt/airflow/dags/finascore_pipeline_dag.py
[2026-08-02T11:53:14.743+0000] {processor.py:914} INFO - Processing file /opt/airflow/dags/finascore_pipeline_dag.py for tasks to queue
[2026-08-02T11:53:14.744+0000] {logging_mixin.py:190} INFO - [2026-08-02T11:53:14.744+0000] {dagbag.py:588} INFO - Filling up the DagBag from /opt/airflow/dags/finascore_pipeline_dag.py
[2026-08-02T11:53:14.761+0000] {processor.py:925} INFO - DAG(s) 'finascore_ml_pipeline' retrieved from /opt/airflow/dags/finascore_pipeline_dag.py
[2026-08-02T11:53:14.802+0000] {logging_mixin.py:190} INFO - [2026-08-02T11:53:14.801+0000] {dag.py:3239} INFO - Sync 1 DAGs
[2026-08-02T11:53:14.830+0000] {logging_mixin.py:190} INFO - [2026-08-02T11:53:14.829+0000] {dag.py:4180} INFO - Setting next_dagrun for finascore_ml_pipeline to 2026-07-26 00:00:00+00:00, run_after=2026-08-02 00:00:00+00:00
[2026-08-02T11:53:14.865+0000] {processor.py:208} INFO - Processing /opt/airflow/dags/finascore_pipeline_dag.py took 0.131 seconds
[2026-08-02T11:53:45.058+0000] {processor.py:186} INFO - Started process (PID=1461) to work on /opt/airflow/dags/finascore_pipeline_dag.py
[2026-08-02T11:53:45.060+0000] {processor.py:914} INFO - Processing file /opt/airflow/dags/finascore_pipeline_dag.py for tasks to queue
[2026-08-02T11:53:45.062+0000] {logging_mixin.py:190} INFO - [2026-08-02T11:53:45.061+0000] {dagbag.py:588} INFO - Filling up the DagBag from /opt/airflow/dags/finascore_pipeline_dag.py
[2026-08-02T11:53:45.101+0000] {processor.py:925} INFO - DAG(s) 'finascore_ml_pipeline' retrieved from /opt/airflow/dags/finascore_pipeline_dag.py
[2026-08-02T11:53:45.198+0000] {logging_mixin.py:190} INFO - [2026-08-02T11:53:45.198+0000] {dag.py:3239} INFO - Sync 1 DAGs
[2026-08-02T11:53:45.272+0000] {logging_mixin.py:190} INFO - [2026-08-02T11:53:45.272+0000] {dag.py:4180} INFO - Setting next_dagrun for finascore_ml_pipeline to 2026-07-26 00:00:00+00:00, run_after=2026-08-02 00:00:00+00:00
[2026-08-02T11:53:45.318+0000] {processor.py:208} INFO - Processing /opt/airflow/dags/finascore_pipeline_dag.py took 0.277 seconds
[2026-08-02T11:54:15.541+0000] {processor.py:186} INFO - Started process (PID=1466) to work on /opt/airflow/dags/finascore_pipeline_dag.py
[2026-08-02T11:54:15.543+0000] {processor.py:914} INFO - Processing file /opt/airflow/dags/finascore_pipeline_dag.py for tasks to queue
[2026-08-02T11:54:15.545+0000] {logging_mixin.py:190} INFO - [2026-08-02T11:54:15.544+0000] {dagbag.py:588} INFO - Filling up the DagBag from /opt/airflow/dags/finascore_pipeline_dag.py
[2026-08-02T11:54:15.561+0000] {processor.py:925} INFO - DAG(s) 'finascore_ml_pipeline' retrieved from /opt/airflow/dags/finascore_pipeline_dag.py
[2026-08-02T11:54:15.597+0000] {logging_mixin.py:190} INFO - [2026-08-02T11:54:15.597+0000] {dag.py:3239} INFO - Sync 1 DAGs
[2026-08-02T11:54:15.628+0000] {logging_mixin.py:190} INFO - [2026-08-02T11:54:15.628+0000] {dag.py:4180} INFO - Setting next_dagrun for finascore_ml_pipeline to 2026-07-26 00:00:00+00:00, run_after=2026-08-02 00:00:00+00:00
[2026-08-02T11:54:15.650+0000] {processor.py:208} INFO - Processing /opt/airflow/dags/finascore_pipeline_dag.py took 0.116 seconds
[2026-08-02T11:54:45.795+0000] {processor.py:186} INFO - Started process (PID=1471) to work on /opt/airflow/dags/finascore_pipeline_dag.py
[2026-08-02T11:54:45.796+0000] {processor.py:914} INFO - Processing file /opt/airflow/dags/finascore_pipeline_dag.py for tasks to queue
[2026-08-02T11:54:45.798+0000] {logging_mixin.py:190} INFO - [2026-08-02T11:54:45.798+0000] {dagbag.py:588} INFO - Filling up the DagBag from /opt/airflow/dags/finascore_pipeline_dag.py
[2026-08-02T11:54:45.816+0000] {processor.py:925} INFO - DAG(s) 'finascore_ml_pipeline' retrieved from /opt/airflow/dags/finascore_pipeline_dag.py
[2026-08-02T11:54:45.852+0000] {logging_mixin.py:190} INFO - [2026-08-02T11:54:45.852+0000] {dag.py:3239} INFO - Sync 1 DAGs
[2026-08-02T11:54:45.880+0000] {logging_mixin.py:190} INFO - [2026-08-02T11:54:45.880+0000] {dag.py:4180} INFO - Setting next_dagrun for finascore_ml_pipeline to 2026-07-26 00:00:00+00:00, run_after=2026-08-02 00:00:00+00:00
[2026-08-02T11:54:45.899+0000] {processor.py:208} INFO - Processing /opt/airflow/dags/finascore_pipeline_dag.py took 0.112 seconds
[2026-08-02T11:55:15.943+0000] {processor.py:186} INFO - Started process (PID=1476) to work on /opt/airflow/dags/finascore_pipeline_dag.py
[2026-08-02T11:55:15.944+0000] {processor.py:914} INFO - Processing file /opt/airflow/dags/finascore_pipeline_dag.py for tasks to queue
[2026-08-02T11:55:15.946+0000] {logging_mixin.py:190} INFO - [2026-08-02T11:55:15.945+0000] {dagbag.py:588} INFO - Filling up the DagBag from /opt/airflow/dags/finascore_pipeline_dag.py
[2026-08-02T11:55:15.961+0000] {processor.py:925} INFO - DAG(s) 'finascore_ml_pipeline' retrieved from /opt/airflow/dags/finascore_pipeline_dag.py
[2026-08-02T11:55:15.996+0000] {logging_mixin.py:190} INFO - [2026-08-02T11:55:15.996+0000] {dag.py:3239} INFO - Sync 1 DAGs
[2026-08-02T11:55:16.023+0000] {logging_mixin.py:190} INFO - [2026-08-02T11:55:16.022+0000] {dag.py:4180} INFO - Setting next_dagrun for finascore_ml_pipeline to 2026-07-26 00:00:00+00:00, run_after=2026-08-02 00:00:00+00:00
[2026-08-02T11:55:16.042+0000] {processor.py:208} INFO - Processing /opt/airflow/dags/finascore_pipeline_dag.py took 0.108 seconds
[2026-08-02T11:55:46.184+0000] {processor.py:186} INFO - Started process (PID=1481) to work on /opt/airflow/dags/finascore_pipeline_dag.py
[2026-08-02T11:55:46.185+0000] {processor.py:914} INFO - Processing file /opt/airflow/dags/finascore_pipeline_dag.py for tasks to queue
[2026-08-02T11:55:46.187+0000] {logging_mixin.py:190} INFO - [2026-08-02T11:55:46.186+0000] {dagbag.py:588} INFO - Filling up the DagBag from /opt/airflow/dags/finascore_pipeline_dag.py
[2026-08-02T11:55:46.202+0000] {processor.py:925} INFO - DAG(s) 'finascore_ml_pipeline' retrieved from /opt/airflow/dags/finascore_pipeline_dag.py
[2026-08-02T11:55:46.240+0000] {logging_mixin.py:190} INFO - [2026-08-02T11:55:46.239+0000] {dag.py:3239} INFO - Sync 1 DAGs
[2026-08-02T11:55:46.267+0000] {logging_mixin.py:190} INFO - [2026-08-02T11:55:46.267+0000] {dag.py:4180} INFO - Setting next_dagrun for finascore_ml_pipeline to 2026-07-26 00:00:00+00:00, run_after=2026-08-02 00:00:00+00:00
[2026-08-02T11:55:46.284+0000] {processor.py:208} INFO - Processing /opt/airflow/dags/finascore_pipeline_dag.py took 0.110 seconds
[2026-08-02T11:56:16.316+0000] {processor.py:186} INFO - Started process (PID=1486) to work on /opt/airflow/dags/finascore_pipeline_dag.py
[2026-08-02T11:56:16.318+0000] {processor.py:914} INFO - Processing file /opt/airflow/dags/finascore_pipeline_dag.py for tasks to queue
[2026-08-02T11:56:16.320+0000] {logging_mixin.py:190} INFO - [2026-08-02T11:56:16.319+0000] {dagbag.py:588} INFO - Filling up the DagBag from /opt/airflow/dags/finascore_pipeline_dag.py
[2026-08-02T11:56:16.339+0000] {processor.py:925} INFO - DAG(s) 'finascore_ml_pipeline' retrieved from /opt/airflow/dags/finascore_pipeline_dag.py
[2026-08-02T11:56:16.375+0000] {logging_mixin.py:190} INFO - [2026-08-02T11:56:16.375+0000] {dag.py:3239} INFO - Sync 1 DAGs
[2026-08-02T11:56:16.404+0000] {logging_mixin.py:190} INFO - [2026-08-02T11:56:16.403+0000] {dag.py:4180} INFO - Setting next_dagrun for finascore_ml_pipeline to 2026-07-26 00:00:00+00:00, run_after=2026-08-02 00:00:00+00:00
[2026-08-02T11:56:16.424+0000] {processor.py:208} INFO - Processing /opt/airflow/dags/finascore_pipeline_dag.py took 0.115 seconds
[2026-08-02T11:56:46.586+0000] {processor.py:186} INFO - Started process (PID=1491) to work on /opt/airflow/dags/finascore_pipeline_dag.py
[2026-08-02T11:56:46.587+0000] {processor.py:914} INFO - Processing file /opt/airflow/dags/finascore_pipeline_dag.py for tasks to queue
[2026-08-02T11:56:46.588+0000] {logging_mixin.py:190} INFO - [2026-08-02T11:56:46.588+0000] {dagbag.py:588} INFO - Filling up the DagBag from /opt/airflow/dags/finascore_pipeline_dag.py
[2026-08-02T11:56:46.611+0000] {processor.py:925} INFO - DAG(s) 'finascore_ml_pipeline' retrieved from /opt/airflow/dags/finascore_pipeline_dag.py
[2026-08-02T11:56:46.657+0000] {logging_mixin.py:190} INFO - [2026-08-02T11:56:46.657+0000] {dag.py:3239} INFO - Sync 1 DAGs
[2026-08-02T11:56:46.703+0000] {logging_mixin.py:190} INFO - [2026-08-02T11:56:46.703+0000] {dag.py:4180} INFO - Setting next_dagrun for finascore_ml_pipeline to 2026-07-26 00:00:00+00:00, run_after=2026-08-02 00:00:00+00:00
[2026-08-02T11:56:46.728+0000] {processor.py:208} INFO - Processing /opt/airflow/dags/finascore_pipeline_dag.py took 0.157 seconds
[2026-08-02T11:57:16.763+0000] {processor.py:186} INFO - Started process (PID=1496) to work on /opt/airflow/dags/finascore_pipeline_dag.py
[2026-08-02T11:57:16.764+0000] {processor.py:914} INFO - Processing file /opt/airflow/dags/finascore_pipeline_dag.py for tasks to queue
[2026-08-02T11:57:16.765+0000] {logging_mixin.py:190} INFO - [2026-08-02T11:57:16.765+0000] {dagbag.py:588} INFO - Filling up the DagBag from /opt/airflow/dags/finascore_pipeline_dag.py
[2026-08-02T11:57:16.785+0000] {processor.py:925} INFO - DAG(s) 'finascore_ml_pipeline' retrieved from /opt/airflow/dags/finascore_pipeline_dag.py
[2026-08-02T11:57:16.825+0000] {logging_mixin.py:190} INFO - [2026-08-02T11:57:16.825+0000] {dag.py:3239} INFO - Sync 1 DAGs
[2026-08-02T11:57:16.852+0000] {logging_mixin.py:190} INFO - [2026-08-02T11:57:16.852+0000] {dag.py:4180} INFO - Setting next_dagrun for finascore_ml_pipeline to 2026-07-26 00:00:00+00:00, run_after=2026-08-02 00:00:00+00:00
[2026-08-02T11:57:16.885+0000] {processor.py:208} INFO - Processing /opt/airflow/dags/finascore_pipeline_dag.py took 0.130 seconds
[2026-08-02T11:57:47.040+0000] {processor.py:186} INFO - Started process (PID=1501) to work on /opt/airflow/dags/finascore_pipeline_dag.py
[2026-08-02T11:57:47.040+0000] {processor.py:914} INFO - Processing file /opt/airflow/dags/finascore_pipeline_dag.py for tasks to queue
[2026-08-02T11:57:47.042+0000] {logging_mixin.py:190} INFO - [2026-08-02T11:57:47.041+0000] {dagbag.py:588} INFO - Filling up the DagBag from /opt/airflow/dags/finascore_pipeline_dag.py
[2026-08-02T11:57:47.060+0000] {processor.py:925} INFO - DAG(s) 'finascore_ml_pipeline' retrieved from /opt/airflow/dags/finascore_pipeline_dag.py
[2026-08-02T11:57:47.098+0000] {logging_mixin.py:190} INFO - [2026-08-02T11:57:47.098+0000] {dag.py:3239} INFO - Sync 1 DAGs
[2026-08-02T11:57:47.127+0000] {logging_mixin.py:190} INFO - [2026-08-02T11:57:47.127+0000] {dag.py:4180} INFO - Setting next_dagrun for finascore_ml_pipeline to 2026-07-26 00:00:00+00:00, run_after=2026-08-02 00:00:00+00:00
[2026-08-02T11:57:47.148+0000] {processor.py:208} INFO - Processing /opt/airflow/dags/finascore_pipeline_dag.py took 0.116 seconds
[2026-08-02T11:58:17.295+0000] {processor.py:186} INFO - Started process (PID=1506) to work on /opt/airflow/dags/finascore_pipeline_dag.py
[2026-08-02T11:58:17.297+0000] {processor.py:914} INFO - Processing file /opt/airflow/dags/finascore_pipeline_dag.py for tasks to queue
[2026-08-02T11:58:17.298+0000] {logging_mixin.py:190} INFO - [2026-08-02T11:58:17.298+0000] {dagbag.py:588} INFO - Filling up the DagBag from /opt/airflow/dags/finascore_pipeline_dag.py
[2026-08-02T11:58:17.316+0000] {processor.py:925} INFO - DAG(s) 'finascore_ml_pipeline' retrieved from /opt/airflow/dags/finascore_pipeline_dag.py
[2026-08-02T11:58:17.353+0000] {logging_mixin.py:190} INFO - [2026-08-02T11:58:17.352+0000] {dag.py:3239} INFO - Sync 1 DAGs
[2026-08-02T11:58:17.380+0000] {logging_mixin.py:190} INFO - [2026-08-02T11:58:17.379+0000] {dag.py:4180} INFO - Setting next_dagrun for finascore_ml_pipeline to 2026-07-26 00:00:00+00:00, run_after=2026-08-02 00:00:00+00:00
[2026-08-02T11:58:17.402+0000] {processor.py:208} INFO - Processing /opt/airflow/dags/finascore_pipeline_dag.py took 0.114 seconds
[2026-08-02T11:58:47.475+0000] {processor.py:186} INFO - Started process (PID=1511) to work on /opt/airflow/dags/finascore_pipeline_dag.py
[2026-08-02T11:58:47.476+0000] {processor.py:914} INFO - Processing file /opt/airflow/dags/finascore_pipeline_dag.py for tasks to queue
[2026-08-02T11:58:47.477+0000] {logging_mixin.py:190} INFO - [2026-08-02T11:58:47.477+0000] {dagbag.py:588} INFO - Filling up the DagBag from /opt/airflow/dags/finascore_pipeline_dag.py
[2026-08-02T11:58:47.500+0000] {processor.py:925} INFO - DAG(s) 'finascore_ml_pipeline' retrieved from /opt/airflow/dags/finascore_pipeline_dag.py
[2026-08-02T11:58:47.545+0000] {logging_mixin.py:190} INFO - [2026-08-02T11:58:47.545+0000] {dag.py:3239} INFO - Sync 1 DAGs
[2026-08-02T11:58:47.593+0000] {logging_mixin.py:190} INFO - [2026-08-02T11:58:47.592+0000] {dag.py:4180} INFO - Setting next_dagrun for finascore_ml_pipeline to 2026-07-26 00:00:00+00:00, run_after=2026-08-02 00:00:00+00:00
[2026-08-02T11:58:47.617+0000] {processor.py:208} INFO - Processing /opt/airflow/dags/finascore_pipeline_dag.py took 0.152 seconds
[2026-08-02T11:59:17.853+0000] {processor.py:186} INFO - Started process (PID=1516) to work on /opt/airflow/dags/finascore_pipeline_dag.py
[2026-08-02T11:59:17.855+0000] {processor.py:914} INFO - Processing file /opt/airflow/dags/finascore_pipeline_dag.py for tasks to queue
[2026-08-02T11:59:17.860+0000] {logging_mixin.py:190} INFO - [2026-08-02T11:59:17.859+0000] {dagbag.py:588} INFO - Filling up the DagBag from /opt/airflow/dags/finascore_pipeline_dag.py
[2026-08-02T11:59:17.896+0000] {processor.py:925} INFO - DAG(s) 'finascore_ml_pipeline' retrieved from /opt/airflow/dags/finascore_pipeline_dag.py
[2026-08-02T11:59:17.980+0000] {logging_mixin.py:190} INFO - [2026-08-02T11:59:17.979+0000] {dag.py:3239} INFO - Sync 1 DAGs
[2026-08-02T11:59:18.052+0000] {logging_mixin.py:190} INFO - [2026-08-02T11:59:18.051+0000] {dag.py:4180} INFO - Setting next_dagrun for finascore_ml_pipeline to 2026-07-26 00:00:00+00:00, run_after=2026-08-02 00:00:00+00:00
[2026-08-02T11:59:18.081+0000] {processor.py:208} INFO - Processing /opt/airflow/dags/finascore_pipeline_dag.py took 0.249 seconds
[2026-08-02T11:59:48.324+0000] {processor.py:186} INFO - Started process (PID=1521) to work on /opt/airflow/dags/finascore_pipeline_dag.py
[2026-08-02T11:59:48.326+0000] {processor.py:914} INFO - Processing file /opt/airflow/dags/finascore_pipeline_dag.py for tasks to queue
[2026-08-02T11:59:48.330+0000] {logging_mixin.py:190} INFO - [2026-08-02T11:59:48.329+0000] {dagbag.py:588} INFO - Filling up the DagBag from /opt/airflow/dags/finascore_pipeline_dag.py
[2026-08-02T11:59:48.358+0000] {processor.py:925} INFO - DAG(s) 'finascore_ml_pipeline' retrieved from /opt/airflow/dags/finascore_pipeline_dag.py
[2026-08-02T11:59:48.429+0000] {logging_mixin.py:190} INFO - [2026-08-02T11:59:48.428+0000] {dag.py:3239} INFO - Sync 1 DAGs
[2026-08-02T11:59:48.470+0000] {logging_mixin.py:190} INFO - [2026-08-02T11:59:48.469+0000] {dag.py:4180} INFO - Setting next_dagrun for finascore_ml_pipeline to 2026-07-26 00:00:00+00:00, run_after=2026-08-02 00:00:00+00:00
[2026-08-02T11:59:48.508+0000] {processor.py:208} INFO - Processing /opt/airflow/dags/finascore_pipeline_dag.py took 0.197 seconds
[2026-08-02T12:00:18.603+0000] {processor.py:186} INFO - Started process (PID=1526) to work on /opt/airflow/dags/finascore_pipeline_dag.py
[2026-08-02T12:00:18.605+0000] {processor.py:914} INFO - Processing file /opt/airflow/dags/finascore_pipeline_dag.py for tasks to queue
[2026-08-02T12:00:18.607+0000] {logging_mixin.py:190} INFO - [2026-08-02T12:00:18.606+0000] {dagbag.py:588} INFO - Filling up the DagBag from /opt/airflow/dags/finascore_pipeline_dag.py
[2026-08-02T12:00:18.645+0000] {processor.py:925} INFO - DAG(s) 'finascore_ml_pipeline' retrieved from /opt/airflow/dags/finascore_pipeline_dag.py
[2026-08-02T12:00:18.728+0000] {logging_mixin.py:190} INFO - [2026-08-02T12:00:18.727+0000] {dag.py:3239} INFO - Sync 1 DAGs
[2026-08-02T12:00:18.801+0000] {logging_mixin.py:190} INFO - [2026-08-02T12:00:18.800+0000] {dag.py:4180} INFO - Setting next_dagrun for finascore_ml_pipeline to 2026-07-26 00:00:00+00:00, run_after=2026-08-02 00:00:00+00:00
[2026-08-02T12:00:18.840+0000] {processor.py:208} INFO - Processing /opt/airflow/dags/finascore_pipeline_dag.py took 0.258 seconds
[2026-08-02T12:00:49.042+0000] {processor.py:186} INFO - Started process (PID=1531) to work on /opt/airflow/dags/finascore_pipeline_dag.py
[2026-08-02T12:00:49.043+0000] {processor.py:914} INFO - Processing file /opt/airflow/dags/finascore_pipeline_dag.py for tasks to queue
[2026-08-02T12:00:49.046+0000] {logging_mixin.py:190} INFO - [2026-08-02T12:00:49.046+0000] {dagbag.py:588} INFO - Filling up the DagBag from /opt/airflow/dags/finascore_pipeline_dag.py
[2026-08-02T12:00:49.071+0000] {processor.py:925} INFO - DAG(s) 'finascore_ml_pipeline' retrieved from /opt/airflow/dags/finascore_pipeline_dag.py
[2026-08-02T12:00:49.125+0000] {logging_mixin.py:190} INFO - [2026-08-02T12:00:49.124+0000] {dag.py:3239} INFO - Sync 1 DAGs
[2026-08-02T12:00:49.180+0000] {logging_mixin.py:190} INFO - [2026-08-02T12:00:49.178+0000] {dag.py:4180} INFO - Setting next_dagrun for finascore_ml_pipeline to 2026-07-26 00:00:00+00:00, run_after=2026-08-02 00:00:00+00:00
[2026-08-02T12:00:49.212+0000] {processor.py:208} INFO - Processing /opt/airflow/dags/finascore_pipeline_dag.py took 0.182 seconds
[2026-08-02T12:01:19.367+0000] {processor.py:186} INFO - Started process (PID=1536) to work on /opt/airflow/dags/finascore_pipeline_dag.py
[2026-08-02T12:01:19.369+0000] {processor.py:914} INFO - Processing file /opt/airflow/dags/finascore_pipeline_dag.py for tasks to queue
[2026-08-02T12:01:19.374+0000] {logging_mixin.py:190} INFO - [2026-08-02T12:01:19.373+0000] {dagbag.py:588} INFO - Filling up the DagBag from /opt/airflow/dags/finascore_pipeline_dag.py
[2026-08-02T12:01:19.419+0000] {processor.py:925} INFO - DAG(s) 'finascore_ml_pipeline' retrieved from /opt/airflow/dags/finascore_pipeline_dag.py
[2026-08-02T12:01:19.500+0000] {logging_mixin.py:190} INFO - [2026-08-02T12:01:19.498+0000] {dag.py:3239} INFO - Sync 1 DAGs
[2026-08-02T12:01:19.579+0000] {logging_mixin.py:190} INFO - [2026-08-02T12:01:19.579+0000] {dag.py:4180} INFO - Setting next_dagrun for finascore_ml_pipeline to 2026-07-26 00:00:00+00:00, run_after=2026-08-02 00:00:00+00:00
[2026-08-02T12:01:19.637+0000] {processor.py:208} INFO - Processing /opt/airflow/dags/finascore_pipeline_dag.py took 0.289 seconds
[2026-08-02T12:01:49.794+0000] {processor.py:186} INFO - Started process (PID=1541) to work on /opt/airflow/dags/finascore_pipeline_dag.py
[2026-08-02T12:01:49.795+0000] {processor.py:914} INFO - Processing file /opt/airflow/dags/finascore_pipeline_dag.py for tasks to queue
[2026-08-02T12:01:49.799+0000] {logging_mixin.py:190} INFO - [2026-08-02T12:01:49.797+0000] {dagbag.py:588} INFO - Filling up the DagBag from /opt/airflow/dags/finascore_pipeline_dag.py
[2026-08-02T12:01:49.842+0000] {processor.py:925} INFO - DAG(s) 'finascore_ml_pipeline' retrieved from /opt/airflow/dags/finascore_pipeline_dag.py
[2026-08-02T12:01:49.910+0000] {logging_mixin.py:190} INFO - [2026-08-02T12:01:49.910+0000] {dag.py:3239} INFO - Sync 1 DAGs
[2026-08-02T12:01:49.957+0000] {logging_mixin.py:190} INFO - [2026-08-02T12:01:49.957+0000] {dag.py:4180} INFO - Setting next_dagrun for finascore_ml_pipeline to 2026-07-26 00:00:00+00:00, run_after=2026-08-02 00:00:00+00:00
[2026-08-02T12:01:50.017+0000] {processor.py:208} INFO - Processing /opt/airflow/dags/finascore_pipeline_dag.py took 0.240 seconds
[2026-08-02T12:02:20.110+0000] {processor.py:186} INFO - Started process (PID=1546) to work on /opt/airflow/dags/finascore_pipeline_dag.py
[2026-08-02T12:02:20.112+0000] {processor.py:914} INFO - Processing file /opt/airflow/dags/finascore_pipeline_dag.py for tasks to queue
[2026-08-02T12:02:20.114+0000] {logging_mixin.py:190} INFO - [2026-08-02T12:02:20.114+0000] {dagbag.py:588} INFO - Filling up the DagBag from /opt/airflow/dags/finascore_pipeline_dag.py
[2026-08-02T12:02:20.143+0000] {processor.py:925} INFO - DAG(s) 'finascore_ml_pipeline' retrieved from /opt/airflow/dags/finascore_pipeline_dag.py
[2026-08-02T12:02:20.201+0000] {logging_mixin.py:190} INFO - [2026-08-02T12:02:20.201+0000] {dag.py:3239} INFO - Sync 1 DAGs
[2026-08-02T12:02:20.250+0000] {logging_mixin.py:190} INFO - [2026-08-02T12:02:20.250+0000] {dag.py:4180} INFO - Setting next_dagrun for finascore_ml_pipeline to 2026-07-26 00:00:00+00:00, run_after=2026-08-02 00:00:00+00:00
[2026-08-02T12:02:20.277+0000] {processor.py:208} INFO - Processing /opt/airflow/dags/finascore_pipeline_dag.py took 0.181 seconds
[2026-08-02T12:02:50.367+0000] {processor.py:186} INFO - Started process (PID=1551) to work on /opt/airflow/dags/finascore_pipeline_dag.py
[2026-08-02T12:02:50.368+0000] {processor.py:914} INFO - Processing file /opt/airflow/dags/finascore_pipeline_dag.py for tasks to queue
[2026-08-02T12:02:50.369+0000] {logging_mixin.py:190} INFO - [2026-08-02T12:02:50.369+0000] {dagbag.py:588} INFO - Filling up the DagBag from /opt/airflow/dags/finascore_pipeline_dag.py
[2026-08-02T12:02:50.390+0000] {processor.py:925} INFO - DAG(s) 'finascore_ml_pipeline' retrieved from /opt/airflow/dags/finascore_pipeline_dag.py
[2026-08-02T12:02:50.434+0000] {logging_mixin.py:190} INFO - [2026-08-02T12:02:50.434+0000] {dag.py:3239} INFO - Sync 1 DAGs
[2026-08-02T12:02:50.469+0000] {logging_mixin.py:190} INFO - [2026-08-02T12:02:50.468+0000] {dag.py:4180} INFO - Setting next_dagrun for finascore_ml_pipeline to 2026-07-26 00:00:00+00:00, run_after=2026-08-02 00:00:00+00:00
[2026-08-02T12:02:50.491+0000] {processor.py:208} INFO - Processing /opt/airflow/dags/finascore_pipeline_dag.py took 0.133 seconds
[2026-08-02T12:03:20.605+0000] {processor.py:186} INFO - Started process (PID=1556) to work on /opt/airflow/dags/finascore_pipeline_dag.py
[2026-08-02T12:03:20.606+0000] {processor.py:914} INFO - Processing file /opt/airflow/dags/finascore_pipeline_dag.py for tasks to queue
[2026-08-02T12:03:20.607+0000] {logging_mixin.py:190} INFO - [2026-08-02T12:03:20.607+0000] {dagbag.py:588} INFO - Filling up the DagBag from /opt/airflow/dags/finascore_pipeline_dag.py
[2026-08-02T12:03:20.626+0000] {processor.py:925} INFO - DAG(s) 'finascore_ml_pipeline' retrieved from /opt/airflow/dags/finascore_pipeline_dag.py
[2026-08-02T12:03:20.677+0000] {logging_mixin.py:190} INFO - [2026-08-02T12:03:20.676+0000] {dag.py:3239} INFO - Sync 1 DAGs
[2026-08-02T12:03:20.712+0000] {logging_mixin.py:190} INFO - [2026-08-02T12:03:20.712+0000] {dag.py:4180} INFO - Setting next_dagrun for finascore_ml_pipeline to 2026-07-26 00:00:00+00:00, run_after=2026-08-02 00:00:00+00:00
[2026-08-02T12:03:20.737+0000] {processor.py:208} INFO - Processing /opt/airflow/dags/finascore_pipeline_dag.py took 0.142 seconds
[2026-08-02T12:03:50.856+0000] {processor.py:186} INFO - Started process (PID=1561) to work on /opt/airflow/dags/finascore_pipeline_dag.py
[2026-08-02T12:03:50.857+0000] {processor.py:914} INFO - Processing file /opt/airflow/dags/finascore_pipeline_dag.py for tasks to queue
[2026-08-02T12:03:50.860+0000] {logging_mixin.py:190} INFO - [2026-08-02T12:03:50.858+0000] {dagbag.py:588} INFO - Filling up the DagBag from /opt/airflow/dags/finascore_pipeline_dag.py
[2026-08-02T12:03:50.893+0000] {processor.py:925} INFO - DAG(s) 'finascore_ml_pipeline' retrieved from /opt/airflow/dags/finascore_pipeline_dag.py
[2026-08-02T12:03:50.979+0000] {logging_mixin.py:190} INFO - [2026-08-02T12:03:50.979+0000] {dag.py:3239} INFO - Sync 1 DAGs
[2026-08-02T12:03:51.036+0000] {logging_mixin.py:190} INFO - [2026-08-02T12:03:51.036+0000] {dag.py:4180} INFO - Setting next_dagrun for finascore_ml_pipeline to 2026-07-26 00:00:00+00:00, run_after=2026-08-02 00:00:00+00:00
[2026-08-02T12:03:51.067+0000] {processor.py:208} INFO - Processing /opt/airflow/dags/finascore_pipeline_dag.py took 0.222 seconds
[2026-08-02T12:04:21.185+0000] {processor.py:186} INFO - Started process (PID=1566) to work on /opt/airflow/dags/finascore_pipeline_dag.py
[2026-08-02T12:04:21.187+0000] {processor.py:914} INFO - Processing file /opt/airflow/dags/finascore_pipeline_dag.py for tasks to queue
[2026-08-02T12:04:21.189+0000] {logging_mixin.py:190} INFO - [2026-08-02T12:04:21.189+0000] {dagbag.py:588} INFO - Filling up the DagBag from /opt/airflow/dags/finascore_pipeline_dag.py
[2026-08-02T12:04:21.208+0000] {processor.py:925} INFO - DAG(s) 'finascore_ml_pipeline' retrieved from /opt/airflow/dags/finascore_pipeline_dag.py
[2026-08-02T12:04:21.256+0000] {logging_mixin.py:190} INFO - [2026-08-02T12:04:21.256+0000] {dag.py:3239} INFO - Sync 1 DAGs
[2026-08-02T12:04:21.296+0000] {logging_mixin.py:190} INFO - [2026-08-02T12:04:21.295+0000] {dag.py:4180} INFO - Setting next_dagrun for finascore_ml_pipeline to 2026-07-26 00:00:00+00:00, run_after=2026-08-02 00:00:00+00:00
[2026-08-02T12:04:21.324+0000] {processor.py:208} INFO - Processing /opt/airflow/dags/finascore_pipeline_dag.py took 0.148 seconds
[2026-08-02T12:04:51.484+0000] {processor.py:186} INFO - Started process (PID=1571) to work on /opt/airflow/dags/finascore_pipeline_dag.py
[2026-08-02T12:04:51.485+0000] {processor.py:914} INFO - Processing file /opt/airflow/dags/finascore_pipeline_dag.py for tasks to queue
[2026-08-02T12:04:51.487+0000] {logging_mixin.py:190} INFO - [2026-08-02T12:04:51.486+0000] {dagbag.py:588} INFO - Filling up the DagBag from /opt/airflow/dags/finascore_pipeline_dag.py
[2026-08-02T12:04:51.506+0000] {processor.py:925} INFO - DAG(s) 'finascore_ml_pipeline' retrieved from /opt/airflow/dags/finascore_pipeline_dag.py
[2026-08-02T12:04:51.554+0000] {logging_mixin.py:190} INFO - [2026-08-02T12:04:51.554+0000] {dag.py:3239} INFO - Sync 1 DAGs
[2026-08-02T12:04:51.588+0000] {logging_mixin.py:190} INFO - [2026-08-02T12:04:51.588+0000] {dag.py:4180} INFO - Setting next_dagrun for finascore_ml_pipeline to 2026-07-26 00:00:00+00:00, run_after=2026-08-02 00:00:00+00:00
[2026-08-02T12:04:51.607+0000] {processor.py:208} INFO - Processing /opt/airflow/dags/finascore_pipeline_dag.py took 0.135 seconds
[2026-08-02T12:05:21.647+0000] {processor.py:186} INFO - Started process (PID=1576) to work on /opt/airflow/dags/finascore_pipeline_dag.py
[2026-08-02T12:05:21.649+0000] {processor.py:914} INFO - Processing file /opt/airflow/dags/finascore_pipeline_dag.py for tasks to queue
[2026-08-02T12:05:21.650+0000] {logging_mixin.py:190} INFO - [2026-08-02T12:05:21.650+0000] {dagbag.py:588} INFO - Filling up the DagBag from /opt/airflow/dags/finascore_pipeline_dag.py
[2026-08-02T12:05:21.670+0000] {processor.py:925} INFO - DAG(s) 'finascore_ml_pipeline' retrieved from /opt/airflow/dags/finascore_pipeline_dag.py
[2026-08-02T12:05:21.713+0000] {logging_mixin.py:190} INFO - [2026-08-02T12:05:21.713+0000] {dag.py:3239} INFO - Sync 1 DAGs
[2026-08-02T12:05:21.752+0000] {logging_mixin.py:190} INFO - [2026-08-02T12:05:21.751+0000] {dag.py:4180} INFO - Setting next_dagrun for finascore_ml_pipeline to 2026-07-26 00:00:00+00:00, run_after=2026-08-02 00:00:00+00:00
[2026-08-02T12:05:21.772+0000] {processor.py:208} INFO - Processing /opt/airflow/dags/finascore_pipeline_dag.py took 0.134 seconds
[2026-08-02T12:05:51.969+0000] {processor.py:186} INFO - Started process (PID=1581) to work on /opt/airflow/dags/finascore_pipeline_dag.py
[2026-08-02T12:05:51.969+0000] {processor.py:914} INFO - Processing file /opt/airflow/dags/finascore_pipeline_dag.py for tasks to queue
[2026-08-02T12:05:51.973+0000] {logging_mixin.py:190} INFO - [2026-08-02T12:05:51.973+0000] {dagbag.py:588} INFO - Filling up the DagBag from /opt/airflow/dags/finascore_pipeline_dag.py
[2026-08-02T12:05:51.995+0000] {processor.py:925} INFO - DAG(s) 'finascore_ml_pipeline' retrieved from /opt/airflow/dags/finascore_pipeline_dag.py
[2026-08-02T12:05:52.038+0000] {logging_mixin.py:190} INFO - [2026-08-02T12:05:52.038+0000] {dag.py:3239} INFO - Sync 1 DAGs
[2026-08-02T12:05:52.072+0000] {logging_mixin.py:190} INFO - [2026-08-02T12:05:52.072+0000] {dag.py:4180} INFO - Setting next_dagrun for finascore_ml_pipeline to 2026-07-26 00:00:00+00:00, run_after=2026-08-02 00:00:00+00:00
[2026-08-02T12:05:52.095+0000] {processor.py:208} INFO - Processing /opt/airflow/dags/finascore_pipeline_dag.py took 0.136 seconds
[2026-08-02T12:06:22.264+0000] {processor.py:186} INFO - Started process (PID=1586) to work on /opt/airflow/dags/finascore_pipeline_dag.py
[2026-08-02T12:06:22.265+0000] {processor.py:914} INFO - Processing file /opt/airflow/dags/finascore_pipeline_dag.py for tasks to queue
[2026-08-02T12:06:22.267+0000] {logging_mixin.py:190} INFO - [2026-08-02T12:06:22.266+0000] {dagbag.py:588} INFO - Filling up the DagBag from /opt/airflow/dags/finascore_pipeline_dag.py
[2026-08-02T12:06:22.283+0000] {processor.py:925} INFO - DAG(s) 'finascore_ml_pipeline' retrieved from /opt/airflow/dags/finascore_pipeline_dag.py
[2026-08-02T12:06:22.331+0000] {logging_mixin.py:190} INFO - [2026-08-02T12:06:22.330+0000] {dag.py:3239} INFO - Sync 1 DAGs
[2026-08-02T12:06:22.366+0000] {logging_mixin.py:190} INFO - [2026-08-02T12:06:22.366+0000] {dag.py:4180} INFO - Setting next_dagrun for finascore_ml_pipeline to 2026-07-26 00:00:00+00:00, run_after=2026-08-02 00:00:00+00:00
[2026-08-02T12:06:22.386+0000] {processor.py:208} INFO - Processing /opt/airflow/dags/finascore_pipeline_dag.py took 0.131 seconds
[2026-08-02T12:06:52.541+0000] {processor.py:186} INFO - Started process (PID=1591) to work on /opt/airflow/dags/finascore_pipeline_dag.py
[2026-08-02T12:06:52.542+0000] {processor.py:914} INFO - Processing file /opt/airflow/dags/finascore_pipeline_dag.py for tasks to queue
[2026-08-02T12:06:52.543+0000] {logging_mixin.py:190} INFO - [2026-08-02T12:06:52.543+0000] {dagbag.py:588} INFO - Filling up the DagBag from /opt/airflow/dags/finascore_pipeline_dag.py
[2026-08-02T12:06:52.558+0000] {processor.py:925} INFO - DAG(s) 'finascore_ml_pipeline' retrieved from /opt/airflow/dags/finascore_pipeline_dag.py
[2026-08-02T12:06:52.593+0000] {logging_mixin.py:190} INFO - [2026-08-02T12:06:52.592+0000] {dag.py:3239} INFO - Sync 1 DAGs
[2026-08-02T12:06:52.619+0000] {logging_mixin.py:190} INFO - [2026-08-02T12:06:52.618+0000] {dag.py:4180} INFO - Setting next_dagrun for finascore_ml_pipeline to 2026-07-26 00:00:00+00:00, run_after=2026-08-02 00:00:00+00:00
[2026-08-02T12:06:52.636+0000] {processor.py:208} INFO - Processing /opt/airflow/dags/finascore_pipeline_dag.py took 0.103 seconds
[2026-08-02T12:07:22.666+0000] {processor.py:186} INFO - Started process (PID=1596) to work on /opt/airflow/dags/finascore_pipeline_dag.py
[2026-08-02T12:07:22.667+0000] {processor.py:914} INFO - Processing file /opt/airflow/dags/finascore_pipeline_dag.py for tasks to queue
[2026-08-02T12:07:22.668+0000] {logging_mixin.py:190} INFO - [2026-08-02T12:07:22.668+0000] {dagbag.py:588} INFO - Filling up the DagBag from /opt/airflow/dags/finascore_pipeline_dag.py
[2026-08-02T12:07:22.683+0000] {processor.py:925} INFO - DAG(s) 'finascore_ml_pipeline' retrieved from /opt/airflow/dags/finascore_pipeline_dag.py
[2026-08-02T12:07:22.718+0000] {logging_mixin.py:190} INFO - [2026-08-02T12:07:22.718+0000] {dag.py:3239} INFO - Sync 1 DAGs
[2026-08-02T12:07:22.744+0000] {logging_mixin.py:190} INFO - [2026-08-02T12:07:22.744+0000] {dag.py:4180} INFO - Setting next_dagrun for finascore_ml_pipeline to 2026-07-26 00:00:00+00:00, run_after=2026-08-02 00:00:00+00:00
[2026-08-02T12:07:22.763+0000] {processor.py:208} INFO - Processing /opt/airflow/dags/finascore_pipeline_dag.py took 0.105 seconds
[2026-08-02T12:07:52.949+0000] {processor.py:186} INFO - Started process (PID=1601) to work on /opt/airflow/dags/finascore_pipeline_dag.py
[2026-08-02T12:07:52.950+0000] {processor.py:914} INFO - Processing file /opt/airflow/dags/finascore_pipeline_dag.py for tasks to queue
[2026-08-02T12:07:52.951+0000] {logging_mixin.py:190} INFO - [2026-08-02T12:07:52.951+0000] {dagbag.py:588} INFO - Filling up the DagBag from /opt/airflow/dags/finascore_pipeline_dag.py
[2026-08-02T12:07:52.968+0000] {processor.py:925} INFO - DAG(s) 'finascore_ml_pipeline' retrieved from /opt/airflow/dags/finascore_pipeline_dag.py
[2026-08-02T12:07:53.003+0000] {logging_mixin.py:190} INFO - [2026-08-02T12:07:53.003+0000] {dag.py:3239} INFO - Sync 1 DAGs
[2026-08-02T12:07:53.031+0000] {logging_mixin.py:190} INFO - [2026-08-02T12:07:53.031+0000] {dag.py:4180} INFO - Setting next_dagrun for finascore_ml_pipeline to 2026-07-26 00:00:00+00:00, run_after=2026-08-02 00:00:00+00:00
[2026-08-02T12:07:53.050+0000] {processor.py:208} INFO - Processing /opt/airflow/dags/finascore_pipeline_dag.py took 0.109 seconds
[2026-08-02T12:08:23.106+0000] {processor.py:186} INFO - Started process (PID=1606) to work on /opt/airflow/dags/finascore_pipeline_dag.py
[2026-08-02T12:08:23.107+0000] {processor.py:914} INFO - Processing file /opt/airflow/dags/finascore_pipeline_dag.py for tasks to queue
[2026-08-02T12:08:23.109+0000] {logging_mixin.py:190} INFO - [2026-08-02T12:08:23.108+0000] {dagbag.py:588} INFO - Filling up the DagBag from /opt/airflow/dags/finascore_pipeline_dag.py
[2026-08-02T12:08:23.124+0000] {processor.py:925} INFO - DAG(s) 'finascore_ml_pipeline' retrieved from /opt/airflow/dags/finascore_pipeline_dag.py
[2026-08-02T12:08:23.164+0000] {logging_mixin.py:190} INFO - [2026-08-02T12:08:23.163+0000] {dag.py:3239} INFO - Sync 1 DAGs
[2026-08-02T12:08:23.194+0000] {logging_mixin.py:190} INFO - [2026-08-02T12:08:23.194+0000] {dag.py:4180} INFO - Setting next_dagrun for finascore_ml_pipeline to 2026-07-26 00:00:00+00:00, run_after=2026-08-02 00:00:00+00:00
[2026-08-02T12:08:23.213+0000] {processor.py:208} INFO - Processing /opt/airflow/dags/finascore_pipeline_dag.py took 0.116 seconds
[2026-08-02T12:08:53.327+0000] {processor.py:186} INFO - Started process (PID=1611) to work on /opt/airflow/dags/finascore_pipeline_dag.py
[2026-08-02T12:08:53.328+0000] {processor.py:914} INFO - Processing file /opt/airflow/dags/finascore_pipeline_dag.py for tasks to queue
[2026-08-02T12:08:53.329+0000] {logging_mixin.py:190} INFO - [2026-08-02T12:08:53.329+0000] {dagbag.py:588} INFO - Filling up the DagBag from /opt/airflow/dags/finascore_pipeline_dag.py
[2026-08-02T12:08:53.354+0000] {processor.py:925} INFO - DAG(s) 'finascore_ml_pipeline' retrieved from /opt/airflow/dags/finascore_pipeline_dag.py
[2026-08-02T12:08:53.402+0000] {logging_mixin.py:190} INFO - [2026-08-02T12:08:53.402+0000] {dag.py:3239} INFO - Sync 1 DAGs
[2026-08-02T12:08:53.433+0000] {logging_mixin.py:190} INFO - [2026-08-02T12:08:53.433+0000] {dag.py:4180} INFO - Setting next_dagrun for finascore_ml_pipeline to 2026-07-26 00:00:00+00:00, run_after=2026-08-02 00:00:00+00:00
[2026-08-02T12:08:53.449+0000] {processor.py:208} INFO - Processing /opt/airflow/dags/finascore_pipeline_dag.py took 0.131 seconds
[2026-08-02T12:09:23.494+0000] {processor.py:186} INFO - Started process (PID=1616) to work on /opt/airflow/dags/finascore_pipeline_dag.py
[2026-08-02T12:09:23.495+0000] {processor.py:914} INFO - Processing file /opt/airflow/dags/finascore_pipeline_dag.py for tasks to queue
[2026-08-02T12:09:23.498+0000] {logging_mixin.py:190} INFO - [2026-08-02T12:09:23.498+0000] {dagbag.py:588} INFO - Filling up the DagBag from /opt/airflow/dags/finascore_pipeline_dag.py
[2026-08-02T12:09:23.520+0000] {processor.py:925} INFO - DAG(s) 'finascore_ml_pipeline' retrieved from /opt/airflow/dags/finascore_pipeline_dag.py
[2026-08-02T12:09:23.557+0000] {logging_mixin.py:190} INFO - [2026-08-02T12:09:23.557+0000] {dag.py:3239} INFO - Sync 1 DAGs
[2026-08-02T12:09:23.585+0000] {logging_mixin.py:190} INFO - [2026-08-02T12:09:23.585+0000] {dag.py:4180} INFO - Setting next_dagrun for finascore_ml_pipeline to 2026-07-26 00:00:00+00:00, run_after=2026-08-02 00:00:00+00:00
[2026-08-02T12:09:23.603+0000] {processor.py:208} INFO - Processing /opt/airflow/dags/finascore_pipeline_dag.py took 0.116 seconds
[2026-08-02T12:09:53.725+0000] {processor.py:186} INFO - Started process (PID=1621) to work on /opt/airflow/dags/finascore_pipeline_dag.py
[2026-08-02T12:09:53.726+0000] {processor.py:914} INFO - Processing file /opt/airflow/dags/finascore_pipeline_dag.py for tasks to queue
[2026-08-02T12:09:53.728+0000] {logging_mixin.py:190} INFO - [2026-08-02T12:09:53.727+0000] {dagbag.py:588} INFO - Filling up the DagBag from /opt/airflow/dags/finascore_pipeline_dag.py
[2026-08-02T12:09:53.743+0000] {processor.py:925} INFO - DAG(s) 'finascore_ml_pipeline' retrieved from /opt/airflow/dags/finascore_pipeline_dag.py
[2026-08-02T12:09:53.777+0000] {logging_mixin.py:190} INFO - [2026-08-02T12:09:53.777+0000] {dag.py:3239} INFO - Sync 1 DAGs
[2026-08-02T12:09:53.803+0000] {logging_mixin.py:190} INFO - [2026-08-02T12:09:53.802+0000] {dag.py:4180} INFO - Setting next_dagrun for finascore_ml_pipeline to 2026-07-26 00:00:00+00:00, run_after=2026-08-02 00:00:00+00:00
[2026-08-02T12:09:53.818+0000] {processor.py:208} INFO - Processing /opt/airflow/dags/finascore_pipeline_dag.py took 0.101 seconds
[2026-08-02T12:10:23.872+0000] {processor.py:186} INFO - Started process (PID=1626) to work on /opt/airflow/dags/finascore_pipeline_dag.py
[2026-08-02T12:10:23.873+0000] {processor.py:914} INFO - Processing file /opt/airflow/dags/finascore_pipeline_dag.py for tasks to queue
[2026-08-02T12:10:23.875+0000] {logging_mixin.py:190} INFO - [2026-08-02T12:10:23.874+0000] {dagbag.py:588} INFO - Filling up the DagBag from /opt/airflow/dags/finascore_pipeline_dag.py
[2026-08-02T12:10:23.890+0000] {processor.py:925} INFO - DAG(s) 'finascore_ml_pipeline' retrieved from /opt/airflow/dags/finascore_pipeline_dag.py
[2026-08-02T12:10:23.928+0000] {logging_mixin.py:190} INFO - [2026-08-02T12:10:23.928+0000] {dag.py:3239} INFO - Sync 1 DAGs
[2026-08-02T12:10:23.956+0000] {logging_mixin.py:190} INFO - [2026-08-02T12:10:23.956+0000] {dag.py:4180} INFO - Setting next_dagrun for finascore_ml_pipeline to 2026-07-26 00:00:00+00:00, run_after=2026-08-02 00:00:00+00:00
[2026-08-02T12:10:23.977+0000] {processor.py:208} INFO - Processing /opt/airflow/dags/finascore_pipeline_dag.py took 0.113 seconds
[2026-08-02T12:10:54.132+0000] {processor.py:186} INFO - Started process (PID=1631) to work on /opt/airflow/dags/finascore_pipeline_dag.py
[2026-08-02T12:10:54.134+0000] {processor.py:914} INFO - Processing file /opt/airflow/dags/finascore_pipeline_dag.py for tasks to queue
[2026-08-02T12:10:54.138+0000] {logging_mixin.py:190} INFO - [2026-08-02T12:10:54.136+0000] {dagbag.py:588} INFO - Filling up the DagBag from /opt/airflow/dags/finascore_pipeline_dag.py
[2026-08-02T12:10:54.171+0000] {processor.py:925} INFO - DAG(s) 'finascore_ml_pipeline' retrieved from /opt/airflow/dags/finascore_pipeline_dag.py
[2026-08-02T12:10:54.229+0000] {logging_mixin.py:190} INFO - [2026-08-02T12:10:54.229+0000] {dag.py:3239} INFO - Sync 1 DAGs
[2026-08-02T12:10:54.284+0000] {logging_mixin.py:190} INFO - [2026-08-02T12:10:54.284+0000] {dag.py:4180} INFO - Setting next_dagrun for finascore_ml_pipeline to 2026-07-26 00:00:00+00:00, run_after=2026-08-02 00:00:00+00:00
[2026-08-02T12:10:54.313+0000] {processor.py:208} INFO - Processing /opt/airflow/dags/finascore_pipeline_dag.py took 0.194 seconds
[2026-08-02T12:11:24.477+0000] {processor.py:186} INFO - Started process (PID=1636) to work on /opt/airflow/dags/finascore_pipeline_dag.py
[2026-08-02T12:11:24.479+0000] {processor.py:914} INFO - Processing file /opt/airflow/dags/finascore_pipeline_dag.py for tasks to queue
[2026-08-02T12:11:24.480+0000] {logging_mixin.py:190} INFO - [2026-08-02T12:11:24.480+0000] {dagbag.py:588} INFO - Filling up the DagBag from /opt/airflow/dags/finascore_pipeline_dag.py
[2026-08-02T12:11:24.496+0000] {processor.py:925} INFO - DAG(s) 'finascore_ml_pipeline' retrieved from /opt/airflow/dags/finascore_pipeline_dag.py
[2026-08-02T12:11:24.534+0000] {logging_mixin.py:190} INFO - [2026-08-02T12:11:24.533+0000] {dag.py:3239} INFO - Sync 1 DAGs
[2026-08-02T12:11:24.560+0000] {logging_mixin.py:190} INFO - [2026-08-02T12:11:24.560+0000] {dag.py:4180} INFO - Setting next_dagrun for finascore_ml_pipeline to 2026-07-26 00:00:00+00:00, run_after=2026-08-02 00:00:00+00:00
[2026-08-02T12:11:24.580+0000] {processor.py:208} INFO - Processing /opt/airflow/dags/finascore_pipeline_dag.py took 0.110 seconds
[2026-08-02T12:11:54.611+0000] {processor.py:186} INFO - Started process (PID=1641) to work on /opt/airflow/dags/finascore_pipeline_dag.py
[2026-08-02T12:11:54.613+0000] {processor.py:914} INFO - Processing file /opt/airflow/dags/finascore_pipeline_dag.py for tasks to queue
[2026-08-02T12:11:54.614+0000] {logging_mixin.py:190} INFO - [2026-08-02T12:11:54.614+0000] {dagbag.py:588} INFO - Filling up the DagBag from /opt/airflow/dags/finascore_pipeline_dag.py
[2026-08-02T12:11:54.628+0000] {processor.py:925} INFO - DAG(s) 'finascore_ml_pipeline' retrieved from /opt/airflow/dags/finascore_pipeline_dag.py
[2026-08-02T12:11:54.668+0000] {logging_mixin.py:190} INFO - [2026-08-02T12:11:54.668+0000] {dag.py:3239} INFO - Sync 1 DAGs
[2026-08-02T12:11:54.695+0000] {logging_mixin.py:190} INFO - [2026-08-02T12:11:54.695+0000] {dag.py:4180} INFO - Setting next_dagrun for finascore_ml_pipeline to 2026-07-26 00:00:00+00:00, run_after=2026-08-02 00:00:00+00:00
[2026-08-02T12:11:54.713+0000] {processor.py:208} INFO - Processing /opt/airflow/dags/finascore_pipeline_dag.py took 0.110 seconds
[2026-08-02T12:12:24.861+0000] {processor.py:186} INFO - Started process (PID=1646) to work on /opt/airflow/dags/finascore_pipeline_dag.py
[2026-08-02T12:12:24.862+0000] {processor.py:914} INFO - Processing file /opt/airflow/dags/finascore_pipeline_dag.py for tasks to queue
[2026-08-02T12:12:24.863+0000] {logging_mixin.py:190} INFO - [2026-08-02T12:12:24.862+0000] {dagbag.py:588} INFO - Filling up the DagBag from /opt/airflow/dags/finascore_pipeline_dag.py
[2026-08-02T12:12:24.878+0000] {processor.py:925} INFO - DAG(s) 'finascore_ml_pipeline' retrieved from /opt/airflow/dags/finascore_pipeline_dag.py
[2026-08-02T12:12:24.913+0000] {logging_mixin.py:190} INFO - [2026-08-02T12:12:24.913+0000] {dag.py:3239} INFO - Sync 1 DAGs
[2026-08-02T12:12:24.941+0000] {logging_mixin.py:190} INFO - [2026-08-02T12:12:24.941+0000] {dag.py:4180} INFO - Setting next_dagrun for finascore_ml_pipeline to 2026-07-26 00:00:00+00:00, run_after=2026-08-02 00:00:00+00:00
[2026-08-02T12:12:24.974+0000] {processor.py:208} INFO - Processing /opt/airflow/dags/finascore_pipeline_dag.py took 0.120 seconds
[2026-08-02T12:12:55.044+0000] {processor.py:186} INFO - Started process (PID=1651) to work on /opt/airflow/dags/finascore_pipeline_dag.py
[2026-08-02T12:12:55.045+0000] {processor.py:914} INFO - Processing file /opt/airflow/dags/finascore_pipeline_dag.py for tasks to queue
[2026-08-02T12:12:55.047+0000] {logging_mixin.py:190} INFO - [2026-08-02T12:12:55.046+0000] {dagbag.py:588} INFO - Filling up the DagBag from /opt/airflow/dags/finascore_pipeline_dag.py
[2026-08-02T12:12:55.062+0000] {processor.py:925} INFO - DAG(s) 'finascore_ml_pipeline' retrieved from /opt/airflow/dags/finascore_pipeline_dag.py
[2026-08-02T12:12:55.099+0000] {logging_mixin.py:190} INFO - [2026-08-02T12:12:55.099+0000] {dag.py:3239} INFO - Sync 1 DAGs
[2026-08-02T12:12:55.125+0000] {logging_mixin.py:190} INFO - [2026-08-02T12:12:55.125+0000] {dag.py:4180} INFO - Setting next_dagrun for finascore_ml_pipeline to 2026-07-26 00:00:00+00:00, run_after=2026-08-02 00:00:00+00:00
[2026-08-02T12:12:55.142+0000] {processor.py:208} INFO - Processing /opt/airflow/dags/finascore_pipeline_dag.py took 0.109 seconds
[2026-08-02T12:13:25.238+0000] {processor.py:186} INFO - Started process (PID=1656) to work on /opt/airflow/dags/finascore_pipeline_dag.py
[2026-08-02T12:13:25.240+0000] {processor.py:914} INFO - Processing file /opt/airflow/dags/finascore_pipeline_dag.py for tasks to queue
[2026-08-02T12:13:25.242+0000] {logging_mixin.py:190} INFO - [2026-08-02T12:13:25.241+0000] {dagbag.py:588} INFO - Filling up the DagBag from /opt/airflow/dags/finascore_pipeline_dag.py
[2026-08-02T12:13:25.258+0000] {processor.py:925} INFO - DAG(s) 'finascore_ml_pipeline' retrieved from /opt/airflow/dags/finascore_pipeline_dag.py
[2026-08-02T12:13:25.296+0000] {logging_mixin.py:190} INFO - [2026-08-02T12:13:25.295+0000] {dag.py:3239} INFO - Sync 1 DAGs
[2026-08-02T12:13:25.322+0000] {logging_mixin.py:190} INFO - [2026-08-02T12:13:25.322+0000] {dag.py:4180} INFO - Setting next_dagrun for finascore_ml_pipeline to 2026-07-26 00:00:00+00:00, run_after=2026-08-02 00:00:00+00:00
[2026-08-02T12:13:25.340+0000] {processor.py:208} INFO - Processing /opt/airflow/dags/finascore_pipeline_dag.py took 0.111 seconds
[2026-08-02T12:13:55.401+0000] {processor.py:186} INFO - Started process (PID=1661) to work on /opt/airflow/dags/finascore_pipeline_dag.py
[2026-08-02T12:13:55.403+0000] {processor.py:914} INFO - Processing file /opt/airflow/dags/finascore_pipeline_dag.py for tasks to queue
[2026-08-02T12:13:55.404+0000] {logging_mixin.py:190} INFO - [2026-08-02T12:13:55.404+0000] {dagbag.py:588} INFO - Filling up the DagBag from /opt/airflow/dags/finascore_pipeline_dag.py
[2026-08-02T12:13:55.420+0000] {processor.py:925} INFO - DAG(s) 'finascore_ml_pipeline' retrieved from /opt/airflow/dags/finascore_pipeline_dag.py
[2026-08-02T12:13:55.462+0000] {logging_mixin.py:190} INFO - [2026-08-02T12:13:55.462+0000] {dag.py:3239} INFO - Sync 1 DAGs
[2026-08-02T12:13:55.490+0000] {logging_mixin.py:190} INFO - [2026-08-02T12:13:55.489+0000] {dag.py:4180} INFO - Setting next_dagrun for finascore_ml_pipeline to 2026-07-26 00:00:00+00:00, run_after=2026-08-02 00:00:00+00:00
[2026-08-02T12:13:55.509+0000] {processor.py:208} INFO - Processing /opt/airflow/dags/finascore_pipeline_dag.py took 0.115 seconds
[2026-08-02T12:14:25.598+0000] {processor.py:186} INFO - Started process (PID=1666) to work on /opt/airflow/dags/finascore_pipeline_dag.py
[2026-08-02T12:14:25.600+0000] {processor.py:914} INFO - Processing file /opt/airflow/dags/finascore_pipeline_dag.py for tasks to queue
[2026-08-02T12:14:25.601+0000] {logging_mixin.py:190} INFO - [2026-08-02T12:14:25.601+0000] {dagbag.py:588} INFO - Filling up the DagBag from /opt/airflow/dags/finascore_pipeline_dag.py
[2026-08-02T12:14:25.617+0000] {processor.py:925} INFO - DAG(s) 'finascore_ml_pipeline' retrieved from /opt/airflow/dags/finascore_pipeline_dag.py
[2026-08-02T12:14:25.659+0000] {logging_mixin.py:190} INFO - [2026-08-02T12:14:25.658+0000] {dag.py:3239} INFO - Sync 1 DAGs
[2026-08-02T12:14:25.685+0000] {logging_mixin.py:190} INFO - [2026-08-02T12:14:25.684+0000] {dag.py:4180} INFO - Setting next_dagrun for finascore_ml_pipeline to 2026-07-26 00:00:00+00:00, run_after=2026-08-02 00:00:00+00:00
[2026-08-02T12:14:25.702+0000] {processor.py:208} INFO - Processing /opt/airflow/dags/finascore_pipeline_dag.py took 0.110 seconds
[2026-08-02T12:14:55.764+0000] {processor.py:186} INFO - Started process (PID=1671) to work on /opt/airflow/dags/finascore_pipeline_dag.py
[2026-08-02T12:14:55.766+0000] {processor.py:914} INFO - Processing file /opt/airflow/dags/finascore_pipeline_dag.py for tasks to queue
[2026-08-02T12:14:55.767+0000] {logging_mixin.py:190} INFO - [2026-08-02T12:14:55.766+0000] {dagbag.py:588} INFO - Filling up the DagBag from /opt/airflow/dags/finascore_pipeline_dag.py
[2026-08-02T12:14:55.783+0000] {processor.py:925} INFO - DAG(s) 'finascore_ml_pipeline' retrieved from /opt/airflow/dags/finascore_pipeline_dag.py
[2026-08-02T12:14:55.818+0000] {logging_mixin.py:190} INFO - [2026-08-02T12:14:55.818+0000] {dag.py:3239} INFO - Sync 1 DAGs
[2026-08-02T12:14:55.849+0000] {logging_mixin.py:190} INFO - [2026-08-02T12:14:55.849+0000] {dag.py:4180} INFO - Setting next_dagrun for finascore_ml_pipeline to 2026-07-26 00:00:00+00:00, run_after=2026-08-02 00:00:00+00:00
[2026-08-02T12:14:55.865+0000] {processor.py:208} INFO - Processing /opt/airflow/dags/finascore_pipeline_dag.py took 0.108 seconds
[2026-08-02T12:15:25.961+0000] {processor.py:186} INFO - Started process (PID=1676) to work on /opt/airflow/dags/finascore_pipeline_dag.py
[2026-08-02T12:15:25.963+0000] {processor.py:914} INFO - Processing file /opt/airflow/dags/finascore_pipeline_dag.py for tasks to queue
[2026-08-02T12:15:25.964+0000] {logging_mixin.py:190} INFO - [2026-08-02T12:15:25.964+0000] {dagbag.py:588} INFO - Filling up the DagBag from /opt/airflow/dags/finascore_pipeline_dag.py
[2026-08-02T12:15:25.979+0000] {processor.py:925} INFO - DAG(s) 'finascore_ml_pipeline' retrieved from /opt/airflow/dags/finascore_pipeline_dag.py
[2026-08-02T12:15:26.015+0000] {logging_mixin.py:190} INFO - [2026-08-02T12:15:26.015+0000] {dag.py:3239} INFO - Sync 1 DAGs
[2026-08-02T12:15:26.040+0000] {logging_mixin.py:190} INFO - [2026-08-02T12:15:26.040+0000] {dag.py:4180} INFO - Setting next_dagrun for finascore_ml_pipeline to 2026-07-26 00:00:00+00:00, run_after=2026-08-02 00:00:00+00:00
[2026-08-02T12:15:26.059+0000] {processor.py:208} INFO - Processing /opt/airflow/dags/finascore_pipeline_dag.py took 0.105 seconds
[2026-08-02T12:15:56.134+0000] {processor.py:186} INFO - Started process (PID=1681) to work on /opt/airflow/dags/finascore_pipeline_dag.py
[2026-08-02T12:15:56.135+0000] {processor.py:914} INFO - Processing file /opt/airflow/dags/finascore_pipeline_dag.py for tasks to queue
[2026-08-02T12:15:56.136+0000] {logging_mixin.py:190} INFO - [2026-08-02T12:15:56.135+0000] {dagbag.py:588} INFO - Filling up the DagBag from /opt/airflow/dags/finascore_pipeline_dag.py
[2026-08-02T12:15:56.151+0000] {processor.py:925} INFO - DAG(s) 'finascore_ml_pipeline' retrieved from /opt/airflow/dags/finascore_pipeline_dag.py
[2026-08-02T12:15:56.189+0000] {logging_mixin.py:190} INFO - [2026-08-02T12:15:56.189+0000] {dag.py:3239} INFO - Sync 1 DAGs
[2026-08-02T12:15:56.215+0000] {logging_mixin.py:190} INFO - [2026-08-02T12:15:56.215+0000] {dag.py:4180} INFO - Setting next_dagrun for finascore_ml_pipeline to 2026-07-26 00:00:00+00:00, run_after=2026-08-02 00:00:00+00:00
[2026-08-02T12:15:56.233+0000] {processor.py:208} INFO - Processing /opt/airflow/dags/finascore_pipeline_dag.py took 0.106 seconds
[2026-08-02T12:16:26.332+0000] {processor.py:186} INFO - Started process (PID=1686) to work on /opt/airflow/dags/finascore_pipeline_dag.py
[2026-08-02T12:16:26.334+0000] {processor.py:914} INFO - Processing file /opt/airflow/dags/finascore_pipeline_dag.py for tasks to queue
[2026-08-02T12:16:26.336+0000] {logging_mixin.py:190} INFO - [2026-08-02T12:16:26.336+0000] {dagbag.py:588} INFO - Filling up the DagBag from /opt/airflow/dags/finascore_pipeline_dag.py
[2026-08-02T12:16:26.351+0000] {processor.py:925} INFO - DAG(s) 'finascore_ml_pipeline' retrieved from /opt/airflow/dags/finascore_pipeline_dag.py
[2026-08-02T12:16:26.386+0000] {logging_mixin.py:190} INFO - [2026-08-02T12:16:26.386+0000] {dag.py:3239} INFO - Sync 1 DAGs
[2026-08-02T12:16:26.416+0000] {logging_mixin.py:190} INFO - [2026-08-02T12:16:26.416+0000] {dag.py:4180} INFO - Setting next_dagrun for finascore_ml_pipeline to 2026-07-26 00:00:00+00:00, run_after=2026-08-02 00:00:00+00:00
[2026-08-02T12:16:26.433+0000] {processor.py:208} INFO - Processing /opt/airflow/dags/finascore_pipeline_dag.py took 0.107 seconds
[2026-08-02T12:16:56.502+0000] {processor.py:186} INFO - Started process (PID=1691) to work on /opt/airflow/dags/finascore_pipeline_dag.py
[2026-08-02T12:16:56.503+0000] {processor.py:914} INFO - Processing file /opt/airflow/dags/finascore_pipeline_dag.py for tasks to queue
[2026-08-02T12:16:56.504+0000] {logging_mixin.py:190} INFO - [2026-08-02T12:16:56.504+0000] {dagbag.py:588} INFO - Filling up the DagBag from /opt/airflow/dags/finascore_pipeline_dag.py
[2026-08-02T12:16:56.520+0000] {processor.py:925} INFO - DAG(s) 'finascore_ml_pipeline' retrieved from /opt/airflow/dags/finascore_pipeline_dag.py
[2026-08-02T12:16:56.555+0000] {logging_mixin.py:190} INFO - [2026-08-02T12:16:56.554+0000] {dag.py:3239} INFO - Sync 1 DAGs
[2026-08-02T12:16:56.582+0000] {logging_mixin.py:190} INFO - [2026-08-02T12:16:56.582+0000] {dag.py:4180} INFO - Setting next_dagrun for finascore_ml_pipeline to 2026-07-26 00:00:00+00:00, run_after=2026-08-02 00:00:00+00:00
[2026-08-02T12:16:56.600+0000] {processor.py:208} INFO - Processing /opt/airflow/dags/finascore_pipeline_dag.py took 0.106 seconds
[2026-08-02T12:17:26.693+0000] {processor.py:186} INFO - Started process (PID=1696) to work on /opt/airflow/dags/finascore_pipeline_dag.py
[2026-08-02T12:17:26.695+0000] {processor.py:914} INFO - Processing file /opt/airflow/dags/finascore_pipeline_dag.py for tasks to queue
[2026-08-02T12:17:26.696+0000] {logging_mixin.py:190} INFO - [2026-08-02T12:17:26.696+0000] {dagbag.py:588} INFO - Filling up the DagBag from /opt/airflow/dags/finascore_pipeline_dag.py
[2026-08-02T12:17:26.711+0000] {processor.py:925} INFO - DAG(s) 'finascore_ml_pipeline' retrieved from /opt/airflow/dags/finascore_pipeline_dag.py
[2026-08-02T12:17:26.748+0000] {logging_mixin.py:190} INFO - [2026-08-02T12:17:26.748+0000] {dag.py:3239} INFO - Sync 1 DAGs
[2026-08-02T12:17:26.776+0000] {logging_mixin.py:190} INFO - [2026-08-02T12:17:26.776+0000] {dag.py:4180} INFO - Setting next_dagrun for finascore_ml_pipeline to 2026-07-26 00:00:00+00:00, run_after=2026-08-02 00:00:00+00:00
[2026-08-02T12:17:26.793+0000] {processor.py:208} INFO - Processing /opt/airflow/dags/finascore_pipeline_dag.py took 0.108 seconds
[2026-08-02T12:17:56.866+0000] {processor.py:186} INFO - Started process (PID=1701) to work on /opt/airflow/dags/finascore_pipeline_dag.py
[2026-08-02T12:17:56.867+0000] {processor.py:914} INFO - Processing file /opt/airflow/dags/finascore_pipeline_dag.py for tasks to queue
[2026-08-02T12:17:56.868+0000] {logging_mixin.py:190} INFO - [2026-08-02T12:17:56.868+0000] {dagbag.py:588} INFO - Filling up the DagBag from /opt/airflow/dags/finascore_pipeline_dag.py
[2026-08-02T12:17:56.883+0000] {processor.py:925} INFO - DAG(s) 'finascore_ml_pipeline' retrieved from /opt/airflow/dags/finascore_pipeline_dag.py
[2026-08-02T12:17:56.922+0000] {logging_mixin.py:190} INFO - [2026-08-02T12:17:56.921+0000] {dag.py:3239} INFO - Sync 1 DAGs
[2026-08-02T12:17:56.948+0000] {logging_mixin.py:190} INFO - [2026-08-02T12:17:56.948+0000] {dag.py:4180} INFO - Setting next_dagrun for finascore_ml_pipeline to 2026-07-26 00:00:00+00:00, run_after=2026-08-02 00:00:00+00:00
[2026-08-02T12:17:56.966+0000] {processor.py:208} INFO - Processing /opt/airflow/dags/finascore_pipeline_dag.py took 0.107 seconds
[2026-08-02T12:18:27.068+0000] {processor.py:186} INFO - Started process (PID=1706) to work on /opt/airflow/dags/finascore_pipeline_dag.py
[2026-08-02T12:18:27.070+0000] {processor.py:914} INFO - Processing file /opt/airflow/dags/finascore_pipeline_dag.py for tasks to queue
[2026-08-02T12:18:27.071+0000] {logging_mixin.py:190} INFO - [2026-08-02T12:18:27.070+0000] {dagbag.py:588} INFO - Filling up the DagBag from /opt/airflow/dags/finascore_pipeline_dag.py
[2026-08-02T12:18:27.085+0000] {processor.py:925} INFO - DAG(s) 'finascore_ml_pipeline' retrieved from /opt/airflow/dags/finascore_pipeline_dag.py
[2026-08-02T12:18:27.123+0000] {logging_mixin.py:190} INFO - [2026-08-02T12:18:27.123+0000] {dag.py:3239} INFO - Sync 1 DAGs
[2026-08-02T12:18:27.149+0000] {logging_mixin.py:190} INFO - [2026-08-02T12:18:27.148+0000] {dag.py:4180} INFO - Setting next_dagrun for finascore_ml_pipeline to 2026-07-26 00:00:00+00:00, run_after=2026-08-02 00:00:00+00:00
[2026-08-02T12:18:27.167+0000] {processor.py:208} INFO - Processing /opt/airflow/dags/finascore_pipeline_dag.py took 0.106 seconds
[2026-08-02T12:18:57.241+0000] {processor.py:186} INFO - Started process (PID=1711) to work on /opt/airflow/dags/finascore_pipeline_dag.py
[2026-08-02T12:18:57.242+0000] {processor.py:914} INFO - Processing file /opt/airflow/dags/finascore_pipeline_dag.py for tasks to queue
[2026-08-02T12:18:57.243+0000] {logging_mixin.py:190} INFO - [2026-08-02T12:18:57.242+0000] {dagbag.py:588} INFO - Filling up the DagBag from /opt/airflow/dags/finascore_pipeline_dag.py
[2026-08-02T12:18:57.258+0000] {processor.py:925} INFO - DAG(s) 'finascore_ml_pipeline' retrieved from /opt/airflow/dags/finascore_pipeline_dag.py
[2026-08-02T12:18:57.294+0000] {logging_mixin.py:190} INFO - [2026-08-02T12:18:57.294+0000] {dag.py:3239} INFO - Sync 1 DAGs
[2026-08-02T12:18:57.321+0000] {logging_mixin.py:190} INFO - [2026-08-02T12:18:57.321+0000] {dag.py:4180} INFO - Setting next_dagrun for finascore_ml_pipeline to 2026-07-26 00:00:00+00:00, run_after=2026-08-02 00:00:00+00:00
[2026-08-02T12:18:57.338+0000] {processor.py:208} INFO - Processing /opt/airflow/dags/finascore_pipeline_dag.py took 0.105 seconds
[2026-08-02T12:19:27.421+0000] {processor.py:186} INFO - Started process (PID=1716) to work on /opt/airflow/dags/finascore_pipeline_dag.py
[2026-08-02T12:19:27.423+0000] {processor.py:914} INFO - Processing file /opt/airflow/dags/finascore_pipeline_dag.py for tasks to queue
[2026-08-02T12:19:27.424+0000] {logging_mixin.py:190} INFO - [2026-08-02T12:19:27.423+0000] {dagbag.py:588} INFO - Filling up the DagBag from /opt/airflow/dags/finascore_pipeline_dag.py
[2026-08-02T12:19:27.439+0000] {processor.py:925} INFO - DAG(s) 'finascore_ml_pipeline' retrieved from /opt/airflow/dags/finascore_pipeline_dag.py
[2026-08-02T12:19:27.475+0000] {logging_mixin.py:190} INFO - [2026-08-02T12:19:27.475+0000] {dag.py:3239} INFO - Sync 1 DAGs
[2026-08-02T12:19:27.502+0000] {logging_mixin.py:190} INFO - [2026-08-02T12:19:27.501+0000] {dag.py:4180} INFO - Setting next_dagrun for finascore_ml_pipeline to 2026-07-26 00:00:00+00:00, run_after=2026-08-02 00:00:00+00:00
[2026-08-02T12:19:27.519+0000] {processor.py:208} INFO - Processing /opt/airflow/dags/finascore_pipeline_dag.py took 0.106 seconds
[2026-08-02T12:19:58.027+0000] {processor.py:186} INFO - Started process (PID=1721) to work on /opt/airflow/dags/finascore_pipeline_dag.py
[2026-08-02T12:19:58.028+0000] {processor.py:914} INFO - Processing file /opt/airflow/dags/finascore_pipeline_dag.py for tasks to queue
[2026-08-02T12:19:58.030+0000] {logging_mixin.py:190} INFO - [2026-08-02T12:19:58.029+0000] {dagbag.py:588} INFO - Filling up the DagBag from /opt/airflow/dags/finascore_pipeline_dag.py
[2026-08-02T12:19:58.045+0000] {processor.py:925} INFO - DAG(s) 'finascore_ml_pipeline' retrieved from /opt/airflow/dags/finascore_pipeline_dag.py
[2026-08-02T12:19:58.082+0000] {logging_mixin.py:190} INFO - [2026-08-02T12:19:58.082+0000] {dag.py:3239} INFO - Sync 1 DAGs
[2026-08-02T12:19:58.107+0000] {logging_mixin.py:190} INFO - [2026-08-02T12:19:58.107+0000] {dag.py:4180} INFO - Setting next_dagrun for finascore_ml_pipeline to 2026-07-26 00:00:00+00:00, run_after=2026-08-02 00:00:00+00:00
[2026-08-02T12:19:58.123+0000] {processor.py:208} INFO - Processing /opt/airflow/dags/finascore_pipeline_dag.py took 0.103 seconds
[2026-08-02T12:20:28.191+0000] {processor.py:186} INFO - Started process (PID=1726) to work on /opt/airflow/dags/finascore_pipeline_dag.py
[2026-08-02T12:20:28.193+0000] {processor.py:914} INFO - Processing file /opt/airflow/dags/finascore_pipeline_dag.py for tasks to queue
[2026-08-02T12:20:28.195+0000] {logging_mixin.py:190} INFO - [2026-08-02T12:20:28.195+0000] {dagbag.py:588} INFO - Filling up the DagBag from /opt/airflow/dags/finascore_pipeline_dag.py
[2026-08-02T12:20:28.210+0000] {processor.py:925} INFO - DAG(s) 'finascore_ml_pipeline' retrieved from /opt/airflow/dags/finascore_pipeline_dag.py
[2026-08-02T12:20:28.246+0000] {logging_mixin.py:190} INFO - [2026-08-02T12:20:28.246+0000] {dag.py:3239} INFO - Sync 1 DAGs
[2026-08-02T12:20:28.271+0000] {logging_mixin.py:190} INFO - [2026-08-02T12:20:28.271+0000] {dag.py:4180} INFO - Setting next_dagrun for finascore_ml_pipeline to 2026-07-26 00:00:00+00:00, run_after=2026-08-02 00:00:00+00:00
[2026-08-02T12:20:28.290+0000] {processor.py:208} INFO - Processing /opt/airflow/dags/finascore_pipeline_dag.py took 0.106 seconds
[2026-08-02T12:20:58.385+0000] {processor.py:186} INFO - Started process (PID=1731) to work on /opt/airflow/dags/finascore_pipeline_dag.py
[2026-08-02T12:20:58.386+0000] {processor.py:914} INFO - Processing file /opt/airflow/dags/finascore_pipeline_dag.py for tasks to queue
[2026-08-02T12:20:58.387+0000] {logging_mixin.py:190} INFO - [2026-08-02T12:20:58.386+0000] {dagbag.py:588} INFO - Filling up the DagBag from /opt/airflow/dags/finascore_pipeline_dag.py
[2026-08-02T12:20:58.400+0000] {processor.py:925} INFO - DAG(s) 'finascore_ml_pipeline' retrieved from /opt/airflow/dags/finascore_pipeline_dag.py
[2026-08-02T12:20:58.439+0000] {logging_mixin.py:190} INFO - [2026-08-02T12:20:58.439+0000] {dag.py:3239} INFO - Sync 1 DAGs
[2026-08-02T12:20:58.466+0000] {logging_mixin.py:190} INFO - [2026-08-02T12:20:58.466+0000] {dag.py:4180} INFO - Setting next_dagrun for finascore_ml_pipeline to 2026-07-26 00:00:00+00:00, run_after=2026-08-02 00:00:00+00:00
[2026-08-02T12:20:58.483+0000] {processor.py:208} INFO - Processing /opt/airflow/dags/finascore_pipeline_dag.py took 0.107 seconds
[2026-08-02T12:21:28.566+0000] {processor.py:186} INFO - Started process (PID=1736) to work on /opt/airflow/dags/finascore_pipeline_dag.py
[2026-08-02T12:21:28.568+0000] {processor.py:914} INFO - Processing file /opt/airflow/dags/finascore_pipeline_dag.py for tasks to queue
[2026-08-02T12:21:28.569+0000] {logging_mixin.py:190} INFO - [2026-08-02T12:21:28.569+0000] {dagbag.py:588} INFO - Filling up the DagBag from /opt/airflow/dags/finascore_pipeline_dag.py
[2026-08-02T12:21:28.591+0000] {processor.py:925} INFO - DAG(s) 'finascore_ml_pipeline' retrieved from /opt/airflow/dags/finascore_pipeline_dag.py
[2026-08-02T12:21:28.643+0000] {logging_mixin.py:190} INFO - [2026-08-02T12:21:28.642+0000] {dag.py:3239} INFO - Sync 1 DAGs
[2026-08-02T12:21:28.683+0000] {logging_mixin.py:190} INFO - [2026-08-02T12:21:28.683+0000] {dag.py:4180} INFO - Setting next_dagrun for finascore_ml_pipeline to 2026-07-26 00:00:00+00:00, run_after=2026-08-02 00:00:00+00:00
[2026-08-02T12:21:28.712+0000] {processor.py:208} INFO - Processing /opt/airflow/dags/finascore_pipeline_dag.py took 0.156 seconds
[2026-08-02T12:21:58.756+0000] {processor.py:186} INFO - Started process (PID=1741) to work on /opt/airflow/dags/finascore_pipeline_dag.py
[2026-08-02T12:21:58.756+0000] {processor.py:914} INFO - Processing file /opt/airflow/dags/finascore_pipeline_dag.py for tasks to queue
[2026-08-02T12:21:58.758+0000] {logging_mixin.py:190} INFO - [2026-08-02T12:21:58.757+0000] {dagbag.py:588} INFO - Filling up the DagBag from /opt/airflow/dags/finascore_pipeline_dag.py
[2026-08-02T12:21:58.777+0000] {processor.py:925} INFO - DAG(s) 'finascore_ml_pipeline' retrieved from /opt/airflow/dags/finascore_pipeline_dag.py
[2026-08-02T12:21:58.814+0000] {logging_mixin.py:190} INFO - [2026-08-02T12:21:58.814+0000] {dag.py:3239} INFO - Sync 1 DAGs
[2026-08-02T12:21:58.844+0000] {logging_mixin.py:190} INFO - [2026-08-02T12:21:58.844+0000] {dag.py:4180} INFO - Setting next_dagrun for finascore_ml_pipeline to 2026-07-26 00:00:00+00:00, run_after=2026-08-02 00:00:00+00:00
[2026-08-02T12:21:58.862+0000] {processor.py:208} INFO - Processing /opt/airflow/dags/finascore_pipeline_dag.py took 0.116 seconds
[2026-08-02T12:22:28.986+0000] {processor.py:186} INFO - Started process (PID=1746) to work on /opt/airflow/dags/finascore_pipeline_dag.py
[2026-08-02T12:22:28.987+0000] {processor.py:914} INFO - Processing file /opt/airflow/dags/finascore_pipeline_dag.py for tasks to queue
[2026-08-02T12:22:28.989+0000] {logging_mixin.py:190} INFO - [2026-08-02T12:22:28.988+0000] {dagbag.py:588} INFO - Filling up the DagBag from /opt/airflow/dags/finascore_pipeline_dag.py
[2026-08-02T12:22:29.003+0000] {processor.py:925} INFO - DAG(s) 'finascore_ml_pipeline' retrieved from /opt/airflow/dags/finascore_pipeline_dag.py
[2026-08-02T12:22:29.051+0000] {logging_mixin.py:190} INFO - [2026-08-02T12:22:29.051+0000] {dag.py:3239} INFO - Sync 1 DAGs
[2026-08-02T12:22:29.079+0000] {logging_mixin.py:190} INFO - [2026-08-02T12:22:29.079+0000] {dag.py:4180} INFO - Setting next_dagrun for finascore_ml_pipeline to 2026-07-26 00:00:00+00:00, run_after=2026-08-02 00:00:00+00:00
[2026-08-02T12:22:29.097+0000] {processor.py:208} INFO - Processing /opt/airflow/dags/finascore_pipeline_dag.py took 0.120 seconds
[2026-08-02T12:22:59.145+0000] {processor.py:186} INFO - Started process (PID=1751) to work on /opt/airflow/dags/finascore_pipeline_dag.py
[2026-08-02T12:22:59.146+0000] {processor.py:914} INFO - Processing file /opt/airflow/dags/finascore_pipeline_dag.py for tasks to queue
[2026-08-02T12:22:59.147+0000] {logging_mixin.py:190} INFO - [2026-08-02T12:22:59.147+0000] {dagbag.py:588} INFO - Filling up the DagBag from /opt/airflow/dags/finascore_pipeline_dag.py
[2026-08-02T12:22:59.163+0000] {processor.py:925} INFO - DAG(s) 'finascore_ml_pipeline' retrieved from /opt/airflow/dags/finascore_pipeline_dag.py
[2026-08-02T12:22:59.199+0000] {logging_mixin.py:190} INFO - [2026-08-02T12:22:59.199+0000] {dag.py:3239} INFO - Sync 1 DAGs
[2026-08-02T12:22:59.225+0000] {logging_mixin.py:190} INFO - [2026-08-02T12:22:59.225+0000] {dag.py:4180} INFO - Setting next_dagrun for finascore_ml_pipeline to 2026-07-26 00:00:00+00:00, run_after=2026-08-02 00:00:00+00:00
[2026-08-02T12:22:59.243+0000] {processor.py:208} INFO - Processing /opt/airflow/dags/finascore_pipeline_dag.py took 0.105 seconds
[2026-08-02T12:23:29.354+0000] {processor.py:186} INFO - Started process (PID=1756) to work on /opt/airflow/dags/finascore_pipeline_dag.py
[2026-08-02T12:23:29.356+0000] {processor.py:914} INFO - Processing file /opt/airflow/dags/finascore_pipeline_dag.py for tasks to queue
[2026-08-02T12:23:29.358+0000] {logging_mixin.py:190} INFO - [2026-08-02T12:23:29.358+0000] {dagbag.py:588} INFO - Filling up the DagBag from /opt/airflow/dags/finascore_pipeline_dag.py
[2026-08-02T12:23:29.375+0000] {processor.py:925} INFO - DAG(s) 'finascore_ml_pipeline' retrieved from /opt/airflow/dags/finascore_pipeline_dag.py
[2026-08-02T12:23:29.409+0000] {logging_mixin.py:190} INFO - [2026-08-02T12:23:29.409+0000] {dag.py:3239} INFO - Sync 1 DAGs
[2026-08-02T12:23:29.435+0000] {logging_mixin.py:190} INFO - [2026-08-02T12:23:29.435+0000] {dag.py:4180} INFO - Setting next_dagrun for finascore_ml_pipeline to 2026-07-26 00:00:00+00:00, run_after=2026-08-02 00:00:00+00:00
[2026-08-02T12:23:29.450+0000] {processor.py:208} INFO - Processing /opt/airflow/dags/finascore_pipeline_dag.py took 0.103 seconds
[2026-08-02T12:23:59.507+0000] {processor.py:186} INFO - Started process (PID=1761) to work on /opt/airflow/dags/finascore_pipeline_dag.py
[2026-08-02T12:23:59.508+0000] {processor.py:914} INFO - Processing file /opt/airflow/dags/finascore_pipeline_dag.py for tasks to queue
[2026-08-02T12:23:59.509+0000] {logging_mixin.py:190} INFO - [2026-08-02T12:23:59.509+0000] {dagbag.py:588} INFO - Filling up the DagBag from /opt/airflow/dags/finascore_pipeline_dag.py
[2026-08-02T12:23:59.524+0000] {processor.py:925} INFO - DAG(s) 'finascore_ml_pipeline' retrieved from /opt/airflow/dags/finascore_pipeline_dag.py
[2026-08-02T12:23:59.559+0000] {logging_mixin.py:190} INFO - [2026-08-02T12:23:59.559+0000] {dag.py:3239} INFO - Sync 1 DAGs
[2026-08-02T12:23:59.585+0000] {logging_mixin.py:190} INFO - [2026-08-02T12:23:59.585+0000] {dag.py:4180} INFO - Setting next_dagrun for finascore_ml_pipeline to 2026-07-26 00:00:00+00:00, run_after=2026-08-02 00:00:00+00:00
[2026-08-02T12:23:59.602+0000] {processor.py:208} INFO - Processing /opt/airflow/dags/finascore_pipeline_dag.py took 0.103 seconds
[2026-08-02T12:24:29.717+0000] {processor.py:186} INFO - Started process (PID=1766) to work on /opt/airflow/dags/finascore_pipeline_dag.py
[2026-08-02T12:24:29.719+0000] {processor.py:914} INFO - Processing file /opt/airflow/dags/finascore_pipeline_dag.py for tasks to queue
[2026-08-02T12:24:29.720+0000] {logging_mixin.py:190} INFO - [2026-08-02T12:24:29.720+0000] {dagbag.py:588} INFO - Filling up the DagBag from /opt/airflow/dags/finascore_pipeline_dag.py
[2026-08-02T12:24:29.739+0000] {processor.py:925} INFO - DAG(s) 'finascore_ml_pipeline' retrieved from /opt/airflow/dags/finascore_pipeline_dag.py
[2026-08-02T12:24:29.781+0000] {logging_mixin.py:190} INFO - [2026-08-02T12:24:29.781+0000] {dag.py:3239} INFO - Sync 1 DAGs
[2026-08-02T12:24:29.816+0000] {logging_mixin.py:190} INFO - [2026-08-02T12:24:29.816+0000] {dag.py:4180} INFO - Setting next_dagrun for finascore_ml_pipeline to 2026-07-26 00:00:00+00:00, run_after=2026-08-02 00:00:00+00:00
[2026-08-02T12:24:29.836+0000] {processor.py:208} INFO - Processing /opt/airflow/dags/finascore_pipeline_dag.py took 0.129 seconds
[2026-08-02T12:24:59.868+0000] {processor.py:186} INFO - Started process (PID=1771) to work on /opt/airflow/dags/finascore_pipeline_dag.py
[2026-08-02T12:24:59.868+0000] {processor.py:914} INFO - Processing file /opt/airflow/dags/finascore_pipeline_dag.py for tasks to queue
[2026-08-02T12:24:59.870+0000] {logging_mixin.py:190} INFO - [2026-08-02T12:24:59.869+0000] {dagbag.py:588} INFO - Filling up the DagBag from /opt/airflow/dags/finascore_pipeline_dag.py
[2026-08-02T12:24:59.885+0000] {processor.py:925} INFO - DAG(s) 'finascore_ml_pipeline' retrieved from /opt/airflow/dags/finascore_pipeline_dag.py
[2026-08-02T12:24:59.921+0000] {logging_mixin.py:190} INFO - [2026-08-02T12:24:59.921+0000] {dag.py:3239} INFO - Sync 1 DAGs
[2026-08-02T12:24:59.950+0000] {logging_mixin.py:190} INFO - [2026-08-02T12:24:59.950+0000] {dag.py:4180} INFO - Setting next_dagrun for finascore_ml_pipeline to 2026-07-26 00:00:00+00:00, run_after=2026-08-02 00:00:00+00:00
[2026-08-02T12:24:59.969+0000] {processor.py:208} INFO - Processing /opt/airflow/dags/finascore_pipeline_dag.py took 0.108 seconds
[2026-08-02T12:25:30.118+0000] {processor.py:186} INFO - Started process (PID=1776) to work on /opt/airflow/dags/finascore_pipeline_dag.py
[2026-08-02T12:25:30.120+0000] {processor.py:914} INFO - Processing file /opt/airflow/dags/finascore_pipeline_dag.py for tasks to queue
[2026-08-02T12:25:30.121+0000] {logging_mixin.py:190} INFO - [2026-08-02T12:25:30.121+0000] {dagbag.py:588} INFO - Filling up the DagBag from /opt/airflow/dags/finascore_pipeline_dag.py
[2026-08-02T12:25:30.137+0000] {processor.py:925} INFO - DAG(s) 'finascore_ml_pipeline' retrieved from /opt/airflow/dags/finascore_pipeline_dag.py
[2026-08-02T12:25:30.171+0000] {logging_mixin.py:190} INFO - [2026-08-02T12:25:30.171+0000] {dag.py:3239} INFO - Sync 1 DAGs
[2026-08-02T12:25:30.198+0000] {logging_mixin.py:190} INFO - [2026-08-02T12:25:30.198+0000] {dag.py:4180} INFO - Setting next_dagrun for finascore_ml_pipeline to 2026-07-26 00:00:00+00:00, run_after=2026-08-02 00:00:00+00:00
[2026-08-02T12:25:30.215+0000] {processor.py:208} INFO - Processing /opt/airflow/dags/finascore_pipeline_dag.py took 0.105 seconds
[2026-08-02T12:26:00.254+0000] {processor.py:186} INFO - Started process (PID=1781) to work on /opt/airflow/dags/finascore_pipeline_dag.py
[2026-08-02T12:26:00.255+0000] {processor.py:914} INFO - Processing file /opt/airflow/dags/finascore_pipeline_dag.py for tasks to queue
[2026-08-02T12:26:00.256+0000] {logging_mixin.py:190} INFO - [2026-08-02T12:26:00.256+0000] {dagbag.py:588} INFO - Filling up the DagBag from /opt/airflow/dags/finascore_pipeline_dag.py
[2026-08-02T12:26:00.271+0000] {processor.py:925} INFO - DAG(s) 'finascore_ml_pipeline' retrieved from /opt/airflow/dags/finascore_pipeline_dag.py
[2026-08-02T12:26:00.306+0000] {logging_mixin.py:190} INFO - [2026-08-02T12:26:00.306+0000] {dag.py:3239} INFO - Sync 1 DAGs
[2026-08-02T12:26:00.335+0000] {logging_mixin.py:190} INFO - [2026-08-02T12:26:00.335+0000] {dag.py:4180} INFO - Setting next_dagrun for finascore_ml_pipeline to 2026-07-26 00:00:00+00:00, run_after=2026-08-02 00:00:00+00:00
[2026-08-02T12:26:00.354+0000] {processor.py:208} INFO - Processing /opt/airflow/dags/finascore_pipeline_dag.py took 0.106 seconds
[2026-08-02T12:26:30.489+0000] {processor.py:186} INFO - Started process (PID=1786) to work on /opt/airflow/dags/finascore_pipeline_dag.py
[2026-08-02T12:26:30.490+0000] {processor.py:914} INFO - Processing file /opt/airflow/dags/finascore_pipeline_dag.py for tasks to queue
[2026-08-02T12:26:30.491+0000] {logging_mixin.py:190} INFO - [2026-08-02T12:26:30.491+0000] {dagbag.py:588} INFO - Filling up the DagBag from /opt/airflow/dags/finascore_pipeline_dag.py
[2026-08-02T12:26:30.506+0000] {processor.py:925} INFO - DAG(s) 'finascore_ml_pipeline' retrieved from /opt/airflow/dags/finascore_pipeline_dag.py
[2026-08-02T12:26:30.539+0000] {logging_mixin.py:190} INFO - [2026-08-02T12:26:30.539+0000] {dag.py:3239} INFO - Sync 1 DAGs
[2026-08-02T12:26:30.565+0000] {logging_mixin.py:190} INFO - [2026-08-02T12:26:30.564+0000] {dag.py:4180} INFO - Setting next_dagrun for finascore_ml_pipeline to 2026-07-26 00:00:00+00:00, run_after=2026-08-02 00:00:00+00:00
[2026-08-02T12:26:30.581+0000] {processor.py:208} INFO - Processing /opt/airflow/dags/finascore_pipeline_dag.py took 0.100 seconds
[2026-08-02T12:27:00.627+0000] {processor.py:186} INFO - Started process (PID=1791) to work on /opt/airflow/dags/finascore_pipeline_dag.py
[2026-08-02T12:27:00.627+0000] {processor.py:914} INFO - Processing file /opt/airflow/dags/finascore_pipeline_dag.py for tasks to queue
[2026-08-02T12:27:00.629+0000] {logging_mixin.py:190} INFO - [2026-08-02T12:27:00.628+0000] {dagbag.py:588} INFO - Filling up the DagBag from /opt/airflow/dags/finascore_pipeline_dag.py
[2026-08-02T12:27:00.644+0000] {processor.py:925} INFO - DAG(s) 'finascore_ml_pipeline' retrieved from /opt/airflow/dags/finascore_pipeline_dag.py
[2026-08-02T12:27:00.680+0000] {logging_mixin.py:190} INFO - [2026-08-02T12:27:00.679+0000] {dag.py:3239} INFO - Sync 1 DAGs
[2026-08-02T12:27:00.705+0000] {logging_mixin.py:190} INFO - [2026-08-02T12:27:00.705+0000] {dag.py:4180} INFO - Setting next_dagrun for finascore_ml_pipeline to 2026-07-26 00:00:00+00:00, run_after=2026-08-02 00:00:00+00:00
[2026-08-02T12:27:00.724+0000] {processor.py:208} INFO - Processing /opt/airflow/dags/finascore_pipeline_dag.py took 0.105 seconds
[2026-08-02T12:27:30.846+0000] {processor.py:186} INFO - Started process (PID=1796) to work on /opt/airflow/dags/finascore_pipeline_dag.py
[2026-08-02T12:27:30.848+0000] {processor.py:914} INFO - Processing file /opt/airflow/dags/finascore_pipeline_dag.py for tasks to queue
[2026-08-02T12:27:30.850+0000] {logging_mixin.py:190} INFO - [2026-08-02T12:27:30.849+0000] {dagbag.py:588} INFO - Filling up the DagBag from /opt/airflow/dags/finascore_pipeline_dag.py
[2026-08-02T12:27:30.864+0000] {processor.py:925} INFO - DAG(s) 'finascore_ml_pipeline' retrieved from /opt/airflow/dags/finascore_pipeline_dag.py
[2026-08-02T12:27:30.900+0000] {logging_mixin.py:190} INFO - [2026-08-02T12:27:30.900+0000] {dag.py:3239} INFO - Sync 1 DAGs
[2026-08-02T12:27:30.927+0000] {logging_mixin.py:190} INFO - [2026-08-02T12:27:30.927+0000] {dag.py:4180} INFO - Setting next_dagrun for finascore_ml_pipeline to 2026-07-26 00:00:00+00:00, run_after=2026-08-02 00:00:00+00:00
[2026-08-02T12:27:30.944+0000] {processor.py:208} INFO - Processing /opt/airflow/dags/finascore_pipeline_dag.py took 0.105 seconds
[2026-08-02T12:28:00.987+0000] {processor.py:186} INFO - Started process (PID=1801) to work on /opt/airflow/dags/finascore_pipeline_dag.py
[2026-08-02T12:28:00.988+0000] {processor.py:914} INFO - Processing file /opt/airflow/dags/finascore_pipeline_dag.py for tasks to queue
[2026-08-02T12:28:00.989+0000] {logging_mixin.py:190} INFO - [2026-08-02T12:28:00.989+0000] {dagbag.py:588} INFO - Filling up the DagBag from /opt/airflow/dags/finascore_pipeline_dag.py
[2026-08-02T12:28:01.003+0000] {processor.py:925} INFO - DAG(s) 'finascore_ml_pipeline' retrieved from /opt/airflow/dags/finascore_pipeline_dag.py
[2026-08-02T12:28:01.052+0000] {logging_mixin.py:190} INFO - [2026-08-02T12:28:01.052+0000] {dag.py:3239} INFO - Sync 1 DAGs
[2026-08-02T12:28:01.080+0000] {logging_mixin.py:190} INFO - [2026-08-02T12:28:01.080+0000] {dag.py:4180} INFO - Setting next_dagrun for finascore_ml_pipeline to 2026-07-26 00:00:00+00:00, run_after=2026-08-02 00:00:00+00:00
[2026-08-02T12:28:01.099+0000] {processor.py:208} INFO - Processing /opt/airflow/dags/finascore_pipeline_dag.py took 0.118 seconds
[2026-08-02T12:28:31.216+0000] {processor.py:186} INFO - Started process (PID=1806) to work on /opt/airflow/dags/finascore_pipeline_dag.py
[2026-08-02T12:28:31.217+0000] {processor.py:914} INFO - Processing file /opt/airflow/dags/finascore_pipeline_dag.py for tasks to queue
[2026-08-02T12:28:31.219+0000] {logging_mixin.py:190} INFO - [2026-08-02T12:28:31.218+0000] {dagbag.py:588} INFO - Filling up the DagBag from /opt/airflow/dags/finascore_pipeline_dag.py
[2026-08-02T12:28:31.235+0000] {processor.py:925} INFO - DAG(s) 'finascore_ml_pipeline' retrieved from /opt/airflow/dags/finascore_pipeline_dag.py
[2026-08-02T12:28:31.271+0000] {logging_mixin.py:190} INFO - [2026-08-02T12:28:31.271+0000] {dag.py:3239} INFO - Sync 1 DAGs
[2026-08-02T12:28:31.298+0000] {logging_mixin.py:190} INFO - [2026-08-02T12:28:31.298+0000] {dag.py:4180} INFO - Setting next_dagrun for finascore_ml_pipeline to 2026-07-26 00:00:00+00:00, run_after=2026-08-02 00:00:00+00:00
[2026-08-02T12:28:31.317+0000] {processor.py:208} INFO - Processing /opt/airflow/dags/finascore_pipeline_dag.py took 0.108 seconds
[2026-08-02T12:29:01.361+0000] {processor.py:186} INFO - Started process (PID=1811) to work on /opt/airflow/dags/finascore_pipeline_dag.py
[2026-08-02T12:29:01.362+0000] {processor.py:914} INFO - Processing file /opt/airflow/dags/finascore_pipeline_dag.py for tasks to queue
[2026-08-02T12:29:01.364+0000] {logging_mixin.py:190} INFO - [2026-08-02T12:29:01.363+0000] {dagbag.py:588} INFO - Filling up the DagBag from /opt/airflow/dags/finascore_pipeline_dag.py
[2026-08-02T12:29:01.378+0000] {processor.py:925} INFO - DAG(s) 'finascore_ml_pipeline' retrieved from /opt/airflow/dags/finascore_pipeline_dag.py
[2026-08-02T12:29:01.414+0000] {logging_mixin.py:190} INFO - [2026-08-02T12:29:01.414+0000] {dag.py:3239} INFO - Sync 1 DAGs
[2026-08-02T12:29:01.440+0000] {logging_mixin.py:190} INFO - [2026-08-02T12:29:01.439+0000] {dag.py:4180} INFO - Setting next_dagrun for finascore_ml_pipeline to 2026-07-26 00:00:00+00:00, run_after=2026-08-02 00:00:00+00:00
[2026-08-02T12:29:01.455+0000] {processor.py:208} INFO - Processing /opt/airflow/dags/finascore_pipeline_dag.py took 0.101 seconds
[2026-08-02T12:29:31.579+0000] {processor.py:186} INFO - Started process (PID=1816) to work on /opt/airflow/dags/finascore_pipeline_dag.py
[2026-08-02T12:29:31.581+0000] {processor.py:914} INFO - Processing file /opt/airflow/dags/finascore_pipeline_dag.py for tasks to queue
[2026-08-02T12:29:31.582+0000] {logging_mixin.py:190} INFO - [2026-08-02T12:29:31.582+0000] {dagbag.py:588} INFO - Filling up the DagBag from /opt/airflow/dags/finascore_pipeline_dag.py
[2026-08-02T12:29:31.596+0000] {processor.py:925} INFO - DAG(s) 'finascore_ml_pipeline' retrieved from /opt/airflow/dags/finascore_pipeline_dag.py
[2026-08-02T12:29:31.633+0000] {logging_mixin.py:190} INFO - [2026-08-02T12:29:31.632+0000] {dag.py:3239} INFO - Sync 1 DAGs
[2026-08-02T12:29:31.659+0000] {logging_mixin.py:190} INFO - [2026-08-02T12:29:31.659+0000] {dag.py:4180} INFO - Setting next_dagrun for finascore_ml_pipeline to 2026-07-26 00:00:00+00:00, run_after=2026-08-02 00:00:00+00:00
[2026-08-02T12:29:31.677+0000] {processor.py:208} INFO - Processing /opt/airflow/dags/finascore_pipeline_dag.py took 0.107 seconds
[2026-08-02T12:30:01.712+0000] {processor.py:186} INFO - Started process (PID=1821) to work on /opt/airflow/dags/finascore_pipeline_dag.py
[2026-08-02T12:30:01.713+0000] {processor.py:914} INFO - Processing file /opt/airflow/dags/finascore_pipeline_dag.py for tasks to queue
[2026-08-02T12:30:01.714+0000] {logging_mixin.py:190} INFO - [2026-08-02T12:30:01.714+0000] {dagbag.py:588} INFO - Filling up the DagBag from /opt/airflow/dags/finascore_pipeline_dag.py
[2026-08-02T12:30:01.730+0000] {processor.py:925} INFO - DAG(s) 'finascore_ml_pipeline' retrieved from /opt/airflow/dags/finascore_pipeline_dag.py
[2026-08-02T12:30:01.765+0000] {logging_mixin.py:190} INFO - [2026-08-02T12:30:01.765+0000] {dag.py:3239} INFO - Sync 1 DAGs
[2026-08-02T12:30:01.791+0000] {logging_mixin.py:190} INFO - [2026-08-02T12:30:01.790+0000] {dag.py:4180} INFO - Setting next_dagrun for finascore_ml_pipeline to 2026-07-26 00:00:00+00:00, run_after=2026-08-02 00:00:00+00:00
[2026-08-02T12:30:01.810+0000] {processor.py:208} INFO - Processing /opt/airflow/dags/finascore_pipeline_dag.py took 0.106 seconds
[2026-08-02T12:30:31.940+0000] {processor.py:186} INFO - Started process (PID=1826) to work on /opt/airflow/dags/finascore_pipeline_dag.py
[2026-08-02T12:30:31.941+0000] {processor.py:914} INFO - Processing file /opt/airflow/dags/finascore_pipeline_dag.py for tasks to queue
[2026-08-02T12:30:31.943+0000] {logging_mixin.py:190} INFO - [2026-08-02T12:30:31.943+0000] {dagbag.py:588} INFO - Filling up the DagBag from /opt/airflow/dags/finascore_pipeline_dag.py
[2026-08-02T12:30:31.958+0000] {processor.py:925} INFO - DAG(s) 'finascore_ml_pipeline' retrieved from /opt/airflow/dags/finascore_pipeline_dag.py
[2026-08-02T12:30:31.992+0000] {logging_mixin.py:190} INFO - [2026-08-02T12:30:31.992+0000] {dag.py:3239} INFO - Sync 1 DAGs
[2026-08-02T12:30:32.018+0000] {logging_mixin.py:190} INFO - [2026-08-02T12:30:32.018+0000] {dag.py:4180} INFO - Setting next_dagrun for finascore_ml_pipeline to 2026-07-26 00:00:00+00:00, run_after=2026-08-02 00:00:00+00:00
[2026-08-02T12:30:32.034+0000] {processor.py:208} INFO - Processing /opt/airflow/dags/finascore_pipeline_dag.py took 0.102 seconds
[2026-08-02T12:31:02.072+0000] {processor.py:186} INFO - Started process (PID=1831) to work on /opt/airflow/dags/finascore_pipeline_dag.py
[2026-08-02T12:31:02.072+0000] {processor.py:914} INFO - Processing file /opt/airflow/dags/finascore_pipeline_dag.py for tasks to queue
[2026-08-02T12:31:02.074+0000] {logging_mixin.py:190} INFO - [2026-08-02T12:31:02.074+0000] {dagbag.py:588} INFO - Filling up the DagBag from /opt/airflow/dags/finascore_pipeline_dag.py
[2026-08-02T12:31:02.089+0000] {processor.py:925} INFO - DAG(s) 'finascore_ml_pipeline' retrieved from /opt/airflow/dags/finascore_pipeline_dag.py
[2026-08-02T12:31:02.124+0000] {logging_mixin.py:190} INFO - [2026-08-02T12:31:02.124+0000] {dag.py:3239} INFO - Sync 1 DAGs
[2026-08-02T12:31:02.149+0000] {logging_mixin.py:190} INFO - [2026-08-02T12:31:02.149+0000] {dag.py:4180} INFO - Setting next_dagrun for finascore_ml_pipeline to 2026-07-26 00:00:00+00:00, run_after=2026-08-02 00:00:00+00:00
[2026-08-02T12:31:02.165+0000] {processor.py:208} INFO - Processing /opt/airflow/dags/finascore_pipeline_dag.py took 0.101 seconds
[2026-08-02T12:31:32.312+0000] {processor.py:186} INFO - Started process (PID=1836) to work on /opt/airflow/dags/finascore_pipeline_dag.py
[2026-08-02T12:31:32.314+0000] {processor.py:914} INFO - Processing file /opt/airflow/dags/finascore_pipeline_dag.py for tasks to queue
[2026-08-02T12:31:32.316+0000] {logging_mixin.py:190} INFO - [2026-08-02T12:31:32.315+0000] {dagbag.py:588} INFO - Filling up the DagBag from /opt/airflow/dags/finascore_pipeline_dag.py
[2026-08-02T12:31:32.330+0000] {processor.py:925} INFO - DAG(s) 'finascore_ml_pipeline' retrieved from /opt/airflow/dags/finascore_pipeline_dag.py
[2026-08-02T12:31:32.366+0000] {logging_mixin.py:190} INFO - [2026-08-02T12:31:32.366+0000] {dag.py:3239} INFO - Sync 1 DAGs
[2026-08-02T12:31:32.392+0000] {logging_mixin.py:190} INFO - [2026-08-02T12:31:32.392+0000] {dag.py:4180} INFO - Setting next_dagrun for finascore_ml_pipeline to 2026-07-26 00:00:00+00:00, run_after=2026-08-02 00:00:00+00:00
[2026-08-02T12:31:32.408+0000] {processor.py:208} INFO - Processing /opt/airflow/dags/finascore_pipeline_dag.py took 0.104 seconds
[2026-08-02T12:32:02.449+0000] {processor.py:186} INFO - Started process (PID=1841) to work on /opt/airflow/dags/finascore_pipeline_dag.py
[2026-08-02T12:32:02.450+0000] {processor.py:914} INFO - Processing file /opt/airflow/dags/finascore_pipeline_dag.py for tasks to queue
[2026-08-02T12:32:02.451+0000] {logging_mixin.py:190} INFO - [2026-08-02T12:32:02.451+0000] {dagbag.py:588} INFO - Filling up the DagBag from /opt/airflow/dags/finascore_pipeline_dag.py
[2026-08-02T12:32:02.467+0000] {processor.py:925} INFO - DAG(s) 'finascore_ml_pipeline' retrieved from /opt/airflow/dags/finascore_pipeline_dag.py
[2026-08-02T12:32:02.513+0000] {logging_mixin.py:190} INFO - [2026-08-02T12:32:02.513+0000] {dag.py:3239} INFO - Sync 1 DAGs
[2026-08-02T12:32:02.541+0000] {logging_mixin.py:190} INFO - [2026-08-02T12:32:02.541+0000] {dag.py:4180} INFO - Setting next_dagrun for finascore_ml_pipeline to 2026-07-26 00:00:00+00:00, run_after=2026-08-02 00:00:00+00:00
[2026-08-02T12:32:02.558+0000] {processor.py:208} INFO - Processing /opt/airflow/dags/finascore_pipeline_dag.py took 0.117 seconds
[2026-08-02T12:32:32.682+0000] {processor.py:186} INFO - Started process (PID=1846) to work on /opt/airflow/dags/finascore_pipeline_dag.py
[2026-08-02T12:32:32.683+0000] {processor.py:914} INFO - Processing file /opt/airflow/dags/finascore_pipeline_dag.py for tasks to queue
[2026-08-02T12:32:32.685+0000] {logging_mixin.py:190} INFO - [2026-08-02T12:32:32.685+0000] {dagbag.py:588} INFO - Filling up the DagBag from /opt/airflow/dags/finascore_pipeline_dag.py
[2026-08-02T12:32:32.727+0000] {processor.py:925} INFO - DAG(s) 'finascore_ml_pipeline' retrieved from /opt/airflow/dags/finascore_pipeline_dag.py
[2026-08-02T12:32:32.810+0000] {logging_mixin.py:190} INFO - [2026-08-02T12:32:32.809+0000] {dag.py:3239} INFO - Sync 1 DAGs
[2026-08-02T12:32:32.873+0000] {logging_mixin.py:190} INFO - [2026-08-02T12:32:32.873+0000] {dag.py:4180} INFO - Setting next_dagrun for finascore_ml_pipeline to 2026-07-26 00:00:00+00:00, run_after=2026-08-02 00:00:00+00:00
[2026-08-02T12:32:32.911+0000] {processor.py:208} INFO - Processing /opt/airflow/dags/finascore_pipeline_dag.py took 0.243 seconds
[2026-08-02T12:33:03.077+0000] {processor.py:186} INFO - Started process (PID=1851) to work on /opt/airflow/dags/finascore_pipeline_dag.py
[2026-08-02T12:33:03.078+0000] {processor.py:914} INFO - Processing file /opt/airflow/dags/finascore_pipeline_dag.py for tasks to queue
[2026-08-02T12:33:03.080+0000] {logging_mixin.py:190} INFO - [2026-08-02T12:33:03.080+0000] {dagbag.py:588} INFO - Filling up the DagBag from /opt/airflow/dags/finascore_pipeline_dag.py
[2026-08-02T12:33:03.095+0000] {processor.py:925} INFO - DAG(s) 'finascore_ml_pipeline' retrieved from /opt/airflow/dags/finascore_pipeline_dag.py
[2026-08-02T12:33:03.131+0000] {logging_mixin.py:190} INFO - [2026-08-02T12:33:03.131+0000] {dag.py:3239} INFO - Sync 1 DAGs
[2026-08-02T12:33:03.158+0000] {logging_mixin.py:190} INFO - [2026-08-02T12:33:03.158+0000] {dag.py:4180} INFO - Setting next_dagrun for finascore_ml_pipeline to 2026-07-26 00:00:00+00:00, run_after=2026-08-02 00:00:00+00:00
[2026-08-02T12:33:03.176+0000] {processor.py:208} INFO - Processing /opt/airflow/dags/finascore_pipeline_dag.py took 0.119 seconds
[2026-08-02T12:33:33.320+0000] {processor.py:186} INFO - Started process (PID=1856) to work on /opt/airflow/dags/finascore_pipeline_dag.py
[2026-08-02T12:33:33.321+0000] {processor.py:914} INFO - Processing file /opt/airflow/dags/finascore_pipeline_dag.py for tasks to queue
[2026-08-02T12:33:33.323+0000] {logging_mixin.py:190} INFO - [2026-08-02T12:33:33.323+0000] {dagbag.py:588} INFO - Filling up the DagBag from /opt/airflow/dags/finascore_pipeline_dag.py
[2026-08-02T12:33:33.337+0000] {processor.py:925} INFO - DAG(s) 'finascore_ml_pipeline' retrieved from /opt/airflow/dags/finascore_pipeline_dag.py
[2026-08-02T12:33:33.371+0000] {logging_mixin.py:190} INFO - [2026-08-02T12:33:33.371+0000] {dag.py:3239} INFO - Sync 1 DAGs
[2026-08-02T12:33:33.396+0000] {logging_mixin.py:190} INFO - [2026-08-02T12:33:33.396+0000] {dag.py:4180} INFO - Setting next_dagrun for finascore_ml_pipeline to 2026-07-26 00:00:00+00:00, run_after=2026-08-02 00:00:00+00:00
[2026-08-02T12:33:33.415+0000] {processor.py:208} INFO - Processing /opt/airflow/dags/finascore_pipeline_dag.py took 0.102 seconds
[2026-08-02T12:34:03.449+0000] {processor.py:186} INFO - Started process (PID=1861) to work on /opt/airflow/dags/finascore_pipeline_dag.py
[2026-08-02T12:34:03.450+0000] {processor.py:914} INFO - Processing file /opt/airflow/dags/finascore_pipeline_dag.py for tasks to queue
[2026-08-02T12:34:03.452+0000] {logging_mixin.py:190} INFO - [2026-08-02T12:34:03.452+0000] {dagbag.py:588} INFO - Filling up the DagBag from /opt/airflow/dags/finascore_pipeline_dag.py
[2026-08-02T12:34:03.468+0000] {processor.py:925} INFO - DAG(s) 'finascore_ml_pipeline' retrieved from /opt/airflow/dags/finascore_pipeline_dag.py
[2026-08-02T12:34:03.504+0000] {logging_mixin.py:190} INFO - [2026-08-02T12:34:03.504+0000] {dag.py:3239} INFO - Sync 1 DAGs
[2026-08-02T12:34:03.531+0000] {logging_mixin.py:190} INFO - [2026-08-02T12:34:03.531+0000] {dag.py:4180} INFO - Setting next_dagrun for finascore_ml_pipeline to 2026-07-26 00:00:00+00:00, run_after=2026-08-02 00:00:00+00:00
[2026-08-02T12:34:03.548+0000] {processor.py:208} INFO - Processing /opt/airflow/dags/finascore_pipeline_dag.py took 0.107 seconds
[2026-08-02T12:34:33.683+0000] {processor.py:186} INFO - Started process (PID=1866) to work on /opt/airflow/dags/finascore_pipeline_dag.py
[2026-08-02T12:34:33.684+0000] {processor.py:914} INFO - Processing file /opt/airflow/dags/finascore_pipeline_dag.py for tasks to queue
[2026-08-02T12:34:33.686+0000] {logging_mixin.py:190} INFO - [2026-08-02T12:34:33.686+0000] {dagbag.py:588} INFO - Filling up the DagBag from /opt/airflow/dags/finascore_pipeline_dag.py
[2026-08-02T12:34:33.700+0000] {processor.py:925} INFO - DAG(s) 'finascore_ml_pipeline' retrieved from /opt/airflow/dags/finascore_pipeline_dag.py
[2026-08-02T12:34:33.734+0000] {logging_mixin.py:190} INFO - [2026-08-02T12:34:33.734+0000] {dag.py:3239} INFO - Sync 1 DAGs
[2026-08-02T12:34:33.759+0000] {logging_mixin.py:190} INFO - [2026-08-02T12:34:33.759+0000] {dag.py:4180} INFO - Setting next_dagrun for finascore_ml_pipeline to 2026-07-26 00:00:00+00:00, run_after=2026-08-02 00:00:00+00:00
[2026-08-02T12:34:33.777+0000] {processor.py:208} INFO - Processing /opt/airflow/dags/finascore_pipeline_dag.py took 0.102 seconds
[2026-08-02T12:35:03.815+0000] {processor.py:186} INFO - Started process (PID=1871) to work on /opt/airflow/dags/finascore_pipeline_dag.py
[2026-08-02T12:35:03.816+0000] {processor.py:914} INFO - Processing file /opt/airflow/dags/finascore_pipeline_dag.py for tasks to queue
[2026-08-02T12:35:03.817+0000] {logging_mixin.py:190} INFO - [2026-08-02T12:35:03.816+0000] {dagbag.py:588} INFO - Filling up the DagBag from /opt/airflow/dags/finascore_pipeline_dag.py
[2026-08-02T12:35:03.831+0000] {processor.py:925} INFO - DAG(s) 'finascore_ml_pipeline' retrieved from /opt/airflow/dags/finascore_pipeline_dag.py
[2026-08-02T12:35:03.866+0000] {logging_mixin.py:190} INFO - [2026-08-02T12:35:03.866+0000] {dag.py:3239} INFO - Sync 1 DAGs
[2026-08-02T12:35:03.892+0000] {logging_mixin.py:190} INFO - [2026-08-02T12:35:03.891+0000] {dag.py:4180} INFO - Setting next_dagrun for finascore_ml_pipeline to 2026-07-26 00:00:00+00:00, run_after=2026-08-02 00:00:00+00:00
[2026-08-02T12:35:03.908+0000] {processor.py:208} INFO - Processing /opt/airflow/dags/finascore_pipeline_dag.py took 0.100 seconds
[2026-08-02T12:35:34.041+0000] {processor.py:186} INFO - Started process (PID=1876) to work on /opt/airflow/dags/finascore_pipeline_dag.py
[2026-08-02T12:35:34.042+0000] {processor.py:914} INFO - Processing file /opt/airflow/dags/finascore_pipeline_dag.py for tasks to queue
[2026-08-02T12:35:34.043+0000] {logging_mixin.py:190} INFO - [2026-08-02T12:35:34.043+0000] {dagbag.py:588} INFO - Filling up the DagBag from /opt/airflow/dags/finascore_pipeline_dag.py
[2026-08-02T12:35:34.058+0000] {processor.py:925} INFO - DAG(s) 'finascore_ml_pipeline' retrieved from /opt/airflow/dags/finascore_pipeline_dag.py
[2026-08-02T12:35:34.090+0000] {logging_mixin.py:190} INFO - [2026-08-02T12:35:34.090+0000] {dag.py:3239} INFO - Sync 1 DAGs
[2026-08-02T12:35:34.115+0000] {logging_mixin.py:190} INFO - [2026-08-02T12:35:34.114+0000] {dag.py:4180} INFO - Setting next_dagrun for finascore_ml_pipeline to 2026-07-26 00:00:00+00:00, run_after=2026-08-02 00:00:00+00:00
[2026-08-02T12:35:34.132+0000] {processor.py:208} INFO - Processing /opt/airflow/dags/finascore_pipeline_dag.py took 0.099 seconds
[2026-08-02T12:36:04.186+0000] {processor.py:186} INFO - Started process (PID=1881) to work on /opt/airflow/dags/finascore_pipeline_dag.py
[2026-08-02T12:36:04.187+0000] {processor.py:914} INFO - Processing file /opt/airflow/dags/finascore_pipeline_dag.py for tasks to queue
[2026-08-02T12:36:04.188+0000] {logging_mixin.py:190} INFO - [2026-08-02T12:36:04.188+0000] {dagbag.py:588} INFO - Filling up the DagBag from /opt/airflow/dags/finascore_pipeline_dag.py
[2026-08-02T12:36:04.202+0000] {processor.py:925} INFO - DAG(s) 'finascore_ml_pipeline' retrieved from /opt/airflow/dags/finascore_pipeline_dag.py
[2026-08-02T12:36:04.237+0000] {logging_mixin.py:190} INFO - [2026-08-02T12:36:04.236+0000] {dag.py:3239} INFO - Sync 1 DAGs
[2026-08-02T12:36:04.265+0000] {logging_mixin.py:190} INFO - [2026-08-02T12:36:04.265+0000] {dag.py:4180} INFO - Setting next_dagrun for finascore_ml_pipeline to 2026-07-26 00:00:00+00:00, run_after=2026-08-02 00:00:00+00:00
[2026-08-02T12:36:04.282+0000] {processor.py:208} INFO - Processing /opt/airflow/dags/finascore_pipeline_dag.py took 0.104 seconds
[2026-08-02T12:36:34.399+0000] {processor.py:186} INFO - Started process (PID=1886) to work on /opt/airflow/dags/finascore_pipeline_dag.py
[2026-08-02T12:36:34.401+0000] {processor.py:914} INFO - Processing file /opt/airflow/dags/finascore_pipeline_dag.py for tasks to queue
[2026-08-02T12:36:34.403+0000] {logging_mixin.py:190} INFO - [2026-08-02T12:36:34.402+0000] {dagbag.py:588} INFO - Filling up the DagBag from /opt/airflow/dags/finascore_pipeline_dag.py
[2026-08-02T12:36:34.419+0000] {processor.py:925} INFO - DAG(s) 'finascore_ml_pipeline' retrieved from /opt/airflow/dags/finascore_pipeline_dag.py
[2026-08-02T12:36:34.453+0000] {logging_mixin.py:190} INFO - [2026-08-02T12:36:34.453+0000] {dag.py:3239} INFO - Sync 1 DAGs
[2026-08-02T12:36:34.478+0000] {logging_mixin.py:190} INFO - [2026-08-02T12:36:34.478+0000] {dag.py:4180} INFO - Setting next_dagrun for finascore_ml_pipeline to 2026-07-26 00:00:00+00:00, run_after=2026-08-02 00:00:00+00:00
[2026-08-02T12:36:34.496+0000] {processor.py:208} INFO - Processing /opt/airflow/dags/finascore_pipeline_dag.py took 0.105 seconds
[2026-08-02T12:37:04.540+0000] {processor.py:186} INFO - Started process (PID=1891) to work on /opt/airflow/dags/finascore_pipeline_dag.py
[2026-08-02T12:37:04.541+0000] {processor.py:914} INFO - Processing file /opt/airflow/dags/finascore_pipeline_dag.py for tasks to queue
[2026-08-02T12:37:04.542+0000] {logging_mixin.py:190} INFO - [2026-08-02T12:37:04.542+0000] {dagbag.py:588} INFO - Filling up the DagBag from /opt/airflow/dags/finascore_pipeline_dag.py
[2026-08-02T12:37:04.557+0000] {processor.py:925} INFO - DAG(s) 'finascore_ml_pipeline' retrieved from /opt/airflow/dags/finascore_pipeline_dag.py
[2026-08-02T12:37:04.591+0000] {logging_mixin.py:190} INFO - [2026-08-02T12:37:04.591+0000] {dag.py:3239} INFO - Sync 1 DAGs
[2026-08-02T12:37:04.619+0000] {logging_mixin.py:190} INFO - [2026-08-02T12:37:04.618+0000] {dag.py:4180} INFO - Setting next_dagrun for finascore_ml_pipeline to 2026-07-26 00:00:00+00:00, run_after=2026-08-02 00:00:00+00:00
[2026-08-02T12:37:04.637+0000] {processor.py:208} INFO - Processing /opt/airflow/dags/finascore_pipeline_dag.py took 0.104 seconds
[2026-08-02T12:37:34.757+0000] {processor.py:186} INFO - Started process (PID=1896) to work on /opt/airflow/dags/finascore_pipeline_dag.py
[2026-08-02T12:37:34.758+0000] {processor.py:914} INFO - Processing file /opt/airflow/dags/finascore_pipeline_dag.py for tasks to queue
[2026-08-02T12:37:34.760+0000] {logging_mixin.py:190} INFO - [2026-08-02T12:37:34.760+0000] {dagbag.py:588} INFO - Filling up the DagBag from /opt/airflow/dags/finascore_pipeline_dag.py
[2026-08-02T12:37:34.778+0000] {processor.py:925} INFO - DAG(s) 'finascore_ml_pipeline' retrieved from /opt/airflow/dags/finascore_pipeline_dag.py
[2026-08-02T12:37:34.812+0000] {logging_mixin.py:190} INFO - [2026-08-02T12:37:34.812+0000] {dag.py:3239} INFO - Sync 1 DAGs
[2026-08-02T12:37:34.837+0000] {logging_mixin.py:190} INFO - [2026-08-02T12:37:34.837+0000] {dag.py:4180} INFO - Setting next_dagrun for finascore_ml_pipeline to 2026-07-26 00:00:00+00:00, run_after=2026-08-02 00:00:00+00:00
[2026-08-02T12:37:34.855+0000] {processor.py:208} INFO - Processing /opt/airflow/dags/finascore_pipeline_dag.py took 0.107 seconds
[2026-08-02T12:38:04.900+0000] {processor.py:186} INFO - Started process (PID=1901) to work on /opt/airflow/dags/finascore_pipeline_dag.py
[2026-08-02T12:38:04.901+0000] {processor.py:914} INFO - Processing file /opt/airflow/dags/finascore_pipeline_dag.py for tasks to queue
[2026-08-02T12:38:04.902+0000] {logging_mixin.py:190} INFO - [2026-08-02T12:38:04.902+0000] {dagbag.py:588} INFO - Filling up the DagBag from /opt/airflow/dags/finascore_pipeline_dag.py
[2026-08-02T12:38:04.916+0000] {processor.py:925} INFO - DAG(s) 'finascore_ml_pipeline' retrieved from /opt/airflow/dags/finascore_pipeline_dag.py
[2026-08-02T12:38:04.953+0000] {logging_mixin.py:190} INFO - [2026-08-02T12:38:04.953+0000] {dag.py:3239} INFO - Sync 1 DAGs
[2026-08-02T12:38:04.981+0000] {logging_mixin.py:190} INFO - [2026-08-02T12:38:04.980+0000] {dag.py:4180} INFO - Setting next_dagrun for finascore_ml_pipeline to 2026-07-26 00:00:00+00:00, run_after=2026-08-02 00:00:00+00:00
[2026-08-02T12:38:04.998+0000] {processor.py:208} INFO - Processing /opt/airflow/dags/finascore_pipeline_dag.py took 0.106 seconds
[2026-08-02T12:38:35.129+0000] {processor.py:186} INFO - Started process (PID=1906) to work on /opt/airflow/dags/finascore_pipeline_dag.py
[2026-08-02T12:38:35.131+0000] {processor.py:914} INFO - Processing file /opt/airflow/dags/finascore_pipeline_dag.py for tasks to queue
[2026-08-02T12:38:35.133+0000] {logging_mixin.py:190} INFO - [2026-08-02T12:38:35.132+0000] {dagbag.py:588} INFO - Filling up the DagBag from /opt/airflow/dags/finascore_pipeline_dag.py
[2026-08-02T12:38:35.146+0000] {processor.py:925} INFO - DAG(s) 'finascore_ml_pipeline' retrieved from /opt/airflow/dags/finascore_pipeline_dag.py
[2026-08-02T12:38:35.181+0000] {logging_mixin.py:190} INFO - [2026-08-02T12:38:35.181+0000] {dag.py:3239} INFO - Sync 1 DAGs
[2026-08-02T12:38:35.207+0000] {logging_mixin.py:190} INFO - [2026-08-02T12:38:35.206+0000] {dag.py:4180} INFO - Setting next_dagrun for finascore_ml_pipeline to 2026-07-26 00:00:00+00:00, run_after=2026-08-02 00:00:00+00:00
[2026-08-02T12:38:35.224+0000] {processor.py:208} INFO - Processing /opt/airflow/dags/finascore_pipeline_dag.py took 0.102 seconds
[2026-08-02T12:39:05.284+0000] {processor.py:186} INFO - Started process (PID=1911) to work on /opt/airflow/dags/finascore_pipeline_dag.py
[2026-08-02T12:39:05.285+0000] {processor.py:914} INFO - Processing file /opt/airflow/dags/finascore_pipeline_dag.py for tasks to queue
[2026-08-02T12:39:05.286+0000] {logging_mixin.py:190} INFO - [2026-08-02T12:39:05.286+0000] {dagbag.py:588} INFO - Filling up the DagBag from /opt/airflow/dags/finascore_pipeline_dag.py
[2026-08-02T12:39:05.301+0000] {processor.py:925} INFO - DAG(s) 'finascore_ml_pipeline' retrieved from /opt/airflow/dags/finascore_pipeline_dag.py
[2026-08-02T12:39:05.336+0000] {logging_mixin.py:190} INFO - [2026-08-02T12:39:05.336+0000] {dag.py:3239} INFO - Sync 1 DAGs
[2026-08-02T12:39:05.366+0000] {logging_mixin.py:190} INFO - [2026-08-02T12:39:05.366+0000] {dag.py:4180} INFO - Setting next_dagrun for finascore_ml_pipeline to 2026-07-26 00:00:00+00:00, run_after=2026-08-02 00:00:00+00:00
[2026-08-02T12:39:05.383+0000] {processor.py:208} INFO - Processing /opt/airflow/dags/finascore_pipeline_dag.py took 0.105 seconds
[2026-08-02T12:39:35.489+0000] {processor.py:186} INFO - Started process (PID=1916) to work on /opt/airflow/dags/finascore_pipeline_dag.py
[2026-08-02T12:39:35.490+0000] {processor.py:914} INFO - Processing file /opt/airflow/dags/finascore_pipeline_dag.py for tasks to queue
[2026-08-02T12:39:35.492+0000] {logging_mixin.py:190} INFO - [2026-08-02T12:39:35.491+0000] {dagbag.py:588} INFO - Filling up the DagBag from /opt/airflow/dags/finascore_pipeline_dag.py
[2026-08-02T12:39:35.509+0000] {processor.py:925} INFO - DAG(s) 'finascore_ml_pipeline' retrieved from /opt/airflow/dags/finascore_pipeline_dag.py
[2026-08-02T12:39:35.544+0000] {logging_mixin.py:190} INFO - [2026-08-02T12:39:35.544+0000] {dag.py:3239} INFO - Sync 1 DAGs
[2026-08-02T12:39:35.571+0000] {logging_mixin.py:190} INFO - [2026-08-02T12:39:35.570+0000] {dag.py:4180} INFO - Setting next_dagrun for finascore_ml_pipeline to 2026-07-26 00:00:00+00:00, run_after=2026-08-02 00:00:00+00:00
[2026-08-02T12:39:35.588+0000] {processor.py:208} INFO - Processing /opt/airflow/dags/finascore_pipeline_dag.py took 0.105 seconds
[2026-08-02T12:40:05.649+0000] {processor.py:186} INFO - Started process (PID=1921) to work on /opt/airflow/dags/finascore_pipeline_dag.py
[2026-08-02T12:40:05.649+0000] {processor.py:914} INFO - Processing file /opt/airflow/dags/finascore_pipeline_dag.py for tasks to queue
[2026-08-02T12:40:05.651+0000] {logging_mixin.py:190} INFO - [2026-08-02T12:40:05.650+0000] {dagbag.py:588} INFO - Filling up the DagBag from /opt/airflow/dags/finascore_pipeline_dag.py
[2026-08-02T12:40:05.665+0000] {processor.py:925} INFO - DAG(s) 'finascore_ml_pipeline' retrieved from /opt/airflow/dags/finascore_pipeline_dag.py
[2026-08-02T12:40:05.701+0000] {logging_mixin.py:190} INFO - [2026-08-02T12:40:05.700+0000] {dag.py:3239} INFO - Sync 1 DAGs
[2026-08-02T12:40:05.727+0000] {logging_mixin.py:190} INFO - [2026-08-02T12:40:05.727+0000] {dag.py:4180} INFO - Setting next_dagrun for finascore_ml_pipeline to 2026-07-26 00:00:00+00:00, run_after=2026-08-02 00:00:00+00:00
[2026-08-02T12:40:05.744+0000] {processor.py:208} INFO - Processing /opt/airflow/dags/finascore_pipeline_dag.py took 0.103 seconds
[2026-08-02T12:40:35.845+0000] {processor.py:186} INFO - Started process (PID=1926) to work on /opt/airflow/dags/finascore_pipeline_dag.py
[2026-08-02T12:40:35.846+0000] {processor.py:914} INFO - Processing file /opt/airflow/dags/finascore_pipeline_dag.py for tasks to queue
[2026-08-02T12:40:35.848+0000] {logging_mixin.py:190} INFO - [2026-08-02T12:40:35.847+0000] {dagbag.py:588} INFO - Filling up the DagBag from /opt/airflow/dags/finascore_pipeline_dag.py
[2026-08-02T12:40:35.863+0000] {processor.py:925} INFO - DAG(s) 'finascore_ml_pipeline' retrieved from /opt/airflow/dags/finascore_pipeline_dag.py
[2026-08-02T12:40:35.897+0000] {logging_mixin.py:190} INFO - [2026-08-02T12:40:35.897+0000] {dag.py:3239} INFO - Sync 1 DAGs
[2026-08-02T12:40:35.925+0000] {logging_mixin.py:190} INFO - [2026-08-02T12:40:35.925+0000] {dag.py:4180} INFO - Setting next_dagrun for finascore_ml_pipeline to 2026-07-26 00:00:00+00:00, run_after=2026-08-02 00:00:00+00:00
[2026-08-02T12:40:35.942+0000] {processor.py:208} INFO - Processing /opt/airflow/dags/finascore_pipeline_dag.py took 0.105 seconds
[2026-08-02T12:41:05.992+0000] {processor.py:186} INFO - Started process (PID=1931) to work on /opt/airflow/dags/finascore_pipeline_dag.py
[2026-08-02T12:41:05.993+0000] {processor.py:914} INFO - Processing file /opt/airflow/dags/finascore_pipeline_dag.py for tasks to queue
[2026-08-02T12:41:05.994+0000] {logging_mixin.py:190} INFO - [2026-08-02T12:41:05.994+0000] {dagbag.py:588} INFO - Filling up the DagBag from /opt/airflow/dags/finascore_pipeline_dag.py
[2026-08-02T12:41:06.010+0000] {processor.py:925} INFO - DAG(s) 'finascore_ml_pipeline' retrieved from /opt/airflow/dags/finascore_pipeline_dag.py
[2026-08-02T12:41:06.047+0000] {logging_mixin.py:190} INFO - [2026-08-02T12:41:06.047+0000] {dag.py:3239} INFO - Sync 1 DAGs
[2026-08-02T12:41:06.075+0000] {logging_mixin.py:190} INFO - [2026-08-02T12:41:06.075+0000] {dag.py:4180} INFO - Setting next_dagrun for finascore_ml_pipeline to 2026-07-26 00:00:00+00:00, run_after=2026-08-02 00:00:00+00:00
[2026-08-02T12:41:06.093+0000] {processor.py:208} INFO - Processing /opt/airflow/dags/finascore_pipeline_dag.py took 0.108 seconds
[2026-08-02T12:41:36.210+0000] {processor.py:186} INFO - Started process (PID=1936) to work on /opt/airflow/dags/finascore_pipeline_dag.py
[2026-08-02T12:41:36.212+0000] {processor.py:914} INFO - Processing file /opt/airflow/dags/finascore_pipeline_dag.py for tasks to queue
[2026-08-02T12:41:36.214+0000] {logging_mixin.py:190} INFO - [2026-08-02T12:41:36.213+0000] {dagbag.py:588} INFO - Filling up the DagBag from /opt/airflow/dags/finascore_pipeline_dag.py
[2026-08-02T12:41:36.231+0000] {processor.py:925} INFO - DAG(s) 'finascore_ml_pipeline' retrieved from /opt/airflow/dags/finascore_pipeline_dag.py
[2026-08-02T12:41:36.269+0000] {logging_mixin.py:190} INFO - [2026-08-02T12:41:36.269+0000] {dag.py:3239} INFO - Sync 1 DAGs
[2026-08-02T12:41:36.296+0000] {logging_mixin.py:190} INFO - [2026-08-02T12:41:36.295+0000] {dag.py:4180} INFO - Setting next_dagrun for finascore_ml_pipeline to 2026-07-26 00:00:00+00:00, run_after=2026-08-02 00:00:00+00:00
[2026-08-02T12:41:36.312+0000] {processor.py:208} INFO - Processing /opt/airflow/dags/finascore_pipeline_dag.py took 0.109 seconds
[2026-08-02T12:42:06.355+0000] {processor.py:186} INFO - Started process (PID=1941) to work on /opt/airflow/dags/finascore_pipeline_dag.py
[2026-08-02T12:42:06.356+0000] {processor.py:914} INFO - Processing file /opt/airflow/dags/finascore_pipeline_dag.py for tasks to queue
[2026-08-02T12:42:06.357+0000] {logging_mixin.py:190} INFO - [2026-08-02T12:42:06.357+0000] {dagbag.py:588} INFO - Filling up the DagBag from /opt/airflow/dags/finascore_pipeline_dag.py
[2026-08-02T12:42:06.372+0000] {processor.py:925} INFO - DAG(s) 'finascore_ml_pipeline' retrieved from /opt/airflow/dags/finascore_pipeline_dag.py
[2026-08-02T12:42:06.407+0000] {logging_mixin.py:190} INFO - [2026-08-02T12:42:06.406+0000] {dag.py:3239} INFO - Sync 1 DAGs
[2026-08-02T12:42:06.435+0000] {logging_mixin.py:190} INFO - [2026-08-02T12:42:06.435+0000] {dag.py:4180} INFO - Setting next_dagrun for finascore_ml_pipeline to 2026-07-26 00:00:00+00:00, run_after=2026-08-02 00:00:00+00:00
[2026-08-02T12:42:06.453+0000] {processor.py:208} INFO - Processing /opt/airflow/dags/finascore_pipeline_dag.py took 0.105 seconds
[2026-08-02T12:42:36.588+0000] {processor.py:186} INFO - Started process (PID=1946) to work on /opt/airflow/dags/finascore_pipeline_dag.py
[2026-08-02T12:42:36.589+0000] {processor.py:914} INFO - Processing file /opt/airflow/dags/finascore_pipeline_dag.py for tasks to queue
[2026-08-02T12:42:36.596+0000] {logging_mixin.py:190} INFO - [2026-08-02T12:42:36.592+0000] {dagbag.py:588} INFO - Filling up the DagBag from /opt/airflow/dags/finascore_pipeline_dag.py
[2026-08-02T12:42:36.672+0000] {processor.py:925} INFO - DAG(s) 'finascore_ml_pipeline' retrieved from /opt/airflow/dags/finascore_pipeline_dag.py
[2026-08-02T12:42:36.765+0000] {logging_mixin.py:190} INFO - [2026-08-02T12:42:36.765+0000] {dag.py:3239} INFO - Sync 1 DAGs
[2026-08-02T12:42:36.905+0000] {logging_mixin.py:190} INFO - [2026-08-02T12:42:36.905+0000] {dag.py:4180} INFO - Setting next_dagrun for finascore_ml_pipeline to 2026-07-26 00:00:00+00:00, run_after=2026-08-02 00:00:00+00:00
[2026-08-02T12:42:36.923+0000] {processor.py:208} INFO - Processing /opt/airflow/dags/finascore_pipeline_dag.py took 0.358 seconds
[2026-08-02T12:43:07.086+0000] {processor.py:186} INFO - Started process (PID=1951) to work on /opt/airflow/dags/finascore_pipeline_dag.py
[2026-08-02T12:43:07.086+0000] {processor.py:914} INFO - Processing file /opt/airflow/dags/finascore_pipeline_dag.py for tasks to queue
[2026-08-02T12:43:07.087+0000] {logging_mixin.py:190} INFO - [2026-08-02T12:43:07.087+0000] {dagbag.py:588} INFO - Filling up the DagBag from /opt/airflow/dags/finascore_pipeline_dag.py
[2026-08-02T12:43:07.103+0000] {processor.py:925} INFO - DAG(s) 'finascore_ml_pipeline' retrieved from /opt/airflow/dags/finascore_pipeline_dag.py
[2026-08-02T12:43:07.152+0000] {logging_mixin.py:190} INFO - [2026-08-02T12:43:07.152+0000] {dag.py:3239} INFO - Sync 1 DAGs
[2026-08-02T12:43:07.182+0000] {logging_mixin.py:190} INFO - [2026-08-02T12:43:07.181+0000] {dag.py:4180} INFO - Setting next_dagrun for finascore_ml_pipeline to 2026-07-26 00:00:00+00:00, run_after=2026-08-02 00:00:00+00:00
[2026-08-02T12:43:07.200+0000] {processor.py:208} INFO - Processing /opt/airflow/dags/finascore_pipeline_dag.py took 0.122 seconds
[2026-08-02T12:43:37.337+0000] {processor.py:186} INFO - Started process (PID=1956) to work on /opt/airflow/dags/finascore_pipeline_dag.py
[2026-08-02T12:43:37.339+0000] {processor.py:914} INFO - Processing file /opt/airflow/dags/finascore_pipeline_dag.py for tasks to queue
[2026-08-02T12:43:37.340+0000] {logging_mixin.py:190} INFO - [2026-08-02T12:43:37.340+0000] {dagbag.py:588} INFO - Filling up the DagBag from /opt/airflow/dags/finascore_pipeline_dag.py
[2026-08-02T12:43:37.354+0000] {processor.py:925} INFO - DAG(s) 'finascore_ml_pipeline' retrieved from /opt/airflow/dags/finascore_pipeline_dag.py
[2026-08-02T12:43:37.389+0000] {logging_mixin.py:190} INFO - [2026-08-02T12:43:37.389+0000] {dag.py:3239} INFO - Sync 1 DAGs
[2026-08-02T12:43:37.416+0000] {logging_mixin.py:190} INFO - [2026-08-02T12:43:37.416+0000] {dag.py:4180} INFO - Setting next_dagrun for finascore_ml_pipeline to 2026-07-26 00:00:00+00:00, run_after=2026-08-02 00:00:00+00:00
[2026-08-02T12:43:37.434+0000] {processor.py:208} INFO - Processing /opt/airflow/dags/finascore_pipeline_dag.py took 0.103 seconds
[2026-08-02T12:44:07.486+0000] {processor.py:186} INFO - Started process (PID=1961) to work on /opt/airflow/dags/finascore_pipeline_dag.py
[2026-08-02T12:44:07.487+0000] {processor.py:914} INFO - Processing file /opt/airflow/dags/finascore_pipeline_dag.py for tasks to queue
[2026-08-02T12:44:07.490+0000] {logging_mixin.py:190} INFO - [2026-08-02T12:44:07.489+0000] {dagbag.py:588} INFO - Filling up the DagBag from /opt/airflow/dags/finascore_pipeline_dag.py
[2026-08-02T12:44:07.553+0000] {processor.py:925} INFO - DAG(s) 'finascore_ml_pipeline' retrieved from /opt/airflow/dags/finascore_pipeline_dag.py
[2026-08-02T12:44:07.630+0000] {logging_mixin.py:190} INFO - [2026-08-02T12:44:07.630+0000] {dag.py:3239} INFO - Sync 1 DAGs
[2026-08-02T12:44:07.659+0000] {logging_mixin.py:190} INFO - [2026-08-02T12:44:07.659+0000] {dag.py:4180} INFO - Setting next_dagrun for finascore_ml_pipeline to 2026-07-26 00:00:00+00:00, run_after=2026-08-02 00:00:00+00:00
[2026-08-02T12:44:07.681+0000] {processor.py:208} INFO - Processing /opt/airflow/dags/finascore_pipeline_dag.py took 0.210 seconds
[2026-08-02T12:44:37.825+0000] {processor.py:186} INFO - Started process (PID=1966) to work on /opt/airflow/dags/finascore_pipeline_dag.py
[2026-08-02T12:44:37.827+0000] {processor.py:914} INFO - Processing file /opt/airflow/dags/finascore_pipeline_dag.py for tasks to queue
[2026-08-02T12:44:37.829+0000] {logging_mixin.py:190} INFO - [2026-08-02T12:44:37.828+0000] {dagbag.py:588} INFO - Filling up the DagBag from /opt/airflow/dags/finascore_pipeline_dag.py
[2026-08-02T12:44:37.850+0000] {processor.py:925} INFO - DAG(s) 'finascore_ml_pipeline' retrieved from /opt/airflow/dags/finascore_pipeline_dag.py
[2026-08-02T12:44:37.900+0000] {logging_mixin.py:190} INFO - [2026-08-02T12:44:37.900+0000] {dag.py:3239} INFO - Sync 1 DAGs
[2026-08-02T12:44:37.934+0000] {logging_mixin.py:190} INFO - [2026-08-02T12:44:37.934+0000] {dag.py:4180} INFO - Setting next_dagrun for finascore_ml_pipeline to 2026-07-26 00:00:00+00:00, run_after=2026-08-02 00:00:00+00:00
[2026-08-02T12:44:37.957+0000] {processor.py:208} INFO - Processing /opt/airflow/dags/finascore_pipeline_dag.py took 0.142 seconds
[2026-08-02T12:45:08.110+0000] {processor.py:186} INFO - Started process (PID=1971) to work on /opt/airflow/dags/finascore_pipeline_dag.py
[2026-08-02T12:45:08.111+0000] {processor.py:914} INFO - Processing file /opt/airflow/dags/finascore_pipeline_dag.py for tasks to queue
[2026-08-02T12:45:08.112+0000] {logging_mixin.py:190} INFO - [2026-08-02T12:45:08.112+0000] {dagbag.py:588} INFO - Filling up the DagBag from /opt/airflow/dags/finascore_pipeline_dag.py
[2026-08-02T12:45:08.126+0000] {processor.py:925} INFO - DAG(s) 'finascore_ml_pipeline' retrieved from /opt/airflow/dags/finascore_pipeline_dag.py
[2026-08-02T12:45:08.160+0000] {logging_mixin.py:190} INFO - [2026-08-02T12:45:08.160+0000] {dag.py:3239} INFO - Sync 1 DAGs
[2026-08-02T12:45:08.185+0000] {logging_mixin.py:190} INFO - [2026-08-02T12:45:08.185+0000] {dag.py:4180} INFO - Setting next_dagrun for finascore_ml_pipeline to 2026-07-26 00:00:00+00:00, run_after=2026-08-02 00:00:00+00:00
[2026-08-02T12:45:08.201+0000] {processor.py:208} INFO - Processing /opt/airflow/dags/finascore_pipeline_dag.py took 0.097 seconds
[2026-08-02T12:45:38.257+0000] {processor.py:186} INFO - Started process (PID=1976) to work on /opt/airflow/dags/finascore_pipeline_dag.py
[2026-08-02T12:45:38.259+0000] {processor.py:914} INFO - Processing file /opt/airflow/dags/finascore_pipeline_dag.py for tasks to queue
[2026-08-02T12:45:38.261+0000] {logging_mixin.py:190} INFO - [2026-08-02T12:45:38.260+0000] {dagbag.py:588} INFO - Filling up the DagBag from /opt/airflow/dags/finascore_pipeline_dag.py
[2026-08-02T12:45:38.275+0000] {processor.py:925} INFO - DAG(s) 'finascore_ml_pipeline' retrieved from /opt/airflow/dags/finascore_pipeline_dag.py
[2026-08-02T12:45:38.310+0000] {logging_mixin.py:190} INFO - [2026-08-02T12:45:38.310+0000] {dag.py:3239} INFO - Sync 1 DAGs
[2026-08-02T12:45:38.336+0000] {logging_mixin.py:190} INFO - [2026-08-02T12:45:38.336+0000] {dag.py:4180} INFO - Setting next_dagrun for finascore_ml_pipeline to 2026-07-26 00:00:00+00:00, run_after=2026-08-02 00:00:00+00:00
[2026-08-02T12:45:38.353+0000] {processor.py:208} INFO - Processing /opt/airflow/dags/finascore_pipeline_dag.py took 0.103 seconds
[2026-08-02T12:46:08.479+0000] {processor.py:186} INFO - Started process (PID=1981) to work on /opt/airflow/dags/finascore_pipeline_dag.py
[2026-08-02T12:46:08.480+0000] {processor.py:914} INFO - Processing file /opt/airflow/dags/finascore_pipeline_dag.py for tasks to queue
[2026-08-02T12:46:08.482+0000] {logging_mixin.py:190} INFO - [2026-08-02T12:46:08.482+0000] {dagbag.py:588} INFO - Filling up the DagBag from /opt/airflow/dags/finascore_pipeline_dag.py
[2026-08-02T12:46:08.496+0000] {processor.py:925} INFO - DAG(s) 'finascore_ml_pipeline' retrieved from /opt/airflow/dags/finascore_pipeline_dag.py
[2026-08-02T12:46:08.529+0000] {logging_mixin.py:190} INFO - [2026-08-02T12:46:08.528+0000] {dag.py:3239} INFO - Sync 1 DAGs
[2026-08-02T12:46:08.553+0000] {logging_mixin.py:190} INFO - [2026-08-02T12:46:08.552+0000] {dag.py:4180} INFO - Setting next_dagrun for finascore_ml_pipeline to 2026-07-26 00:00:00+00:00, run_after=2026-08-02 00:00:00+00:00
[2026-08-02T12:46:08.568+0000] {processor.py:208} INFO - Processing /opt/airflow/dags/finascore_pipeline_dag.py took 0.098 seconds
[2026-08-02T12:46:38.634+0000] {processor.py:186} INFO - Started process (PID=1986) to work on /opt/airflow/dags/finascore_pipeline_dag.py
[2026-08-02T12:46:38.636+0000] {processor.py:914} INFO - Processing file /opt/airflow/dags/finascore_pipeline_dag.py for tasks to queue
[2026-08-02T12:46:38.637+0000] {logging_mixin.py:190} INFO - [2026-08-02T12:46:38.637+0000] {dagbag.py:588} INFO - Filling up the DagBag from /opt/airflow/dags/finascore_pipeline_dag.py
[2026-08-02T12:46:38.651+0000] {processor.py:925} INFO - DAG(s) 'finascore_ml_pipeline' retrieved from /opt/airflow/dags/finascore_pipeline_dag.py
[2026-08-02T12:46:38.684+0000] {logging_mixin.py:190} INFO - [2026-08-02T12:46:38.684+0000] {dag.py:3239} INFO - Sync 1 DAGs
[2026-08-02T12:46:38.710+0000] {logging_mixin.py:190} INFO - [2026-08-02T12:46:38.710+0000] {dag.py:4180} INFO - Setting next_dagrun for finascore_ml_pipeline to 2026-07-26 00:00:00+00:00, run_after=2026-08-02 00:00:00+00:00
[2026-08-02T12:46:38.728+0000] {processor.py:208} INFO - Processing /opt/airflow/dags/finascore_pipeline_dag.py took 0.101 seconds
[2026-08-02T12:47:08.842+0000] {processor.py:186} INFO - Started process (PID=1991) to work on /opt/airflow/dags/finascore_pipeline_dag.py
[2026-08-02T12:47:08.843+0000] {processor.py:914} INFO - Processing file /opt/airflow/dags/finascore_pipeline_dag.py for tasks to queue
[2026-08-02T12:47:08.844+0000] {logging_mixin.py:190} INFO - [2026-08-02T12:47:08.844+0000] {dagbag.py:588} INFO - Filling up the DagBag from /opt/airflow/dags/finascore_pipeline_dag.py
[2026-08-02T12:47:08.863+0000] {processor.py:925} INFO - DAG(s) 'finascore_ml_pipeline' retrieved from /opt/airflow/dags/finascore_pipeline_dag.py
[2026-08-02T12:47:08.900+0000] {logging_mixin.py:190} INFO - [2026-08-02T12:47:08.899+0000] {dag.py:3239} INFO - Sync 1 DAGs
[2026-08-02T12:47:08.924+0000] {logging_mixin.py:190} INFO - [2026-08-02T12:47:08.924+0000] {dag.py:4180} INFO - Setting next_dagrun for finascore_ml_pipeline to 2026-07-26 00:00:00+00:00, run_after=2026-08-02 00:00:00+00:00
[2026-08-02T12:47:08.944+0000] {processor.py:208} INFO - Processing /opt/airflow/dags/finascore_pipeline_dag.py took 0.111 seconds
[2026-08-02T12:47:38.996+0000] {processor.py:186} INFO - Started process (PID=1996) to work on /opt/airflow/dags/finascore_pipeline_dag.py
[2026-08-02T12:47:38.998+0000] {processor.py:914} INFO - Processing file /opt/airflow/dags/finascore_pipeline_dag.py for tasks to queue
[2026-08-02T12:47:38.999+0000] {logging_mixin.py:190} INFO - [2026-08-02T12:47:38.999+0000] {dagbag.py:588} INFO - Filling up the DagBag from /opt/airflow/dags/finascore_pipeline_dag.py
[2026-08-02T12:47:39.013+0000] {processor.py:925} INFO - DAG(s) 'finascore_ml_pipeline' retrieved from /opt/airflow/dags/finascore_pipeline_dag.py
[2026-08-02T12:47:39.046+0000] {logging_mixin.py:190} INFO - [2026-08-02T12:47:39.046+0000] {dag.py:3239} INFO - Sync 1 DAGs
[2026-08-02T12:47:39.071+0000] {logging_mixin.py:190} INFO - [2026-08-02T12:47:39.071+0000] {dag.py:4180} INFO - Setting next_dagrun for finascore_ml_pipeline to 2026-07-26 00:00:00+00:00, run_after=2026-08-02 00:00:00+00:00
[2026-08-02T12:47:39.087+0000] {processor.py:208} INFO - Processing /opt/airflow/dags/finascore_pipeline_dag.py took 0.098 seconds
[2026-08-02T12:48:09.228+0000] {processor.py:186} INFO - Started process (PID=2001) to work on /opt/airflow/dags/finascore_pipeline_dag.py
[2026-08-02T12:48:09.229+0000] {processor.py:914} INFO - Processing file /opt/airflow/dags/finascore_pipeline_dag.py for tasks to queue
[2026-08-02T12:48:09.230+0000] {logging_mixin.py:190} INFO - [2026-08-02T12:48:09.229+0000] {dagbag.py:588} INFO - Filling up the DagBag from /opt/airflow/dags/finascore_pipeline_dag.py
[2026-08-02T12:48:09.244+0000] {processor.py:925} INFO - DAG(s) 'finascore_ml_pipeline' retrieved from /opt/airflow/dags/finascore_pipeline_dag.py
[2026-08-02T12:48:09.277+0000] {logging_mixin.py:190} INFO - [2026-08-02T12:48:09.277+0000] {dag.py:3239} INFO - Sync 1 DAGs
[2026-08-02T12:48:09.302+0000] {logging_mixin.py:190} INFO - [2026-08-02T12:48:09.301+0000] {dag.py:4180} INFO - Setting next_dagrun for finascore_ml_pipeline to 2026-07-26 00:00:00+00:00, run_after=2026-08-02 00:00:00+00:00
[2026-08-02T12:48:09.318+0000] {processor.py:208} INFO - Processing /opt/airflow/dags/finascore_pipeline_dag.py took 0.098 seconds
[2026-08-02T12:48:39.372+0000] {processor.py:186} INFO - Started process (PID=2006) to work on /opt/airflow/dags/finascore_pipeline_dag.py
[2026-08-02T12:48:39.374+0000] {processor.py:914} INFO - Processing file /opt/airflow/dags/finascore_pipeline_dag.py for tasks to queue
[2026-08-02T12:48:39.375+0000] {logging_mixin.py:190} INFO - [2026-08-02T12:48:39.374+0000] {dagbag.py:588} INFO - Filling up the DagBag from /opt/airflow/dags/finascore_pipeline_dag.py
[2026-08-02T12:48:39.389+0000] {processor.py:925} INFO - DAG(s) 'finascore_ml_pipeline' retrieved from /opt/airflow/dags/finascore_pipeline_dag.py
[2026-08-02T12:48:39.423+0000] {logging_mixin.py:190} INFO - [2026-08-02T12:48:39.422+0000] {dag.py:3239} INFO - Sync 1 DAGs
[2026-08-02T12:48:39.448+0000] {logging_mixin.py:190} INFO - [2026-08-02T12:48:39.447+0000] {dag.py:4180} INFO - Setting next_dagrun for finascore_ml_pipeline to 2026-07-26 00:00:00+00:00, run_after=2026-08-02 00:00:00+00:00
[2026-08-02T12:48:39.465+0000] {processor.py:208} INFO - Processing /opt/airflow/dags/finascore_pipeline_dag.py took 0.100 seconds
[2026-08-02T12:49:09.597+0000] {processor.py:186} INFO - Started process (PID=2011) to work on /opt/airflow/dags/finascore_pipeline_dag.py
[2026-08-02T12:49:09.598+0000] {processor.py:914} INFO - Processing file /opt/airflow/dags/finascore_pipeline_dag.py for tasks to queue
[2026-08-02T12:49:09.600+0000] {logging_mixin.py:190} INFO - [2026-08-02T12:49:09.599+0000] {dagbag.py:588} INFO - Filling up the DagBag from /opt/airflow/dags/finascore_pipeline_dag.py
[2026-08-02T12:49:09.613+0000] {processor.py:925} INFO - DAG(s) 'finascore_ml_pipeline' retrieved from /opt/airflow/dags/finascore_pipeline_dag.py
[2026-08-02T12:49:09.647+0000] {logging_mixin.py:190} INFO - [2026-08-02T12:49:09.646+0000] {dag.py:3239} INFO - Sync 1 DAGs
[2026-08-02T12:49:09.670+0000] {logging_mixin.py:190} INFO - [2026-08-02T12:49:09.670+0000] {dag.py:4180} INFO - Setting next_dagrun for finascore_ml_pipeline to 2026-07-26 00:00:00+00:00, run_after=2026-08-02 00:00:00+00:00
[2026-08-02T12:49:09.686+0000] {processor.py:208} INFO - Processing /opt/airflow/dags/finascore_pipeline_dag.py took 0.096 seconds
[2026-08-02T12:49:39.737+0000] {processor.py:186} INFO - Started process (PID=2016) to work on /opt/airflow/dags/finascore_pipeline_dag.py
[2026-08-02T12:49:39.738+0000] {processor.py:914} INFO - Processing file /opt/airflow/dags/finascore_pipeline_dag.py for tasks to queue
[2026-08-02T12:49:39.740+0000] {logging_mixin.py:190} INFO - [2026-08-02T12:49:39.739+0000] {dagbag.py:588} INFO - Filling up the DagBag from /opt/airflow/dags/finascore_pipeline_dag.py
[2026-08-02T12:49:39.753+0000] {processor.py:925} INFO - DAG(s) 'finascore_ml_pipeline' retrieved from /opt/airflow/dags/finascore_pipeline_dag.py
[2026-08-02T12:49:39.787+0000] {logging_mixin.py:190} INFO - [2026-08-02T12:49:39.787+0000] {dag.py:3239} INFO - Sync 1 DAGs
[2026-08-02T12:49:39.813+0000] {logging_mixin.py:190} INFO - [2026-08-02T12:49:39.813+0000] {dag.py:4180} INFO - Setting next_dagrun for finascore_ml_pipeline to 2026-07-26 00:00:00+00:00, run_after=2026-08-02 00:00:00+00:00
[2026-08-02T12:49:39.831+0000] {processor.py:208} INFO - Processing /opt/airflow/dags/finascore_pipeline_dag.py took 0.102 seconds
[2026-08-02T12:50:09.956+0000] {processor.py:186} INFO - Started process (PID=2021) to work on /opt/airflow/dags/finascore_pipeline_dag.py
[2026-08-02T12:50:09.957+0000] {processor.py:914} INFO - Processing file /opt/airflow/dags/finascore_pipeline_dag.py for tasks to queue
[2026-08-02T12:50:09.958+0000] {logging_mixin.py:190} INFO - [2026-08-02T12:50:09.958+0000] {dagbag.py:588} INFO - Filling up the DagBag from /opt/airflow/dags/finascore_pipeline_dag.py
[2026-08-02T12:50:09.972+0000] {processor.py:925} INFO - DAG(s) 'finascore_ml_pipeline' retrieved from /opt/airflow/dags/finascore_pipeline_dag.py
[2026-08-02T12:50:10.009+0000] {logging_mixin.py:190} INFO - [2026-08-02T12:50:10.009+0000] {dag.py:3239} INFO - Sync 1 DAGs
[2026-08-02T12:50:10.034+0000] {logging_mixin.py:190} INFO - [2026-08-02T12:50:10.034+0000] {dag.py:4180} INFO - Setting next_dagrun for finascore_ml_pipeline to 2026-07-26 00:00:00+00:00, run_after=2026-08-02 00:00:00+00:00
[2026-08-02T12:50:10.053+0000] {processor.py:208} INFO - Processing /opt/airflow/dags/finascore_pipeline_dag.py took 0.104 seconds
[2026-08-02T12:50:40.093+0000] {processor.py:186} INFO - Started process (PID=2026) to work on /opt/airflow/dags/finascore_pipeline_dag.py
[2026-08-02T12:50:40.095+0000] {processor.py:914} INFO - Processing file /opt/airflow/dags/finascore_pipeline_dag.py for tasks to queue
[2026-08-02T12:50:40.096+0000] {logging_mixin.py:190} INFO - [2026-08-02T12:50:40.096+0000] {dagbag.py:588} INFO - Filling up the DagBag from /opt/airflow/dags/finascore_pipeline_dag.py
[2026-08-02T12:50:40.110+0000] {processor.py:925} INFO - DAG(s) 'finascore_ml_pipeline' retrieved from /opt/airflow/dags/finascore_pipeline_dag.py
[2026-08-02T12:50:40.142+0000] {logging_mixin.py:190} INFO - [2026-08-02T12:50:40.142+0000] {dag.py:3239} INFO - Sync 1 DAGs
[2026-08-02T12:50:40.167+0000] {logging_mixin.py:190} INFO - [2026-08-02T12:50:40.167+0000] {dag.py:4180} INFO - Setting next_dagrun for finascore_ml_pipeline to 2026-07-26 00:00:00+00:00, run_after=2026-08-02 00:00:00+00:00
[2026-08-02T12:50:40.183+0000] {processor.py:208} INFO - Processing /opt/airflow/dags/finascore_pipeline_dag.py took 0.097 seconds
[2026-08-02T12:51:10.234+0000] {processor.py:186} INFO - Started process (PID=2031) to work on /opt/airflow/dags/finascore_pipeline_dag.py
[2026-08-02T12:51:10.235+0000] {processor.py:914} INFO - Processing file /opt/airflow/dags/finascore_pipeline_dag.py for tasks to queue
[2026-08-02T12:51:10.237+0000] {logging_mixin.py:190} INFO - [2026-08-02T12:51:10.236+0000] {dagbag.py:588} INFO - Filling up the DagBag from /opt/airflow/dags/finascore_pipeline_dag.py
[2026-08-02T12:51:10.252+0000] {processor.py:925} INFO - DAG(s) 'finascore_ml_pipeline' retrieved from /opt/airflow/dags/finascore_pipeline_dag.py
[2026-08-02T12:51:10.286+0000] {logging_mixin.py:190} INFO - [2026-08-02T12:51:10.286+0000] {dag.py:3239} INFO - Sync 1 DAGs
[2026-08-02T12:51:10.312+0000] {logging_mixin.py:190} INFO - [2026-08-02T12:51:10.312+0000] {dag.py:4180} INFO - Setting next_dagrun for finascore_ml_pipeline to 2026-07-26 00:00:00+00:00, run_after=2026-08-02 00:00:00+00:00
[2026-08-02T12:51:10.329+0000] {processor.py:208} INFO - Processing /opt/airflow/dags/finascore_pipeline_dag.py took 0.102 seconds
[2026-08-02T12:51:40.444+0000] {processor.py:186} INFO - Started process (PID=2036) to work on /opt/airflow/dags/finascore_pipeline_dag.py
[2026-08-02T12:51:40.446+0000] {processor.py:914} INFO - Processing file /opt/airflow/dags/finascore_pipeline_dag.py for tasks to queue
[2026-08-02T12:51:40.447+0000] {logging_mixin.py:190} INFO - [2026-08-02T12:51:40.447+0000] {dagbag.py:588} INFO - Filling up the DagBag from /opt/airflow/dags/finascore_pipeline_dag.py
[2026-08-02T12:51:40.461+0000] {processor.py:925} INFO - DAG(s) 'finascore_ml_pipeline' retrieved from /opt/airflow/dags/finascore_pipeline_dag.py
[2026-08-02T12:51:40.495+0000] {logging_mixin.py:190} INFO - [2026-08-02T12:51:40.495+0000] {dag.py:3239} INFO - Sync 1 DAGs
[2026-08-02T12:51:40.520+0000] {logging_mixin.py:190} INFO - [2026-08-02T12:51:40.520+0000] {dag.py:4180} INFO - Setting next_dagrun for finascore_ml_pipeline to 2026-07-26 00:00:00+00:00, run_after=2026-08-02 00:00:00+00:00
[2026-08-02T12:51:40.537+0000] {processor.py:208} INFO - Processing /opt/airflow/dags/finascore_pipeline_dag.py took 0.100 seconds
[2026-08-02T12:52:10.592+0000] {processor.py:186} INFO - Started process (PID=2041) to work on /opt/airflow/dags/finascore_pipeline_dag.py
[2026-08-02T12:52:10.593+0000] {processor.py:914} INFO - Processing file /opt/airflow/dags/finascore_pipeline_dag.py for tasks to queue
[2026-08-02T12:52:10.594+0000] {logging_mixin.py:190} INFO - [2026-08-02T12:52:10.594+0000] {dagbag.py:588} INFO - Filling up the DagBag from /opt/airflow/dags/finascore_pipeline_dag.py
[2026-08-02T12:52:10.608+0000] {processor.py:925} INFO - DAG(s) 'finascore_ml_pipeline' retrieved from /opt/airflow/dags/finascore_pipeline_dag.py
[2026-08-02T12:52:10.642+0000] {logging_mixin.py:190} INFO - [2026-08-02T12:52:10.642+0000] {dag.py:3239} INFO - Sync 1 DAGs
[2026-08-02T12:52:10.669+0000] {logging_mixin.py:190} INFO - [2026-08-02T12:52:10.669+0000] {dag.py:4180} INFO - Setting next_dagrun for finascore_ml_pipeline to 2026-07-26 00:00:00+00:00, run_after=2026-08-02 00:00:00+00:00
[2026-08-02T12:52:10.685+0000] {processor.py:208} INFO - Processing /opt/airflow/dags/finascore_pipeline_dag.py took 0.100 seconds
[2026-08-02T12:52:40.795+0000] {processor.py:186} INFO - Started process (PID=2046) to work on /opt/airflow/dags/finascore_pipeline_dag.py
[2026-08-02T12:52:40.796+0000] {processor.py:914} INFO - Processing file /opt/airflow/dags/finascore_pipeline_dag.py for tasks to queue
[2026-08-02T12:52:40.798+0000] {logging_mixin.py:190} INFO - [2026-08-02T12:52:40.797+0000] {dagbag.py:588} INFO - Filling up the DagBag from /opt/airflow/dags/finascore_pipeline_dag.py
[2026-08-02T12:52:40.812+0000] {processor.py:925} INFO - DAG(s) 'finascore_ml_pipeline' retrieved from /opt/airflow/dags/finascore_pipeline_dag.py
[2026-08-02T12:52:40.846+0000] {logging_mixin.py:190} INFO - [2026-08-02T12:52:40.846+0000] {dag.py:3239} INFO - Sync 1 DAGs
[2026-08-02T12:52:40.869+0000] {logging_mixin.py:190} INFO - [2026-08-02T12:52:40.869+0000] {dag.py:4180} INFO - Setting next_dagrun for finascore_ml_pipeline to 2026-07-26 00:00:00+00:00, run_after=2026-08-02 00:00:00+00:00
[2026-08-02T12:52:40.888+0000] {processor.py:208} INFO - Processing /opt/airflow/dags/finascore_pipeline_dag.py took 0.100 seconds
[2026-08-02T12:53:10.965+0000] {processor.py:186} INFO - Started process (PID=2051) to work on /opt/airflow/dags/finascore_pipeline_dag.py
[2026-08-02T12:53:10.966+0000] {processor.py:914} INFO - Processing file /opt/airflow/dags/finascore_pipeline_dag.py for tasks to queue
[2026-08-02T12:53:10.967+0000] {logging_mixin.py:190} INFO - [2026-08-02T12:53:10.966+0000] {dagbag.py:588} INFO - Filling up the DagBag from /opt/airflow/dags/finascore_pipeline_dag.py
[2026-08-02T12:53:10.981+0000] {processor.py:925} INFO - DAG(s) 'finascore_ml_pipeline' retrieved from /opt/airflow/dags/finascore_pipeline_dag.py
[2026-08-02T12:53:11.014+0000] {logging_mixin.py:190} INFO - [2026-08-02T12:53:11.013+0000] {dag.py:3239} INFO - Sync 1 DAGs
[2026-08-02T12:53:11.041+0000] {logging_mixin.py:190} INFO - [2026-08-02T12:53:11.040+0000] {dag.py:4180} INFO - Setting next_dagrun for finascore_ml_pipeline to 2026-07-26 00:00:00+00:00, run_after=2026-08-02 00:00:00+00:00
[2026-08-02T12:53:11.058+0000] {processor.py:208} INFO - Processing /opt/airflow/dags/finascore_pipeline_dag.py took 0.100 seconds
[2026-08-02T12:53:41.172+0000] {processor.py:186} INFO - Started process (PID=2056) to work on /opt/airflow/dags/finascore_pipeline_dag.py
[2026-08-02T12:53:41.173+0000] {processor.py:914} INFO - Processing file /opt/airflow/dags/finascore_pipeline_dag.py for tasks to queue
[2026-08-02T12:53:41.175+0000] {logging_mixin.py:190} INFO - [2026-08-02T12:53:41.174+0000] {dagbag.py:588} INFO - Filling up the DagBag from /opt/airflow/dags/finascore_pipeline_dag.py
[2026-08-02T12:53:41.189+0000] {processor.py:925} INFO - DAG(s) 'finascore_ml_pipeline' retrieved from /opt/airflow/dags/finascore_pipeline_dag.py
[2026-08-02T12:53:41.237+0000] {logging_mixin.py:190} INFO - [2026-08-02T12:53:41.237+0000] {dag.py:3239} INFO - Sync 1 DAGs
[2026-08-02T12:53:41.263+0000] {logging_mixin.py:190} INFO - [2026-08-02T12:53:41.263+0000] {dag.py:4180} INFO - Setting next_dagrun for finascore_ml_pipeline to 2026-07-26 00:00:00+00:00, run_after=2026-08-02 00:00:00+00:00
[2026-08-02T12:53:41.281+0000] {processor.py:208} INFO - Processing /opt/airflow/dags/finascore_pipeline_dag.py took 0.116 seconds
[2026-08-02T12:54:11.341+0000] {processor.py:186} INFO - Started process (PID=2061) to work on /opt/airflow/dags/finascore_pipeline_dag.py
[2026-08-02T12:54:11.342+0000] {processor.py:914} INFO - Processing file /opt/airflow/dags/finascore_pipeline_dag.py for tasks to queue
[2026-08-02T12:54:11.343+0000] {logging_mixin.py:190} INFO - [2026-08-02T12:54:11.343+0000] {dagbag.py:588} INFO - Filling up the DagBag from /opt/airflow/dags/finascore_pipeline_dag.py
[2026-08-02T12:54:11.358+0000] {processor.py:925} INFO - DAG(s) 'finascore_ml_pipeline' retrieved from /opt/airflow/dags/finascore_pipeline_dag.py
[2026-08-02T12:54:11.392+0000] {logging_mixin.py:190} INFO - [2026-08-02T12:54:11.391+0000] {dag.py:3239} INFO - Sync 1 DAGs
[2026-08-02T12:54:11.418+0000] {logging_mixin.py:190} INFO - [2026-08-02T12:54:11.418+0000] {dag.py:4180} INFO - Setting next_dagrun for finascore_ml_pipeline to 2026-07-26 00:00:00+00:00, run_after=2026-08-02 00:00:00+00:00
[2026-08-02T12:54:11.434+0000] {processor.py:208} INFO - Processing /opt/airflow/dags/finascore_pipeline_dag.py took 0.100 seconds
[2026-08-02T12:54:41.551+0000] {processor.py:186} INFO - Started process (PID=2066) to work on /opt/airflow/dags/finascore_pipeline_dag.py
[2026-08-02T12:54:41.552+0000] {processor.py:914} INFO - Processing file /opt/airflow/dags/finascore_pipeline_dag.py for tasks to queue
[2026-08-02T12:54:41.553+0000] {logging_mixin.py:190} INFO - [2026-08-02T12:54:41.553+0000] {dagbag.py:588} INFO - Filling up the DagBag from /opt/airflow/dags/finascore_pipeline_dag.py
[2026-08-02T12:54:41.570+0000] {processor.py:925} INFO - DAG(s) 'finascore_ml_pipeline' retrieved from /opt/airflow/dags/finascore_pipeline_dag.py
[2026-08-02T12:54:41.603+0000] {logging_mixin.py:190} INFO - [2026-08-02T12:54:41.603+0000] {dag.py:3239} INFO - Sync 1 DAGs
[2026-08-02T12:54:41.626+0000] {logging_mixin.py:190} INFO - [2026-08-02T12:54:41.626+0000] {dag.py:4180} INFO - Setting next_dagrun for finascore_ml_pipeline to 2026-07-26 00:00:00+00:00, run_after=2026-08-02 00:00:00+00:00
[2026-08-02T12:54:41.643+0000] {processor.py:208} INFO - Processing /opt/airflow/dags/finascore_pipeline_dag.py took 0.100 seconds
[2026-08-02T12:55:11.718+0000] {processor.py:186} INFO - Started process (PID=2071) to work on /opt/airflow/dags/finascore_pipeline_dag.py
[2026-08-02T12:55:11.719+0000] {processor.py:914} INFO - Processing file /opt/airflow/dags/finascore_pipeline_dag.py for tasks to queue
[2026-08-02T12:55:11.721+0000] {logging_mixin.py:190} INFO - [2026-08-02T12:55:11.720+0000] {dagbag.py:588} INFO - Filling up the DagBag from /opt/airflow/dags/finascore_pipeline_dag.py
[2026-08-02T12:55:11.735+0000] {processor.py:925} INFO - DAG(s) 'finascore_ml_pipeline' retrieved from /opt/airflow/dags/finascore_pipeline_dag.py
[2026-08-02T12:55:11.769+0000] {logging_mixin.py:190} INFO - [2026-08-02T12:55:11.769+0000] {dag.py:3239} INFO - Sync 1 DAGs
[2026-08-02T12:55:11.796+0000] {logging_mixin.py:190} INFO - [2026-08-02T12:55:11.795+0000] {dag.py:4180} INFO - Setting next_dagrun for finascore_ml_pipeline to 2026-07-26 00:00:00+00:00, run_after=2026-08-02 00:00:00+00:00
[2026-08-02T12:55:11.812+0000] {processor.py:208} INFO - Processing /opt/airflow/dags/finascore_pipeline_dag.py took 0.101 seconds
[2026-08-02T12:55:41.931+0000] {processor.py:186} INFO - Started process (PID=2076) to work on /opt/airflow/dags/finascore_pipeline_dag.py
[2026-08-02T12:55:41.933+0000] {processor.py:914} INFO - Processing file /opt/airflow/dags/finascore_pipeline_dag.py for tasks to queue
[2026-08-02T12:55:41.934+0000] {logging_mixin.py:190} INFO - [2026-08-02T12:55:41.934+0000] {dagbag.py:588} INFO - Filling up the DagBag from /opt/airflow/dags/finascore_pipeline_dag.py
[2026-08-02T12:55:41.951+0000] {processor.py:925} INFO - DAG(s) 'finascore_ml_pipeline' retrieved from /opt/airflow/dags/finascore_pipeline_dag.py
[2026-08-02T12:55:41.984+0000] {logging_mixin.py:190} INFO - [2026-08-02T12:55:41.983+0000] {dag.py:3239} INFO - Sync 1 DAGs
[2026-08-02T12:55:42.009+0000] {logging_mixin.py:190} INFO - [2026-08-02T12:55:42.008+0000] {dag.py:4180} INFO - Setting next_dagrun for finascore_ml_pipeline to 2026-07-26 00:00:00+00:00, run_after=2026-08-02 00:00:00+00:00
[2026-08-02T12:55:42.025+0000] {processor.py:208} INFO - Processing /opt/airflow/dags/finascore_pipeline_dag.py took 0.101 seconds
[2026-08-02T12:56:12.101+0000] {processor.py:186} INFO - Started process (PID=2081) to work on /opt/airflow/dags/finascore_pipeline_dag.py
[2026-08-02T12:56:12.103+0000] {processor.py:914} INFO - Processing file /opt/airflow/dags/finascore_pipeline_dag.py for tasks to queue
[2026-08-02T12:56:12.104+0000] {logging_mixin.py:190} INFO - [2026-08-02T12:56:12.104+0000] {dagbag.py:588} INFO - Filling up the DagBag from /opt/airflow/dags/finascore_pipeline_dag.py
[2026-08-02T12:56:12.118+0000] {processor.py:925} INFO - DAG(s) 'finascore_ml_pipeline' retrieved from /opt/airflow/dags/finascore_pipeline_dag.py
[2026-08-02T12:56:12.151+0000] {logging_mixin.py:190} INFO - [2026-08-02T12:56:12.151+0000] {dag.py:3239} INFO - Sync 1 DAGs
[2026-08-02T12:56:12.179+0000] {logging_mixin.py:190} INFO - [2026-08-02T12:56:12.179+0000] {dag.py:4180} INFO - Setting next_dagrun for finascore_ml_pipeline to 2026-07-26 00:00:00+00:00, run_after=2026-08-02 00:00:00+00:00
[2026-08-02T12:56:12.194+0000] {processor.py:208} INFO - Processing /opt/airflow/dags/finascore_pipeline_dag.py took 0.099 seconds
[2026-08-02T12:56:42.309+0000] {processor.py:186} INFO - Started process (PID=2086) to work on /opt/airflow/dags/finascore_pipeline_dag.py
[2026-08-02T12:56:42.311+0000] {processor.py:914} INFO - Processing file /opt/airflow/dags/finascore_pipeline_dag.py for tasks to queue
[2026-08-02T12:56:42.312+0000] {logging_mixin.py:190} INFO - [2026-08-02T12:56:42.312+0000] {dagbag.py:588} INFO - Filling up the DagBag from /opt/airflow/dags/finascore_pipeline_dag.py
[2026-08-02T12:56:42.329+0000] {processor.py:925} INFO - DAG(s) 'finascore_ml_pipeline' retrieved from /opt/airflow/dags/finascore_pipeline_dag.py
[2026-08-02T12:56:42.361+0000] {logging_mixin.py:190} INFO - [2026-08-02T12:56:42.361+0000] {dag.py:3239} INFO - Sync 1 DAGs
[2026-08-02T12:56:42.385+0000] {logging_mixin.py:190} INFO - [2026-08-02T12:56:42.384+0000] {dag.py:4180} INFO - Setting next_dagrun for finascore_ml_pipeline to 2026-07-26 00:00:00+00:00, run_after=2026-08-02 00:00:00+00:00
[2026-08-02T12:56:42.399+0000] {processor.py:208} INFO - Processing /opt/airflow/dags/finascore_pipeline_dag.py took 0.097 seconds
[2026-08-02T12:57:12.479+0000] {processor.py:186} INFO - Started process (PID=2091) to work on /opt/airflow/dags/finascore_pipeline_dag.py
[2026-08-02T12:57:12.481+0000] {processor.py:914} INFO - Processing file /opt/airflow/dags/finascore_pipeline_dag.py for tasks to queue
[2026-08-02T12:57:12.482+0000] {logging_mixin.py:190} INFO - [2026-08-02T12:57:12.481+0000] {dagbag.py:588} INFO - Filling up the DagBag from /opt/airflow/dags/finascore_pipeline_dag.py
[2026-08-02T12:57:12.496+0000] {processor.py:925} INFO - DAG(s) 'finascore_ml_pipeline' retrieved from /opt/airflow/dags/finascore_pipeline_dag.py
[2026-08-02T12:57:12.531+0000] {logging_mixin.py:190} INFO - [2026-08-02T12:57:12.530+0000] {dag.py:3239} INFO - Sync 1 DAGs
[2026-08-02T12:57:12.555+0000] {logging_mixin.py:190} INFO - [2026-08-02T12:57:12.555+0000] {dag.py:4180} INFO - Setting next_dagrun for finascore_ml_pipeline to 2026-07-26 00:00:00+00:00, run_after=2026-08-02 00:00:00+00:00
[2026-08-02T12:57:12.572+0000] {processor.py:208} INFO - Processing /opt/airflow/dags/finascore_pipeline_dag.py took 0.100 seconds
[2026-08-02T12:57:42.675+0000] {processor.py:186} INFO - Started process (PID=2096) to work on /opt/airflow/dags/finascore_pipeline_dag.py
[2026-08-02T12:57:42.677+0000] {processor.py:914} INFO - Processing file /opt/airflow/dags/finascore_pipeline_dag.py for tasks to queue
[2026-08-02T12:57:42.678+0000] {logging_mixin.py:190} INFO - [2026-08-02T12:57:42.677+0000] {dagbag.py:588} INFO - Filling up the DagBag from /opt/airflow/dags/finascore_pipeline_dag.py
[2026-08-02T12:57:42.694+0000] {processor.py:925} INFO - DAG(s) 'finascore_ml_pipeline' retrieved from /opt/airflow/dags/finascore_pipeline_dag.py
[2026-08-02T12:57:42.726+0000] {logging_mixin.py:190} INFO - [2026-08-02T12:57:42.726+0000] {dag.py:3239} INFO - Sync 1 DAGs
[2026-08-02T12:57:42.751+0000] {logging_mixin.py:190} INFO - [2026-08-02T12:57:42.750+0000] {dag.py:4180} INFO - Setting next_dagrun for finascore_ml_pipeline to 2026-07-26 00:00:00+00:00, run_after=2026-08-02 00:00:00+00:00
[2026-08-02T12:57:42.768+0000] {processor.py:208} INFO - Processing /opt/airflow/dags/finascore_pipeline_dag.py took 0.100 seconds
[2026-08-02T12:58:12.844+0000] {processor.py:186} INFO - Started process (PID=2101) to work on /opt/airflow/dags/finascore_pipeline_dag.py
[2026-08-02T12:58:12.845+0000] {processor.py:914} INFO - Processing file /opt/airflow/dags/finascore_pipeline_dag.py for tasks to queue
[2026-08-02T12:58:12.846+0000] {logging_mixin.py:190} INFO - [2026-08-02T12:58:12.846+0000] {dagbag.py:588} INFO - Filling up the DagBag from /opt/airflow/dags/finascore_pipeline_dag.py
[2026-08-02T12:58:12.860+0000] {processor.py:925} INFO - DAG(s) 'finascore_ml_pipeline' retrieved from /opt/airflow/dags/finascore_pipeline_dag.py
[2026-08-02T12:58:12.894+0000] {logging_mixin.py:190} INFO - [2026-08-02T12:58:12.894+0000] {dag.py:3239} INFO - Sync 1 DAGs
[2026-08-02T12:58:12.917+0000] {logging_mixin.py:190} INFO - [2026-08-02T12:58:12.917+0000] {dag.py:4180} INFO - Setting next_dagrun for finascore_ml_pipeline to 2026-07-26 00:00:00+00:00, run_after=2026-08-02 00:00:00+00:00
[2026-08-02T12:58:12.935+0000] {processor.py:208} INFO - Processing /opt/airflow/dags/finascore_pipeline_dag.py took 0.098 seconds
[2026-08-02T12:58:43.032+0000] {processor.py:186} INFO - Started process (PID=2106) to work on /opt/airflow/dags/finascore_pipeline_dag.py
[2026-08-02T12:58:43.034+0000] {processor.py:914} INFO - Processing file /opt/airflow/dags/finascore_pipeline_dag.py for tasks to queue
[2026-08-02T12:58:43.035+0000] {logging_mixin.py:190} INFO - [2026-08-02T12:58:43.035+0000] {dagbag.py:588} INFO - Filling up the DagBag from /opt/airflow/dags/finascore_pipeline_dag.py
[2026-08-02T12:58:43.049+0000] {processor.py:925} INFO - DAG(s) 'finascore_ml_pipeline' retrieved from /opt/airflow/dags/finascore_pipeline_dag.py
[2026-08-02T12:58:43.086+0000] {logging_mixin.py:190} INFO - [2026-08-02T12:58:43.086+0000] {dag.py:3239} INFO - Sync 1 DAGs
[2026-08-02T12:58:43.110+0000] {logging_mixin.py:190} INFO - [2026-08-02T12:58:43.110+0000] {dag.py:4180} INFO - Setting next_dagrun for finascore_ml_pipeline to 2026-07-26 00:00:00+00:00, run_after=2026-08-02 00:00:00+00:00
[2026-08-02T12:58:43.127+0000] {processor.py:208} INFO - Processing /opt/airflow/dags/finascore_pipeline_dag.py took 0.102 seconds
[2026-08-02T12:59:13.213+0000] {processor.py:186} INFO - Started process (PID=2111) to work on /opt/airflow/dags/finascore_pipeline_dag.py
[2026-08-02T12:59:13.214+0000] {processor.py:914} INFO - Processing file /opt/airflow/dags/finascore_pipeline_dag.py for tasks to queue
[2026-08-02T12:59:13.215+0000] {logging_mixin.py:190} INFO - [2026-08-02T12:59:13.215+0000] {dagbag.py:588} INFO - Filling up the DagBag from /opt/airflow/dags/finascore_pipeline_dag.py
[2026-08-02T12:59:13.242+0000] {processor.py:925} INFO - DAG(s) 'finascore_ml_pipeline' retrieved from /opt/airflow/dags/finascore_pipeline_dag.py
[2026-08-02T12:59:13.278+0000] {logging_mixin.py:190} INFO - [2026-08-02T12:59:13.277+0000] {dag.py:3239} INFO - Sync 1 DAGs
[2026-08-02T12:59:13.302+0000] {logging_mixin.py:190} INFO - [2026-08-02T12:59:13.301+0000] {dag.py:4180} INFO - Setting next_dagrun for finascore_ml_pipeline to 2026-07-26 00:00:00+00:00, run_after=2026-08-02 00:00:00+00:00
[2026-08-02T12:59:13.317+0000] {processor.py:208} INFO - Processing /opt/airflow/dags/finascore_pipeline_dag.py took 0.110 seconds
[2026-08-02T12:59:43.416+0000] {processor.py:186} INFO - Started process (PID=2116) to work on /opt/airflow/dags/finascore_pipeline_dag.py
[2026-08-02T12:59:43.418+0000] {processor.py:914} INFO - Processing file /opt/airflow/dags/finascore_pipeline_dag.py for tasks to queue
[2026-08-02T12:59:43.419+0000] {logging_mixin.py:190} INFO - [2026-08-02T12:59:43.418+0000] {dagbag.py:588} INFO - Filling up the DagBag from /opt/airflow/dags/finascore_pipeline_dag.py
[2026-08-02T12:59:43.433+0000] {processor.py:925} INFO - DAG(s) 'finascore_ml_pipeline' retrieved from /opt/airflow/dags/finascore_pipeline_dag.py
[2026-08-02T12:59:43.469+0000] {logging_mixin.py:190} INFO - [2026-08-02T12:59:43.469+0000] {dag.py:3239} INFO - Sync 1 DAGs
[2026-08-02T12:59:43.493+0000] {logging_mixin.py:190} INFO - [2026-08-02T12:59:43.493+0000] {dag.py:4180} INFO - Setting next_dagrun for finascore_ml_pipeline to 2026-07-26 00:00:00+00:00, run_after=2026-08-02 00:00:00+00:00
[2026-08-02T12:59:43.509+0000] {processor.py:208} INFO - Processing /opt/airflow/dags/finascore_pipeline_dag.py took 0.101 seconds
[2026-08-02T13:00:13.599+0000] {processor.py:186} INFO - Started process (PID=2121) to work on /opt/airflow/dags/finascore_pipeline_dag.py
[2026-08-02T13:00:13.599+0000] {processor.py:914} INFO - Processing file /opt/airflow/dags/finascore_pipeline_dag.py for tasks to queue
[2026-08-02T13:00:13.601+0000] {logging_mixin.py:190} INFO - [2026-08-02T13:00:13.601+0000] {dagbag.py:588} INFO - Filling up the DagBag from /opt/airflow/dags/finascore_pipeline_dag.py
[2026-08-02T13:00:13.614+0000] {processor.py:925} INFO - DAG(s) 'finascore_ml_pipeline' retrieved from /opt/airflow/dags/finascore_pipeline_dag.py
[2026-08-02T13:00:13.650+0000] {logging_mixin.py:190} INFO - [2026-08-02T13:00:13.649+0000] {dag.py:3239} INFO - Sync 1 DAGs
[2026-08-02T13:00:13.675+0000] {logging_mixin.py:190} INFO - [2026-08-02T13:00:13.675+0000] {dag.py:4180} INFO - Setting next_dagrun for finascore_ml_pipeline to 2026-07-26 00:00:00+00:00, run_after=2026-08-02 00:00:00+00:00
[2026-08-02T13:00:13.692+0000] {processor.py:208} INFO - Processing /opt/airflow/dags/finascore_pipeline_dag.py took 0.100 seconds
[2026-08-02T13:00:43.782+0000] {processor.py:186} INFO - Started process (PID=2126) to work on /opt/airflow/dags/finascore_pipeline_dag.py
[2026-08-02T13:00:43.784+0000] {processor.py:914} INFO - Processing file /opt/airflow/dags/finascore_pipeline_dag.py for tasks to queue
[2026-08-02T13:00:43.786+0000] {logging_mixin.py:190} INFO - [2026-08-02T13:00:43.785+0000] {dagbag.py:588} INFO - Filling up the DagBag from /opt/airflow/dags/finascore_pipeline_dag.py
[2026-08-02T13:00:43.799+0000] {processor.py:925} INFO - DAG(s) 'finascore_ml_pipeline' retrieved from /opt/airflow/dags/finascore_pipeline_dag.py
[2026-08-02T13:00:43.833+0000] {logging_mixin.py:190} INFO - [2026-08-02T13:00:43.833+0000] {dag.py:3239} INFO - Sync 1 DAGs
[2026-08-02T13:00:43.856+0000] {logging_mixin.py:190} INFO - [2026-08-02T13:00:43.856+0000] {dag.py:4180} INFO - Setting next_dagrun for finascore_ml_pipeline to 2026-07-26 00:00:00+00:00, run_after=2026-08-02 00:00:00+00:00
[2026-08-02T13:00:43.873+0000] {processor.py:208} INFO - Processing /opt/airflow/dags/finascore_pipeline_dag.py took 0.098 seconds
[2026-08-02T13:01:13.962+0000] {processor.py:186} INFO - Started process (PID=2131) to work on /opt/airflow/dags/finascore_pipeline_dag.py
[2026-08-02T13:01:13.963+0000] {processor.py:914} INFO - Processing file /opt/airflow/dags/finascore_pipeline_dag.py for tasks to queue
[2026-08-02T13:01:13.964+0000] {logging_mixin.py:190} INFO - [2026-08-02T13:01:13.964+0000] {dagbag.py:588} INFO - Filling up the DagBag from /opt/airflow/dags/finascore_pipeline_dag.py
[2026-08-02T13:01:13.978+0000] {processor.py:925} INFO - DAG(s) 'finascore_ml_pipeline' retrieved from /opt/airflow/dags/finascore_pipeline_dag.py
[2026-08-02T13:01:14.012+0000] {logging_mixin.py:190} INFO - [2026-08-02T13:01:14.011+0000] {dag.py:3239} INFO - Sync 1 DAGs
[2026-08-02T13:01:14.036+0000] {logging_mixin.py:190} INFO - [2026-08-02T13:01:14.036+0000] {dag.py:4180} INFO - Setting next_dagrun for finascore_ml_pipeline to 2026-07-26 00:00:00+00:00, run_after=2026-08-02 00:00:00+00:00
[2026-08-02T13:01:14.054+0000] {processor.py:208} INFO - Processing /opt/airflow/dags/finascore_pipeline_dag.py took 0.099 seconds
[2026-08-02T13:01:44.141+0000] {processor.py:186} INFO - Started process (PID=2136) to work on /opt/airflow/dags/finascore_pipeline_dag.py
[2026-08-02T13:01:44.142+0000] {processor.py:914} INFO - Processing file /opt/airflow/dags/finascore_pipeline_dag.py for tasks to queue
[2026-08-02T13:01:44.144+0000] {logging_mixin.py:190} INFO - [2026-08-02T13:01:44.143+0000] {dagbag.py:588} INFO - Filling up the DagBag from /opt/airflow/dags/finascore_pipeline_dag.py
[2026-08-02T13:01:44.158+0000] {processor.py:925} INFO - DAG(s) 'finascore_ml_pipeline' retrieved from /opt/airflow/dags/finascore_pipeline_dag.py
[2026-08-02T13:01:44.194+0000] {logging_mixin.py:190} INFO - [2026-08-02T13:01:44.193+0000] {dag.py:3239} INFO - Sync 1 DAGs
[2026-08-02T13:01:44.218+0000] {logging_mixin.py:190} INFO - [2026-08-02T13:01:44.217+0000] {dag.py:4180} INFO - Setting next_dagrun for finascore_ml_pipeline to 2026-07-26 00:00:00+00:00, run_after=2026-08-02 00:00:00+00:00
[2026-08-02T13:01:44.234+0000] {processor.py:208} INFO - Processing /opt/airflow/dags/finascore_pipeline_dag.py took 0.100 seconds
[2026-08-02T13:02:14.342+0000] {processor.py:186} INFO - Started process (PID=2141) to work on /opt/airflow/dags/finascore_pipeline_dag.py
[2026-08-02T13:02:14.342+0000] {processor.py:914} INFO - Processing file /opt/airflow/dags/finascore_pipeline_dag.py for tasks to queue
[2026-08-02T13:02:14.344+0000] {logging_mixin.py:190} INFO - [2026-08-02T13:02:14.343+0000] {dagbag.py:588} INFO - Filling up the DagBag from /opt/airflow/dags/finascore_pipeline_dag.py
[2026-08-02T13:02:14.358+0000] {processor.py:925} INFO - DAG(s) 'finascore_ml_pipeline' retrieved from /opt/airflow/dags/finascore_pipeline_dag.py
[2026-08-02T13:02:14.392+0000] {logging_mixin.py:190} INFO - [2026-08-02T13:02:14.391+0000] {dag.py:3239} INFO - Sync 1 DAGs
[2026-08-02T13:02:14.417+0000] {logging_mixin.py:190} INFO - [2026-08-02T13:02:14.416+0000] {dag.py:4180} INFO - Setting next_dagrun for finascore_ml_pipeline to 2026-07-26 00:00:00+00:00, run_after=2026-08-02 00:00:00+00:00
[2026-08-02T13:02:14.433+0000] {processor.py:208} INFO - Processing /opt/airflow/dags/finascore_pipeline_dag.py took 0.098 seconds
[2026-08-02T13:02:44.524+0000] {processor.py:186} INFO - Started process (PID=2146) to work on /opt/airflow/dags/finascore_pipeline_dag.py
[2026-08-02T13:02:44.525+0000] {processor.py:914} INFO - Processing file /opt/airflow/dags/finascore_pipeline_dag.py for tasks to queue
[2026-08-02T13:02:44.527+0000] {logging_mixin.py:190} INFO - [2026-08-02T13:02:44.526+0000] {dagbag.py:588} INFO - Filling up the DagBag from /opt/airflow/dags/finascore_pipeline_dag.py
[2026-08-02T13:02:44.541+0000] {processor.py:925} INFO - DAG(s) 'finascore_ml_pipeline' retrieved from /opt/airflow/dags/finascore_pipeline_dag.py
[2026-08-02T13:02:44.578+0000] {logging_mixin.py:190} INFO - [2026-08-02T13:02:44.578+0000] {dag.py:3239} INFO - Sync 1 DAGs
[2026-08-02T13:02:44.602+0000] {logging_mixin.py:190} INFO - [2026-08-02T13:02:44.602+0000] {dag.py:4180} INFO - Setting next_dagrun for finascore_ml_pipeline to 2026-07-26 00:00:00+00:00, run_after=2026-08-02 00:00:00+00:00
[2026-08-02T13:02:44.618+0000] {processor.py:208} INFO - Processing /opt/airflow/dags/finascore_pipeline_dag.py took 0.101 seconds
[2026-08-02T13:03:14.725+0000] {processor.py:186} INFO - Started process (PID=2151) to work on /opt/airflow/dags/finascore_pipeline_dag.py
[2026-08-02T13:03:14.725+0000] {processor.py:914} INFO - Processing file /opt/airflow/dags/finascore_pipeline_dag.py for tasks to queue
[2026-08-02T13:03:14.727+0000] {logging_mixin.py:190} INFO - [2026-08-02T13:03:14.726+0000] {dagbag.py:588} INFO - Filling up the DagBag from /opt/airflow/dags/finascore_pipeline_dag.py
[2026-08-02T13:03:14.743+0000] {processor.py:925} INFO - DAG(s) 'finascore_ml_pipeline' retrieved from /opt/airflow/dags/finascore_pipeline_dag.py
[2026-08-02T13:03:14.778+0000] {logging_mixin.py:190} INFO - [2026-08-02T13:03:14.777+0000] {dag.py:3239} INFO - Sync 1 DAGs
[2026-08-02T13:03:14.803+0000] {logging_mixin.py:190} INFO - [2026-08-02T13:03:14.803+0000] {dag.py:4180} INFO - Setting next_dagrun for finascore_ml_pipeline to 2026-07-26 00:00:00+00:00, run_after=2026-08-02 00:00:00+00:00
[2026-08-02T13:03:14.821+0000] {processor.py:208} INFO - Processing /opt/airflow/dags/finascore_pipeline_dag.py took 0.103 seconds
[2026-08-02T13:03:44.887+0000] {processor.py:186} INFO - Started process (PID=2156) to work on /opt/airflow/dags/finascore_pipeline_dag.py
[2026-08-02T13:03:44.889+0000] {processor.py:914} INFO - Processing file /opt/airflow/dags/finascore_pipeline_dag.py for tasks to queue
[2026-08-02T13:03:44.890+0000] {logging_mixin.py:190} INFO - [2026-08-02T13:03:44.890+0000] {dagbag.py:588} INFO - Filling up the DagBag from /opt/airflow/dags/finascore_pipeline_dag.py
[2026-08-02T13:03:44.904+0000] {processor.py:925} INFO - DAG(s) 'finascore_ml_pipeline' retrieved from /opt/airflow/dags/finascore_pipeline_dag.py
[2026-08-02T13:03:44.941+0000] {logging_mixin.py:190} INFO - [2026-08-02T13:03:44.941+0000] {dag.py:3239} INFO - Sync 1 DAGs
[2026-08-02T13:03:44.964+0000] {logging_mixin.py:190} INFO - [2026-08-02T13:03:44.964+0000] {dag.py:4180} INFO - Setting next_dagrun for finascore_ml_pipeline to 2026-07-26 00:00:00+00:00, run_after=2026-08-02 00:00:00+00:00
[2026-08-02T13:03:44.980+0000] {processor.py:208} INFO - Processing /opt/airflow/dags/finascore_pipeline_dag.py took 0.100 seconds
[2026-08-02T13:04:15.083+0000] {processor.py:186} INFO - Started process (PID=2161) to work on /opt/airflow/dags/finascore_pipeline_dag.py
[2026-08-02T13:04:15.083+0000] {processor.py:914} INFO - Processing file /opt/airflow/dags/finascore_pipeline_dag.py for tasks to queue
[2026-08-02T13:04:15.085+0000] {logging_mixin.py:190} INFO - [2026-08-02T13:04:15.085+0000] {dagbag.py:588} INFO - Filling up the DagBag from /opt/airflow/dags/finascore_pipeline_dag.py
[2026-08-02T13:04:15.099+0000] {processor.py:925} INFO - DAG(s) 'finascore_ml_pipeline' retrieved from /opt/airflow/dags/finascore_pipeline_dag.py
[2026-08-02T13:04:15.131+0000] {logging_mixin.py:190} INFO - [2026-08-02T13:04:15.131+0000] {dag.py:3239} INFO - Sync 1 DAGs
[2026-08-02T13:04:15.156+0000] {logging_mixin.py:190} INFO - [2026-08-02T13:04:15.156+0000] {dag.py:4180} INFO - Setting next_dagrun for finascore_ml_pipeline to 2026-07-26 00:00:00+00:00, run_after=2026-08-02 00:00:00+00:00
[2026-08-02T13:04:15.171+0000] {processor.py:208} INFO - Processing /opt/airflow/dags/finascore_pipeline_dag.py took 0.095 seconds
[2026-08-02T13:04:45.255+0000] {processor.py:186} INFO - Started process (PID=2166) to work on /opt/airflow/dags/finascore_pipeline_dag.py
[2026-08-02T13:04:45.257+0000] {processor.py:914} INFO - Processing file /opt/airflow/dags/finascore_pipeline_dag.py for tasks to queue
[2026-08-02T13:04:45.258+0000] {logging_mixin.py:190} INFO - [2026-08-02T13:04:45.258+0000] {dagbag.py:588} INFO - Filling up the DagBag from /opt/airflow/dags/finascore_pipeline_dag.py
[2026-08-02T13:04:45.285+0000] {processor.py:925} INFO - DAG(s) 'finascore_ml_pipeline' retrieved from /opt/airflow/dags/finascore_pipeline_dag.py
[2026-08-02T13:04:45.322+0000] {logging_mixin.py:190} INFO - [2026-08-02T13:04:45.322+0000] {dag.py:3239} INFO - Sync 1 DAGs
[2026-08-02T13:04:45.346+0000] {logging_mixin.py:190} INFO - [2026-08-02T13:04:45.346+0000] {dag.py:4180} INFO - Setting next_dagrun for finascore_ml_pipeline to 2026-07-26 00:00:00+00:00, run_after=2026-08-02 00:00:00+00:00
[2026-08-02T13:04:45.361+0000] {processor.py:208} INFO - Processing /opt/airflow/dags/finascore_pipeline_dag.py took 0.113 seconds
[2026-08-02T13:05:15.465+0000] {processor.py:186} INFO - Started process (PID=2171) to work on /opt/airflow/dags/finascore_pipeline_dag.py
[2026-08-02T13:05:15.466+0000] {processor.py:914} INFO - Processing file /opt/airflow/dags/finascore_pipeline_dag.py for tasks to queue
[2026-08-02T13:05:15.467+0000] {logging_mixin.py:190} INFO - [2026-08-02T13:05:15.467+0000] {dagbag.py:588} INFO - Filling up the DagBag from /opt/airflow/dags/finascore_pipeline_dag.py
[2026-08-02T13:05:15.481+0000] {processor.py:925} INFO - DAG(s) 'finascore_ml_pipeline' retrieved from /opt/airflow/dags/finascore_pipeline_dag.py
[2026-08-02T13:05:15.516+0000] {logging_mixin.py:190} INFO - [2026-08-02T13:05:15.516+0000] {dag.py:3239} INFO - Sync 1 DAGs
[2026-08-02T13:05:15.541+0000] {logging_mixin.py:190} INFO - [2026-08-02T13:05:15.541+0000] {dag.py:4180} INFO - Setting next_dagrun for finascore_ml_pipeline to 2026-07-26 00:00:00+00:00, run_after=2026-08-02 00:00:00+00:00
[2026-08-02T13:05:15.558+0000] {processor.py:208} INFO - Processing /opt/airflow/dags/finascore_pipeline_dag.py took 0.101 seconds
[2026-08-02T13:05:45.632+0000] {processor.py:186} INFO - Started process (PID=2176) to work on /opt/airflow/dags/finascore_pipeline_dag.py
[2026-08-02T13:05:45.634+0000] {processor.py:914} INFO - Processing file /opt/airflow/dags/finascore_pipeline_dag.py for tasks to queue
[2026-08-02T13:05:45.635+0000] {logging_mixin.py:190} INFO - [2026-08-02T13:05:45.635+0000] {dagbag.py:588} INFO - Filling up the DagBag from /opt/airflow/dags/finascore_pipeline_dag.py
[2026-08-02T13:05:45.649+0000] {processor.py:925} INFO - DAG(s) 'finascore_ml_pipeline' retrieved from /opt/airflow/dags/finascore_pipeline_dag.py
[2026-08-02T13:05:45.685+0000] {logging_mixin.py:190} INFO - [2026-08-02T13:05:45.684+0000] {dag.py:3239} INFO - Sync 1 DAGs
[2026-08-02T13:05:45.709+0000] {logging_mixin.py:190} INFO - [2026-08-02T13:05:45.708+0000] {dag.py:4180} INFO - Setting next_dagrun for finascore_ml_pipeline to 2026-07-26 00:00:00+00:00, run_after=2026-08-02 00:00:00+00:00
[2026-08-02T13:05:45.725+0000] {processor.py:208} INFO - Processing /opt/airflow/dags/finascore_pipeline_dag.py took 0.100 seconds
[2026-08-02T13:06:15.854+0000] {processor.py:186} INFO - Started process (PID=2181) to work on /opt/airflow/dags/finascore_pipeline_dag.py
[2026-08-02T13:06:15.855+0000] {processor.py:914} INFO - Processing file /opt/airflow/dags/finascore_pipeline_dag.py for tasks to queue
[2026-08-02T13:06:15.858+0000] {logging_mixin.py:190} INFO - [2026-08-02T13:06:15.857+0000] {dagbag.py:588} INFO - Filling up the DagBag from /opt/airflow/dags/finascore_pipeline_dag.py
[2026-08-02T13:06:15.883+0000] {processor.py:925} INFO - DAG(s) 'finascore_ml_pipeline' retrieved from /opt/airflow/dags/finascore_pipeline_dag.py
[2026-08-02T13:06:15.931+0000] {logging_mixin.py:190} INFO - [2026-08-02T13:06:15.931+0000] {dag.py:3239} INFO - Sync 1 DAGs
[2026-08-02T13:06:15.968+0000] {logging_mixin.py:190} INFO - [2026-08-02T13:06:15.968+0000] {dag.py:4180} INFO - Setting next_dagrun for finascore_ml_pipeline to 2026-07-26 00:00:00+00:00, run_after=2026-08-02 00:00:00+00:00
[2026-08-02T13:06:15.988+0000] {processor.py:208} INFO - Processing /opt/airflow/dags/finascore_pipeline_dag.py took 0.149 seconds
[2026-08-02T13:06:46.018+0000] {processor.py:186} INFO - Started process (PID=2186) to work on /opt/airflow/dags/finascore_pipeline_dag.py
[2026-08-02T13:06:46.020+0000] {processor.py:914} INFO - Processing file /opt/airflow/dags/finascore_pipeline_dag.py for tasks to queue
[2026-08-02T13:06:46.021+0000] {logging_mixin.py:190} INFO - [2026-08-02T13:06:46.020+0000] {dagbag.py:588} INFO - Filling up the DagBag from /opt/airflow/dags/finascore_pipeline_dag.py
[2026-08-02T13:06:46.035+0000] {processor.py:925} INFO - DAG(s) 'finascore_ml_pipeline' retrieved from /opt/airflow/dags/finascore_pipeline_dag.py
[2026-08-02T13:06:46.069+0000] {logging_mixin.py:190} INFO - [2026-08-02T13:06:46.069+0000] {dag.py:3239} INFO - Sync 1 DAGs
[2026-08-02T13:06:46.093+0000] {logging_mixin.py:190} INFO - [2026-08-02T13:06:46.093+0000] {dag.py:4180} INFO - Setting next_dagrun for finascore_ml_pipeline to 2026-07-26 00:00:00+00:00, run_after=2026-08-02 00:00:00+00:00
[2026-08-02T13:06:46.112+0000] {processor.py:208} INFO - Processing /opt/airflow/dags/finascore_pipeline_dag.py took 0.102 seconds
[2026-08-02T13:07:16.278+0000] {processor.py:186} INFO - Started process (PID=2191) to work on /opt/airflow/dags/finascore_pipeline_dag.py
[2026-08-02T13:07:16.279+0000] {processor.py:914} INFO - Processing file /opt/airflow/dags/finascore_pipeline_dag.py for tasks to queue
[2026-08-02T13:07:16.280+0000] {logging_mixin.py:190} INFO - [2026-08-02T13:07:16.280+0000] {dagbag.py:588} INFO - Filling up the DagBag from /opt/airflow/dags/finascore_pipeline_dag.py
[2026-08-02T13:07:16.295+0000] {processor.py:925} INFO - DAG(s) 'finascore_ml_pipeline' retrieved from /opt/airflow/dags/finascore_pipeline_dag.py
[2026-08-02T13:07:16.326+0000] {logging_mixin.py:190} INFO - [2026-08-02T13:07:16.326+0000] {dag.py:3239} INFO - Sync 1 DAGs
[2026-08-02T13:07:16.350+0000] {logging_mixin.py:190} INFO - [2026-08-02T13:07:16.350+0000] {dag.py:4180} INFO - Setting next_dagrun for finascore_ml_pipeline to 2026-07-26 00:00:00+00:00, run_after=2026-08-02 00:00:00+00:00
[2026-08-02T13:07:16.366+0000] {processor.py:208} INFO - Processing /opt/airflow/dags/finascore_pipeline_dag.py took 0.095 seconds
[2026-08-02T13:07:46.428+0000] {processor.py:186} INFO - Started process (PID=2196) to work on /opt/airflow/dags/finascore_pipeline_dag.py
[2026-08-02T13:07:46.430+0000] {processor.py:914} INFO - Processing file /opt/airflow/dags/finascore_pipeline_dag.py for tasks to queue
[2026-08-02T13:07:46.431+0000] {logging_mixin.py:190} INFO - [2026-08-02T13:07:46.431+0000] {dagbag.py:588} INFO - Filling up the DagBag from /opt/airflow/dags/finascore_pipeline_dag.py
[2026-08-02T13:07:46.445+0000] {processor.py:925} INFO - DAG(s) 'finascore_ml_pipeline' retrieved from /opt/airflow/dags/finascore_pipeline_dag.py
[2026-08-02T13:07:46.478+0000] {logging_mixin.py:190} INFO - [2026-08-02T13:07:46.478+0000] {dag.py:3239} INFO - Sync 1 DAGs
[2026-08-02T13:07:46.506+0000] {logging_mixin.py:190} INFO - [2026-08-02T13:07:46.506+0000] {dag.py:4180} INFO - Setting next_dagrun for finascore_ml_pipeline to 2026-07-26 00:00:00+00:00, run_after=2026-08-02 00:00:00+00:00
[2026-08-02T13:07:46.523+0000] {processor.py:208} INFO - Processing /opt/airflow/dags/finascore_pipeline_dag.py took 0.102 seconds
[2026-08-02T13:08:16.653+0000] {processor.py:186} INFO - Started process (PID=2201) to work on /opt/airflow/dags/finascore_pipeline_dag.py
[2026-08-02T13:08:16.654+0000] {processor.py:914} INFO - Processing file /opt/airflow/dags/finascore_pipeline_dag.py for tasks to queue
[2026-08-02T13:08:16.656+0000] {logging_mixin.py:190} INFO - [2026-08-02T13:08:16.655+0000] {dagbag.py:588} INFO - Filling up the DagBag from /opt/airflow/dags/finascore_pipeline_dag.py
[2026-08-02T13:08:16.672+0000] {processor.py:925} INFO - DAG(s) 'finascore_ml_pipeline' retrieved from /opt/airflow/dags/finascore_pipeline_dag.py
[2026-08-02T13:08:16.707+0000] {logging_mixin.py:190} INFO - [2026-08-02T13:08:16.706+0000] {dag.py:3239} INFO - Sync 1 DAGs
[2026-08-02T13:08:16.731+0000] {logging_mixin.py:190} INFO - [2026-08-02T13:08:16.730+0000] {dag.py:4180} INFO - Setting next_dagrun for finascore_ml_pipeline to 2026-07-26 00:00:00+00:00, run_after=2026-08-02 00:00:00+00:00
[2026-08-02T13:08:16.749+0000] {processor.py:208} INFO - Processing /opt/airflow/dags/finascore_pipeline_dag.py took 0.107 seconds
[2026-08-02T13:08:46.789+0000] {processor.py:186} INFO - Started process (PID=2206) to work on /opt/airflow/dags/finascore_pipeline_dag.py
[2026-08-02T13:08:46.790+0000] {processor.py:914} INFO - Processing file /opt/airflow/dags/finascore_pipeline_dag.py for tasks to queue
[2026-08-02T13:08:46.792+0000] {logging_mixin.py:190} INFO - [2026-08-02T13:08:46.791+0000] {dagbag.py:588} INFO - Filling up the DagBag from /opt/airflow/dags/finascore_pipeline_dag.py
[2026-08-02T13:08:46.805+0000] {processor.py:925} INFO - DAG(s) 'finascore_ml_pipeline' retrieved from /opt/airflow/dags/finascore_pipeline_dag.py
[2026-08-02T13:08:46.840+0000] {logging_mixin.py:190} INFO - [2026-08-02T13:08:46.839+0000] {dag.py:3239} INFO - Sync 1 DAGs
[2026-08-02T13:08:46.865+0000] {logging_mixin.py:190} INFO - [2026-08-02T13:08:46.865+0000] {dag.py:4180} INFO - Setting next_dagrun for finascore_ml_pipeline to 2026-07-26 00:00:00+00:00, run_after=2026-08-02 00:00:00+00:00
[2026-08-02T13:08:46.880+0000] {processor.py:208} INFO - Processing /opt/airflow/dags/finascore_pipeline_dag.py took 0.098 seconds
[2026-08-02T13:09:17.021+0000] {processor.py:186} INFO - Started process (PID=2211) to work on /opt/airflow/dags/finascore_pipeline_dag.py
[2026-08-02T13:09:17.022+0000] {processor.py:914} INFO - Processing file /opt/airflow/dags/finascore_pipeline_dag.py for tasks to queue
[2026-08-02T13:09:17.023+0000] {logging_mixin.py:190} INFO - [2026-08-02T13:09:17.023+0000] {dagbag.py:588} INFO - Filling up the DagBag from /opt/airflow/dags/finascore_pipeline_dag.py
[2026-08-02T13:09:17.037+0000] {processor.py:925} INFO - DAG(s) 'finascore_ml_pipeline' retrieved from /opt/airflow/dags/finascore_pipeline_dag.py
[2026-08-02T13:09:17.070+0000] {logging_mixin.py:190} INFO - [2026-08-02T13:09:17.070+0000] {dag.py:3239} INFO - Sync 1 DAGs
[2026-08-02T13:09:17.095+0000] {logging_mixin.py:190} INFO - [2026-08-02T13:09:17.094+0000] {dag.py:4180} INFO - Setting next_dagrun for finascore_ml_pipeline to 2026-07-26 00:00:00+00:00, run_after=2026-08-02 00:00:00+00:00
[2026-08-02T13:09:17.109+0000] {processor.py:208} INFO - Processing /opt/airflow/dags/finascore_pipeline_dag.py took 0.094 seconds
[2026-08-02T13:09:47.177+0000] {processor.py:186} INFO - Started process (PID=2216) to work on /opt/airflow/dags/finascore_pipeline_dag.py
[2026-08-02T13:09:47.178+0000] {processor.py:914} INFO - Processing file /opt/airflow/dags/finascore_pipeline_dag.py for tasks to queue
[2026-08-02T13:09:47.179+0000] {logging_mixin.py:190} INFO - [2026-08-02T13:09:47.179+0000] {dagbag.py:588} INFO - Filling up the DagBag from /opt/airflow/dags/finascore_pipeline_dag.py
[2026-08-02T13:09:47.194+0000] {processor.py:925} INFO - DAG(s) 'finascore_ml_pipeline' retrieved from /opt/airflow/dags/finascore_pipeline_dag.py
[2026-08-02T13:09:47.230+0000] {logging_mixin.py:190} INFO - [2026-08-02T13:09:47.229+0000] {dag.py:3239} INFO - Sync 1 DAGs
[2026-08-02T13:09:47.258+0000] {logging_mixin.py:190} INFO - [2026-08-02T13:09:47.258+0000] {dag.py:4180} INFO - Setting next_dagrun for finascore_ml_pipeline to 2026-07-26 00:00:00+00:00, run_after=2026-08-02 00:00:00+00:00
[2026-08-02T13:09:47.276+0000] {processor.py:208} INFO - Processing /opt/airflow/dags/finascore_pipeline_dag.py took 0.107 seconds
[2026-08-02T13:10:17.409+0000] {processor.py:186} INFO - Started process (PID=2221) to work on /opt/airflow/dags/finascore_pipeline_dag.py
[2026-08-02T13:10:17.410+0000] {processor.py:914} INFO - Processing file /opt/airflow/dags/finascore_pipeline_dag.py for tasks to queue
[2026-08-02T13:10:17.412+0000] {logging_mixin.py:190} INFO - [2026-08-02T13:10:17.411+0000] {dagbag.py:588} INFO - Filling up the DagBag from /opt/airflow/dags/finascore_pipeline_dag.py
[2026-08-02T13:10:17.432+0000] {processor.py:925} INFO - DAG(s) 'finascore_ml_pipeline' retrieved from /opt/airflow/dags/finascore_pipeline_dag.py
[2026-08-02T13:10:17.472+0000] {logging_mixin.py:190} INFO - [2026-08-02T13:10:17.472+0000] {dag.py:3239} INFO - Sync 1 DAGs
[2026-08-02T13:10:17.503+0000] {logging_mixin.py:190} INFO - [2026-08-02T13:10:17.503+0000] {dag.py:4180} INFO - Setting next_dagrun for finascore_ml_pipeline to 2026-07-26 00:00:00+00:00, run_after=2026-08-02 00:00:00+00:00
[2026-08-02T13:10:17.523+0000] {processor.py:208} INFO - Processing /opt/airflow/dags/finascore_pipeline_dag.py took 0.122 seconds
[2026-08-02T13:10:47.579+0000] {processor.py:186} INFO - Started process (PID=2226) to work on /opt/airflow/dags/finascore_pipeline_dag.py
[2026-08-02T13:10:47.581+0000] {processor.py:914} INFO - Processing file /opt/airflow/dags/finascore_pipeline_dag.py for tasks to queue
[2026-08-02T13:10:47.583+0000] {logging_mixin.py:190} INFO - [2026-08-02T13:10:47.583+0000] {dagbag.py:588} INFO - Filling up the DagBag from /opt/airflow/dags/finascore_pipeline_dag.py
[2026-08-02T13:10:47.599+0000] {processor.py:925} INFO - DAG(s) 'finascore_ml_pipeline' retrieved from /opt/airflow/dags/finascore_pipeline_dag.py
[2026-08-02T13:10:47.637+0000] {logging_mixin.py:190} INFO - [2026-08-02T13:10:47.636+0000] {dag.py:3239} INFO - Sync 1 DAGs
[2026-08-02T13:10:47.672+0000] {logging_mixin.py:190} INFO - [2026-08-02T13:10:47.672+0000] {dag.py:4180} INFO - Setting next_dagrun for finascore_ml_pipeline to 2026-07-26 00:00:00+00:00, run_after=2026-08-02 00:00:00+00:00
[2026-08-02T13:10:47.692+0000] {processor.py:208} INFO - Processing /opt/airflow/dags/finascore_pipeline_dag.py took 0.122 seconds
[2026-08-02T13:11:17.805+0000] {processor.py:186} INFO - Started process (PID=2231) to work on /opt/airflow/dags/finascore_pipeline_dag.py
[2026-08-02T13:11:17.806+0000] {processor.py:914} INFO - Processing file /opt/airflow/dags/finascore_pipeline_dag.py for tasks to queue
[2026-08-02T13:11:17.807+0000] {logging_mixin.py:190} INFO - [2026-08-02T13:11:17.807+0000] {dagbag.py:588} INFO - Filling up the DagBag from /opt/airflow/dags/finascore_pipeline_dag.py
[2026-08-02T13:11:17.824+0000] {processor.py:925} INFO - DAG(s) 'finascore_ml_pipeline' retrieved from /opt/airflow/dags/finascore_pipeline_dag.py
[2026-08-02T13:11:17.864+0000] {logging_mixin.py:190} INFO - [2026-08-02T13:11:17.864+0000] {dag.py:3239} INFO - Sync 1 DAGs
[2026-08-02T13:11:17.891+0000] {logging_mixin.py:190} INFO - [2026-08-02T13:11:17.891+0000] {dag.py:4180} INFO - Setting next_dagrun for finascore_ml_pipeline to 2026-07-26 00:00:00+00:00, run_after=2026-08-02 00:00:00+00:00
[2026-08-02T13:11:17.910+0000] {processor.py:208} INFO - Processing /opt/airflow/dags/finascore_pipeline_dag.py took 0.111 seconds
[2026-08-02T13:11:47.968+0000] {processor.py:186} INFO - Started process (PID=2236) to work on /opt/airflow/dags/finascore_pipeline_dag.py
[2026-08-02T13:11:47.970+0000] {processor.py:914} INFO - Processing file /opt/airflow/dags/finascore_pipeline_dag.py for tasks to queue
[2026-08-02T13:11:47.971+0000] {logging_mixin.py:190} INFO - [2026-08-02T13:11:47.971+0000] {dagbag.py:588} INFO - Filling up the DagBag from /opt/airflow/dags/finascore_pipeline_dag.py
[2026-08-02T13:11:47.986+0000] {processor.py:925} INFO - DAG(s) 'finascore_ml_pipeline' retrieved from /opt/airflow/dags/finascore_pipeline_dag.py
[2026-08-02T13:11:48.030+0000] {logging_mixin.py:190} INFO - [2026-08-02T13:11:48.030+0000] {dag.py:3239} INFO - Sync 1 DAGs
[2026-08-02T13:11:48.064+0000] {logging_mixin.py:190} INFO - [2026-08-02T13:11:48.063+0000] {dag.py:4180} INFO - Setting next_dagrun for finascore_ml_pipeline to 2026-07-26 00:00:00+00:00, run_after=2026-08-02 00:00:00+00:00
[2026-08-02T13:11:48.081+0000] {processor.py:208} INFO - Processing /opt/airflow/dags/finascore_pipeline_dag.py took 0.121 seconds
[2026-08-02T13:12:18.213+0000] {processor.py:186} INFO - Started process (PID=2241) to work on /opt/airflow/dags/finascore_pipeline_dag.py
[2026-08-02T13:12:18.214+0000] {processor.py:914} INFO - Processing file /opt/airflow/dags/finascore_pipeline_dag.py for tasks to queue
[2026-08-02T13:12:18.218+0000] {logging_mixin.py:190} INFO - [2026-08-02T13:12:18.217+0000] {dagbag.py:588} INFO - Filling up the DagBag from /opt/airflow/dags/finascore_pipeline_dag.py
[2026-08-02T13:12:18.238+0000] {processor.py:925} INFO - DAG(s) 'finascore_ml_pipeline' retrieved from /opt/airflow/dags/finascore_pipeline_dag.py
[2026-08-02T13:12:18.289+0000] {logging_mixin.py:190} INFO - [2026-08-02T13:12:18.288+0000] {dag.py:3239} INFO - Sync 1 DAGs
[2026-08-02T13:12:18.330+0000] {logging_mixin.py:190} INFO - [2026-08-02T13:12:18.329+0000] {dag.py:4180} INFO - Setting next_dagrun for finascore_ml_pipeline to 2026-07-26 00:00:00+00:00, run_after=2026-08-02 00:00:00+00:00
[2026-08-02T13:12:18.360+0000] {processor.py:208} INFO - Processing /opt/airflow/dags/finascore_pipeline_dag.py took 0.159 seconds
[2026-08-02T13:12:48.442+0000] {processor.py:186} INFO - Started process (PID=2246) to work on /opt/airflow/dags/finascore_pipeline_dag.py
[2026-08-02T13:12:48.444+0000] {processor.py:914} INFO - Processing file /opt/airflow/dags/finascore_pipeline_dag.py for tasks to queue
[2026-08-02T13:12:48.445+0000] {logging_mixin.py:190} INFO - [2026-08-02T13:12:48.445+0000] {dagbag.py:588} INFO - Filling up the DagBag from /opt/airflow/dags/finascore_pipeline_dag.py
[2026-08-02T13:12:48.465+0000] {processor.py:925} INFO - DAG(s) 'finascore_ml_pipeline' retrieved from /opt/airflow/dags/finascore_pipeline_dag.py
[2026-08-02T13:12:48.513+0000] {logging_mixin.py:190} INFO - [2026-08-02T13:12:48.513+0000] {dag.py:3239} INFO - Sync 1 DAGs
[2026-08-02T13:12:48.546+0000] {logging_mixin.py:190} INFO - [2026-08-02T13:12:48.546+0000] {dag.py:4180} INFO - Setting next_dagrun for finascore_ml_pipeline to 2026-07-26 00:00:00+00:00, run_after=2026-08-02 00:00:00+00:00
[2026-08-02T13:12:48.567+0000] {processor.py:208} INFO - Processing /opt/airflow/dags/finascore_pipeline_dag.py took 0.136 seconds
[2026-08-02T13:13:18.697+0000] {processor.py:186} INFO - Started process (PID=2251) to work on /opt/airflow/dags/finascore_pipeline_dag.py
[2026-08-02T13:13:18.698+0000] {processor.py:914} INFO - Processing file /opt/airflow/dags/finascore_pipeline_dag.py for tasks to queue
[2026-08-02T13:13:18.700+0000] {logging_mixin.py:190} INFO - [2026-08-02T13:13:18.699+0000] {dagbag.py:588} INFO - Filling up the DagBag from /opt/airflow/dags/finascore_pipeline_dag.py
[2026-08-02T13:13:18.721+0000] {processor.py:925} INFO - DAG(s) 'finascore_ml_pipeline' retrieved from /opt/airflow/dags/finascore_pipeline_dag.py
[2026-08-02T13:13:18.760+0000] {logging_mixin.py:190} INFO - [2026-08-02T13:13:18.760+0000] {dag.py:3239} INFO - Sync 1 DAGs
[2026-08-02T13:13:18.795+0000] {logging_mixin.py:190} INFO - [2026-08-02T13:13:18.795+0000] {dag.py:4180} INFO - Setting next_dagrun for finascore_ml_pipeline to 2026-07-26 00:00:00+00:00, run_after=2026-08-02 00:00:00+00:00
[2026-08-02T13:13:18.817+0000] {processor.py:208} INFO - Processing /opt/airflow/dags/finascore_pipeline_dag.py took 0.129 seconds
[2026-08-02T13:13:48.877+0000] {processor.py:186} INFO - Started process (PID=2256) to work on /opt/airflow/dags/finascore_pipeline_dag.py
[2026-08-02T13:13:48.881+0000] {processor.py:914} INFO - Processing file /opt/airflow/dags/finascore_pipeline_dag.py for tasks to queue
[2026-08-02T13:13:48.883+0000] {logging_mixin.py:190} INFO - [2026-08-02T13:13:48.883+0000] {dagbag.py:588} INFO - Filling up the DagBag from /opt/airflow/dags/finascore_pipeline_dag.py
[2026-08-02T13:13:48.903+0000] {processor.py:925} INFO - DAG(s) 'finascore_ml_pipeline' retrieved from /opt/airflow/dags/finascore_pipeline_dag.py
[2026-08-02T13:13:48.949+0000] {logging_mixin.py:190} INFO - [2026-08-02T13:13:48.948+0000] {dag.py:3239} INFO - Sync 1 DAGs
[2026-08-02T13:13:48.979+0000] {logging_mixin.py:190} INFO - [2026-08-02T13:13:48.978+0000] {dag.py:4180} INFO - Setting next_dagrun for finascore_ml_pipeline to 2026-07-26 00:00:00+00:00, run_after=2026-08-02 00:00:00+00:00
[2026-08-02T13:13:48.996+0000] {processor.py:208} INFO - Processing /opt/airflow/dags/finascore_pipeline_dag.py took 0.131 seconds
[2026-08-02T13:14:19.111+0000] {processor.py:186} INFO - Started process (PID=2261) to work on /opt/airflow/dags/finascore_pipeline_dag.py
[2026-08-02T13:14:19.113+0000] {processor.py:914} INFO - Processing file /opt/airflow/dags/finascore_pipeline_dag.py for tasks to queue
[2026-08-02T13:14:19.114+0000] {logging_mixin.py:190} INFO - [2026-08-02T13:14:19.114+0000] {dagbag.py:588} INFO - Filling up the DagBag from /opt/airflow/dags/finascore_pipeline_dag.py
[2026-08-02T13:14:19.132+0000] {processor.py:925} INFO - DAG(s) 'finascore_ml_pipeline' retrieved from /opt/airflow/dags/finascore_pipeline_dag.py
[2026-08-02T13:14:19.183+0000] {logging_mixin.py:190} INFO - [2026-08-02T13:14:19.183+0000] {dag.py:3239} INFO - Sync 1 DAGs
[2026-08-02T13:14:19.218+0000] {logging_mixin.py:190} INFO - [2026-08-02T13:14:19.218+0000] {dag.py:4180} INFO - Setting next_dagrun for finascore_ml_pipeline to 2026-07-26 00:00:00+00:00, run_after=2026-08-02 00:00:00+00:00
[2026-08-02T13:14:19.235+0000] {processor.py:208} INFO - Processing /opt/airflow/dags/finascore_pipeline_dag.py took 0.133 seconds
[2026-08-02T13:14:49.327+0000] {processor.py:186} INFO - Started process (PID=2266) to work on /opt/airflow/dags/finascore_pipeline_dag.py
[2026-08-02T13:14:49.329+0000] {processor.py:914} INFO - Processing file /opt/airflow/dags/finascore_pipeline_dag.py for tasks to queue
[2026-08-02T13:14:49.330+0000] {logging_mixin.py:190} INFO - [2026-08-02T13:14:49.330+0000] {dagbag.py:588} INFO - Filling up the DagBag from /opt/airflow/dags/finascore_pipeline_dag.py
[2026-08-02T13:14:49.386+0000] {processor.py:925} INFO - DAG(s) 'finascore_ml_pipeline' retrieved from /opt/airflow/dags/finascore_pipeline_dag.py
[2026-08-02T13:14:49.460+0000] {logging_mixin.py:190} INFO - [2026-08-02T13:14:49.459+0000] {dag.py:3239} INFO - Sync 1 DAGs
[2026-08-02T13:14:49.512+0000] {logging_mixin.py:190} INFO - [2026-08-02T13:14:49.511+0000] {dag.py:4180} INFO - Setting next_dagrun for finascore_ml_pipeline to 2026-07-26 00:00:00+00:00, run_after=2026-08-02 00:00:00+00:00
[2026-08-02T13:14:49.546+0000] {processor.py:208} INFO - Processing /opt/airflow/dags/finascore_pipeline_dag.py took 0.235 seconds
[2026-08-02T13:15:19.721+0000] {processor.py:186} INFO - Started process (PID=2271) to work on /opt/airflow/dags/finascore_pipeline_dag.py
[2026-08-02T13:15:19.722+0000] {processor.py:914} INFO - Processing file /opt/airflow/dags/finascore_pipeline_dag.py for tasks to queue
[2026-08-02T13:15:19.724+0000] {logging_mixin.py:190} INFO - [2026-08-02T13:15:19.724+0000] {dagbag.py:588} INFO - Filling up the DagBag from /opt/airflow/dags/finascore_pipeline_dag.py
[2026-08-02T13:15:19.740+0000] {processor.py:925} INFO - DAG(s) 'finascore_ml_pipeline' retrieved from /opt/airflow/dags/finascore_pipeline_dag.py
[2026-08-02T13:15:19.780+0000] {logging_mixin.py:190} INFO - [2026-08-02T13:15:19.779+0000] {dag.py:3239} INFO - Sync 1 DAGs
[2026-08-02T13:15:19.813+0000] {logging_mixin.py:190} INFO - [2026-08-02T13:15:19.812+0000] {dag.py:4180} INFO - Setting next_dagrun for finascore_ml_pipeline to 2026-07-26 00:00:00+00:00, run_after=2026-08-02 00:00:00+00:00
[2026-08-02T13:15:19.840+0000] {processor.py:208} INFO - Processing /opt/airflow/dags/finascore_pipeline_dag.py took 0.128 seconds
[2026-08-02T13:15:50.004+0000] {processor.py:186} INFO - Started process (PID=2276) to work on /opt/airflow/dags/finascore_pipeline_dag.py
[2026-08-02T13:15:50.006+0000] {processor.py:914} INFO - Processing file /opt/airflow/dags/finascore_pipeline_dag.py for tasks to queue
[2026-08-02T13:15:50.007+0000] {logging_mixin.py:190} INFO - [2026-08-02T13:15:50.007+0000] {dagbag.py:588} INFO - Filling up the DagBag from /opt/airflow/dags/finascore_pipeline_dag.py
[2026-08-02T13:15:50.023+0000] {processor.py:925} INFO - DAG(s) 'finascore_ml_pipeline' retrieved from /opt/airflow/dags/finascore_pipeline_dag.py
[2026-08-02T13:15:50.069+0000] {logging_mixin.py:190} INFO - [2026-08-02T13:15:50.068+0000] {dag.py:3239} INFO - Sync 1 DAGs
[2026-08-02T13:15:50.107+0000] {logging_mixin.py:190} INFO - [2026-08-02T13:15:50.107+0000] {dag.py:4180} INFO - Setting next_dagrun for finascore_ml_pipeline to 2026-07-26 00:00:00+00:00, run_after=2026-08-02 00:00:00+00:00
[2026-08-02T13:15:50.130+0000] {processor.py:208} INFO - Processing /opt/airflow/dags/finascore_pipeline_dag.py took 0.136 seconds
[2026-08-02T13:16:20.289+0000] {processor.py:186} INFO - Started process (PID=2281) to work on /opt/airflow/dags/finascore_pipeline_dag.py
[2026-08-02T13:16:20.290+0000] {processor.py:914} INFO - Processing file /opt/airflow/dags/finascore_pipeline_dag.py for tasks to queue
[2026-08-02T13:16:20.291+0000] {logging_mixin.py:190} INFO - [2026-08-02T13:16:20.291+0000] {dagbag.py:588} INFO - Filling up the DagBag from /opt/airflow/dags/finascore_pipeline_dag.py
[2026-08-02T13:16:20.308+0000] {processor.py:925} INFO - DAG(s) 'finascore_ml_pipeline' retrieved from /opt/airflow/dags/finascore_pipeline_dag.py
[2026-08-02T13:16:20.355+0000] {logging_mixin.py:190} INFO - [2026-08-02T13:16:20.355+0000] {dag.py:3239} INFO - Sync 1 DAGs
[2026-08-02T13:16:20.384+0000] {logging_mixin.py:190} INFO - [2026-08-02T13:16:20.384+0000] {dag.py:4180} INFO - Setting next_dagrun for finascore_ml_pipeline to 2026-07-26 00:00:00+00:00, run_after=2026-08-02 00:00:00+00:00
[2026-08-02T13:16:20.404+0000] {processor.py:208} INFO - Processing /opt/airflow/dags/finascore_pipeline_dag.py took 0.126 seconds
[2026-08-02T13:16:50.569+0000] {processor.py:186} INFO - Started process (PID=2286) to work on /opt/airflow/dags/finascore_pipeline_dag.py
[2026-08-02T13:16:50.570+0000] {processor.py:914} INFO - Processing file /opt/airflow/dags/finascore_pipeline_dag.py for tasks to queue
[2026-08-02T13:16:50.572+0000] {logging_mixin.py:190} INFO - [2026-08-02T13:16:50.571+0000] {dagbag.py:588} INFO - Filling up the DagBag from /opt/airflow/dags/finascore_pipeline_dag.py
[2026-08-02T13:16:50.589+0000] {processor.py:925} INFO - DAG(s) 'finascore_ml_pipeline' retrieved from /opt/airflow/dags/finascore_pipeline_dag.py
[2026-08-02T13:16:50.637+0000] {logging_mixin.py:190} INFO - [2026-08-02T13:16:50.637+0000] {dag.py:3239} INFO - Sync 1 DAGs
[2026-08-02T13:16:50.670+0000] {logging_mixin.py:190} INFO - [2026-08-02T13:16:50.670+0000] {dag.py:4180} INFO - Setting next_dagrun for finascore_ml_pipeline to 2026-07-26 00:00:00+00:00, run_after=2026-08-02 00:00:00+00:00
[2026-08-02T13:16:50.695+0000] {processor.py:208} INFO - Processing /opt/airflow/dags/finascore_pipeline_dag.py took 0.133 seconds
[2026-08-02T13:17:20.860+0000] {processor.py:186} INFO - Started process (PID=2291) to work on /opt/airflow/dags/finascore_pipeline_dag.py
[2026-08-02T13:17:20.861+0000] {processor.py:914} INFO - Processing file /opt/airflow/dags/finascore_pipeline_dag.py for tasks to queue
[2026-08-02T13:17:20.862+0000] {logging_mixin.py:190} INFO - [2026-08-02T13:17:20.862+0000] {dagbag.py:588} INFO - Filling up the DagBag from /opt/airflow/dags/finascore_pipeline_dag.py
[2026-08-02T13:17:20.883+0000] {processor.py:925} INFO - DAG(s) 'finascore_ml_pipeline' retrieved from /opt/airflow/dags/finascore_pipeline_dag.py
[2026-08-02T13:17:20.929+0000] {logging_mixin.py:190} INFO - [2026-08-02T13:17:20.929+0000] {dag.py:3239} INFO - Sync 1 DAGs
[2026-08-02T13:17:20.965+0000] {logging_mixin.py:190} INFO - [2026-08-02T13:17:20.965+0000] {dag.py:4180} INFO - Setting next_dagrun for finascore_ml_pipeline to 2026-07-26 00:00:00+00:00, run_after=2026-08-02 00:00:00+00:00
[2026-08-02T13:17:20.985+0000] {processor.py:208} INFO - Processing /opt/airflow/dags/finascore_pipeline_dag.py took 0.136 seconds
[2026-08-02T13:17:51.160+0000] {processor.py:186} INFO - Started process (PID=2296) to work on /opt/airflow/dags/finascore_pipeline_dag.py
[2026-08-02T13:17:51.162+0000] {processor.py:914} INFO - Processing file /opt/airflow/dags/finascore_pipeline_dag.py for tasks to queue
[2026-08-02T13:17:51.164+0000] {logging_mixin.py:190} INFO - [2026-08-02T13:17:51.164+0000] {dagbag.py:588} INFO - Filling up the DagBag from /opt/airflow/dags/finascore_pipeline_dag.py
[2026-08-02T13:17:51.186+0000] {processor.py:925} INFO - DAG(s) 'finascore_ml_pipeline' retrieved from /opt/airflow/dags/finascore_pipeline_dag.py
[2026-08-02T13:17:51.240+0000] {logging_mixin.py:190} INFO - [2026-08-02T13:17:51.240+0000] {dag.py:3239} INFO - Sync 1 DAGs
[2026-08-02T13:17:51.274+0000] {logging_mixin.py:190} INFO - [2026-08-02T13:17:51.274+0000] {dag.py:4180} INFO - Setting next_dagrun for finascore_ml_pipeline to 2026-07-26 00:00:00+00:00, run_after=2026-08-02 00:00:00+00:00
[2026-08-02T13:17:51.299+0000] {processor.py:208} INFO - Processing /opt/airflow/dags/finascore_pipeline_dag.py took 0.148 seconds
[2026-08-02T13:18:21.475+0000] {processor.py:186} INFO - Started process (PID=2301) to work on /opt/airflow/dags/finascore_pipeline_dag.py
[2026-08-02T13:18:21.476+0000] {processor.py:914} INFO - Processing file /opt/airflow/dags/finascore_pipeline_dag.py for tasks to queue
[2026-08-02T13:18:21.478+0000] {logging_mixin.py:190} INFO - [2026-08-02T13:18:21.477+0000] {dagbag.py:588} INFO - Filling up the DagBag from /opt/airflow/dags/finascore_pipeline_dag.py
[2026-08-02T13:18:21.499+0000] {processor.py:925} INFO - DAG(s) 'finascore_ml_pipeline' retrieved from /opt/airflow/dags/finascore_pipeline_dag.py
[2026-08-02T13:18:21.547+0000] {logging_mixin.py:190} INFO - [2026-08-02T13:18:21.547+0000] {dag.py:3239} INFO - Sync 1 DAGs
[2026-08-02T13:18:21.578+0000] {logging_mixin.py:190} INFO - [2026-08-02T13:18:21.578+0000] {dag.py:4180} INFO - Setting next_dagrun for finascore_ml_pipeline to 2026-07-26 00:00:00+00:00, run_after=2026-08-02 00:00:00+00:00
[2026-08-02T13:18:21.598+0000] {processor.py:208} INFO - Processing /opt/airflow/dags/finascore_pipeline_dag.py took 0.131 seconds
[2026-08-02T13:18:51.761+0000] {processor.py:186} INFO - Started process (PID=2306) to work on /opt/airflow/dags/finascore_pipeline_dag.py
[2026-08-02T13:18:51.763+0000] {processor.py:914} INFO - Processing file /opt/airflow/dags/finascore_pipeline_dag.py for tasks to queue
[2026-08-02T13:18:51.766+0000] {logging_mixin.py:190} INFO - [2026-08-02T13:18:51.765+0000] {dagbag.py:588} INFO - Filling up the DagBag from /opt/airflow/dags/finascore_pipeline_dag.py
[2026-08-02T13:18:51.785+0000] {processor.py:925} INFO - DAG(s) 'finascore_ml_pipeline' retrieved from /opt/airflow/dags/finascore_pipeline_dag.py
[2026-08-02T13:18:51.831+0000] {logging_mixin.py:190} INFO - [2026-08-02T13:18:51.830+0000] {dag.py:3239} INFO - Sync 1 DAGs
[2026-08-02T13:18:51.864+0000] {logging_mixin.py:190} INFO - [2026-08-02T13:18:51.864+0000] {dag.py:4180} INFO - Setting next_dagrun for finascore_ml_pipeline to 2026-07-26 00:00:00+00:00, run_after=2026-08-02 00:00:00+00:00
[2026-08-02T13:18:51.884+0000] {processor.py:208} INFO - Processing /opt/airflow/dags/finascore_pipeline_dag.py took 0.133 seconds
[2026-08-02T13:19:22.041+0000] {processor.py:186} INFO - Started process (PID=2311) to work on /opt/airflow/dags/finascore_pipeline_dag.py
[2026-08-02T13:19:22.041+0000] {processor.py:914} INFO - Processing file /opt/airflow/dags/finascore_pipeline_dag.py for tasks to queue
[2026-08-02T13:19:22.043+0000] {logging_mixin.py:190} INFO - [2026-08-02T13:19:22.042+0000] {dagbag.py:588} INFO - Filling up the DagBag from /opt/airflow/dags/finascore_pipeline_dag.py
[2026-08-02T13:19:22.062+0000] {processor.py:925} INFO - DAG(s) 'finascore_ml_pipeline' retrieved from /opt/airflow/dags/finascore_pipeline_dag.py
[2026-08-02T13:19:22.111+0000] {logging_mixin.py:190} INFO - [2026-08-02T13:19:22.111+0000] {dag.py:3239} INFO - Sync 1 DAGs
[2026-08-02T13:19:22.145+0000] {logging_mixin.py:190} INFO - [2026-08-02T13:19:22.144+0000] {dag.py:4180} INFO - Setting next_dagrun for finascore_ml_pipeline to 2026-07-26 00:00:00+00:00, run_after=2026-08-02 00:00:00+00:00
[2026-08-02T13:19:22.165+0000] {processor.py:208} INFO - Processing /opt/airflow/dags/finascore_pipeline_dag.py took 0.132 seconds
[2026-08-02T13:19:52.321+0000] {processor.py:186} INFO - Started process (PID=2316) to work on /opt/airflow/dags/finascore_pipeline_dag.py
[2026-08-02T13:19:52.323+0000] {processor.py:914} INFO - Processing file /opt/airflow/dags/finascore_pipeline_dag.py for tasks to queue
[2026-08-02T13:19:52.324+0000] {logging_mixin.py:190} INFO - [2026-08-02T13:19:52.324+0000] {dagbag.py:588} INFO - Filling up the DagBag from /opt/airflow/dags/finascore_pipeline_dag.py
[2026-08-02T13:19:52.339+0000] {processor.py:925} INFO - DAG(s) 'finascore_ml_pipeline' retrieved from /opt/airflow/dags/finascore_pipeline_dag.py
[2026-08-02T13:19:52.382+0000] {logging_mixin.py:190} INFO - [2026-08-02T13:19:52.382+0000] {dag.py:3239} INFO - Sync 1 DAGs
[2026-08-02T13:19:52.416+0000] {logging_mixin.py:190} INFO - [2026-08-02T13:19:52.416+0000] {dag.py:4180} INFO - Setting next_dagrun for finascore_ml_pipeline to 2026-07-26 00:00:00+00:00, run_after=2026-08-02 00:00:00+00:00
[2026-08-02T13:19:52.437+0000] {processor.py:208} INFO - Processing /opt/airflow/dags/finascore_pipeline_dag.py took 0.125 seconds
[2026-08-02T13:20:22.481+0000] {processor.py:186} INFO - Started process (PID=2321) to work on /opt/airflow/dags/finascore_pipeline_dag.py
[2026-08-02T13:20:22.482+0000] {processor.py:914} INFO - Processing file /opt/airflow/dags/finascore_pipeline_dag.py for tasks to queue
[2026-08-02T13:20:22.484+0000] {logging_mixin.py:190} INFO - [2026-08-02T13:20:22.484+0000] {dagbag.py:588} INFO - Filling up the DagBag from /opt/airflow/dags/finascore_pipeline_dag.py
[2026-08-02T13:20:22.501+0000] {processor.py:925} INFO - DAG(s) 'finascore_ml_pipeline' retrieved from /opt/airflow/dags/finascore_pipeline_dag.py
[2026-08-02T13:20:22.542+0000] {logging_mixin.py:190} INFO - [2026-08-02T13:20:22.542+0000] {dag.py:3239} INFO - Sync 1 DAGs
[2026-08-02T13:20:22.574+0000] {logging_mixin.py:190} INFO - [2026-08-02T13:20:22.573+0000] {dag.py:4180} INFO - Setting next_dagrun for finascore_ml_pipeline to 2026-07-26 00:00:00+00:00, run_after=2026-08-02 00:00:00+00:00
[2026-08-02T13:20:22.601+0000] {processor.py:208} INFO - Processing /opt/airflow/dags/finascore_pipeline_dag.py took 0.129 seconds
[2026-08-02T13:20:52.731+0000] {processor.py:186} INFO - Started process (PID=2326) to work on /opt/airflow/dags/finascore_pipeline_dag.py
[2026-08-02T13:20:52.733+0000] {processor.py:914} INFO - Processing file /opt/airflow/dags/finascore_pipeline_dag.py for tasks to queue
[2026-08-02T13:20:52.734+0000] {logging_mixin.py:190} INFO - [2026-08-02T13:20:52.734+0000] {dagbag.py:588} INFO - Filling up the DagBag from /opt/airflow/dags/finascore_pipeline_dag.py
[2026-08-02T13:20:52.749+0000] {processor.py:925} INFO - DAG(s) 'finascore_ml_pipeline' retrieved from /opt/airflow/dags/finascore_pipeline_dag.py
[2026-08-02T13:20:52.790+0000] {logging_mixin.py:190} INFO - [2026-08-02T13:20:52.790+0000] {dag.py:3239} INFO - Sync 1 DAGs
[2026-08-02T13:20:52.819+0000] {logging_mixin.py:190} INFO - [2026-08-02T13:20:52.818+0000] {dag.py:4180} INFO - Setting next_dagrun for finascore_ml_pipeline to 2026-07-26 00:00:00+00:00, run_after=2026-08-02 00:00:00+00:00
[2026-08-02T13:20:52.841+0000] {processor.py:208} INFO - Processing /opt/airflow/dags/finascore_pipeline_dag.py took 0.120 seconds
[2026-08-02T13:21:22.881+0000] {processor.py:186} INFO - Started process (PID=2331) to work on /opt/airflow/dags/finascore_pipeline_dag.py
[2026-08-02T13:21:22.882+0000] {processor.py:914} INFO - Processing file /opt/airflow/dags/finascore_pipeline_dag.py for tasks to queue
[2026-08-02T13:21:22.884+0000] {logging_mixin.py:190} INFO - [2026-08-02T13:21:22.884+0000] {dagbag.py:588} INFO - Filling up the DagBag from /opt/airflow/dags/finascore_pipeline_dag.py
[2026-08-02T13:21:22.903+0000] {processor.py:925} INFO - DAG(s) 'finascore_ml_pipeline' retrieved from /opt/airflow/dags/finascore_pipeline_dag.py
[2026-08-02T13:21:22.943+0000] {logging_mixin.py:190} INFO - [2026-08-02T13:21:22.943+0000] {dag.py:3239} INFO - Sync 1 DAGs
[2026-08-02T13:21:22.982+0000] {logging_mixin.py:190} INFO - [2026-08-02T13:21:22.982+0000] {dag.py:4180} INFO - Setting next_dagrun for finascore_ml_pipeline to 2026-07-26 00:00:00+00:00, run_after=2026-08-02 00:00:00+00:00
[2026-08-02T13:21:23.004+0000] {processor.py:208} INFO - Processing /opt/airflow/dags/finascore_pipeline_dag.py took 0.131 seconds
[2026-08-02T13:21:53.136+0000] {processor.py:186} INFO - Started process (PID=2336) to work on /opt/airflow/dags/finascore_pipeline_dag.py
[2026-08-02T13:21:53.138+0000] {processor.py:914} INFO - Processing file /opt/airflow/dags/finascore_pipeline_dag.py for tasks to queue
[2026-08-02T13:21:53.140+0000] {logging_mixin.py:190} INFO - [2026-08-02T13:21:53.139+0000] {dagbag.py:588} INFO - Filling up the DagBag from /opt/airflow/dags/finascore_pipeline_dag.py
[2026-08-02T13:21:53.157+0000] {processor.py:925} INFO - DAG(s) 'finascore_ml_pipeline' retrieved from /opt/airflow/dags/finascore_pipeline_dag.py
[2026-08-02T13:21:53.202+0000] {logging_mixin.py:190} INFO - [2026-08-02T13:21:53.202+0000] {dag.py:3239} INFO - Sync 1 DAGs
[2026-08-02T13:21:53.241+0000] {logging_mixin.py:190} INFO - [2026-08-02T13:21:53.241+0000] {dag.py:4180} INFO - Setting next_dagrun for finascore_ml_pipeline to 2026-07-26 00:00:00+00:00, run_after=2026-08-02 00:00:00+00:00
[2026-08-02T13:21:53.260+0000] {processor.py:208} INFO - Processing /opt/airflow/dags/finascore_pipeline_dag.py took 0.133 seconds
[2026-08-02T13:22:23.427+0000] {processor.py:186} INFO - Started process (PID=2341) to work on /opt/airflow/dags/finascore_pipeline_dag.py
[2026-08-02T13:22:23.428+0000] {processor.py:914} INFO - Processing file /opt/airflow/dags/finascore_pipeline_dag.py for tasks to queue
[2026-08-02T13:22:23.431+0000] {logging_mixin.py:190} INFO - [2026-08-02T13:22:23.430+0000] {dagbag.py:588} INFO - Filling up the DagBag from /opt/airflow/dags/finascore_pipeline_dag.py
[2026-08-02T13:22:23.451+0000] {processor.py:925} INFO - DAG(s) 'finascore_ml_pipeline' retrieved from /opt/airflow/dags/finascore_pipeline_dag.py
[2026-08-02T13:22:23.489+0000] {logging_mixin.py:190} INFO - [2026-08-02T13:22:23.489+0000] {dag.py:3239} INFO - Sync 1 DAGs
[2026-08-02T13:22:23.519+0000] {logging_mixin.py:190} INFO - [2026-08-02T13:22:23.518+0000] {dag.py:4180} INFO - Setting next_dagrun for finascore_ml_pipeline to 2026-07-26 00:00:00+00:00, run_after=2026-08-02 00:00:00+00:00
[2026-08-02T13:22:23.539+0000] {processor.py:208} INFO - Processing /opt/airflow/dags/finascore_pipeline_dag.py took 0.120 seconds
[2026-08-02T13:22:53.693+0000] {processor.py:186} INFO - Started process (PID=2346) to work on /opt/airflow/dags/finascore_pipeline_dag.py
[2026-08-02T13:22:53.695+0000] {processor.py:914} INFO - Processing file /opt/airflow/dags/finascore_pipeline_dag.py for tasks to queue
[2026-08-02T13:22:53.698+0000] {logging_mixin.py:190} INFO - [2026-08-02T13:22:53.697+0000] {dagbag.py:588} INFO - Filling up the DagBag from /opt/airflow/dags/finascore_pipeline_dag.py
[2026-08-02T13:22:53.717+0000] {processor.py:925} INFO - DAG(s) 'finascore_ml_pipeline' retrieved from /opt/airflow/dags/finascore_pipeline_dag.py
[2026-08-02T13:22:53.759+0000] {logging_mixin.py:190} INFO - [2026-08-02T13:22:53.759+0000] {dag.py:3239} INFO - Sync 1 DAGs
[2026-08-02T13:22:53.792+0000] {logging_mixin.py:190} INFO - [2026-08-02T13:22:53.792+0000] {dag.py:4180} INFO - Setting next_dagrun for finascore_ml_pipeline to 2026-07-26 00:00:00+00:00, run_after=2026-08-02 00:00:00+00:00
[2026-08-02T13:22:53.815+0000] {processor.py:208} INFO - Processing /opt/airflow/dags/finascore_pipeline_dag.py took 0.129 seconds
[2026-08-02T13:23:23.969+0000] {processor.py:186} INFO - Started process (PID=2351) to work on /opt/airflow/dags/finascore_pipeline_dag.py
[2026-08-02T13:23:23.970+0000] {processor.py:914} INFO - Processing file /opt/airflow/dags/finascore_pipeline_dag.py for tasks to queue
[2026-08-02T13:23:23.972+0000] {logging_mixin.py:190} INFO - [2026-08-02T13:23:23.972+0000] {dagbag.py:588} INFO - Filling up the DagBag from /opt/airflow/dags/finascore_pipeline_dag.py
[2026-08-02T13:23:23.991+0000] {processor.py:925} INFO - DAG(s) 'finascore_ml_pipeline' retrieved from /opt/airflow/dags/finascore_pipeline_dag.py
[2026-08-02T13:23:24.038+0000] {logging_mixin.py:190} INFO - [2026-08-02T13:23:24.037+0000] {dag.py:3239} INFO - Sync 1 DAGs
[2026-08-02T13:23:24.065+0000] {logging_mixin.py:190} INFO - [2026-08-02T13:23:24.065+0000] {dag.py:4180} INFO - Setting next_dagrun for finascore_ml_pipeline to 2026-07-26 00:00:00+00:00, run_after=2026-08-02 00:00:00+00:00
[2026-08-02T13:23:24.085+0000] {processor.py:208} INFO - Processing /opt/airflow/dags/finascore_pipeline_dag.py took 0.124 seconds
[2026-08-02T13:23:54.250+0000] {processor.py:186} INFO - Started process (PID=2356) to work on /opt/airflow/dags/finascore_pipeline_dag.py
[2026-08-02T13:23:54.252+0000] {processor.py:914} INFO - Processing file /opt/airflow/dags/finascore_pipeline_dag.py for tasks to queue
[2026-08-02T13:23:54.253+0000] {logging_mixin.py:190} INFO - [2026-08-02T13:23:54.253+0000] {dagbag.py:588} INFO - Filling up the DagBag from /opt/airflow/dags/finascore_pipeline_dag.py
[2026-08-02T13:23:54.273+0000] {processor.py:925} INFO - DAG(s) 'finascore_ml_pipeline' retrieved from /opt/airflow/dags/finascore_pipeline_dag.py
[2026-08-02T13:23:54.317+0000] {logging_mixin.py:190} INFO - [2026-08-02T13:23:54.317+0000] {dag.py:3239} INFO - Sync 1 DAGs
[2026-08-02T13:23:54.354+0000] {logging_mixin.py:190} INFO - [2026-08-02T13:23:54.353+0000] {dag.py:4180} INFO - Setting next_dagrun for finascore_ml_pipeline to 2026-07-26 00:00:00+00:00, run_after=2026-08-02 00:00:00+00:00
[2026-08-02T13:23:54.377+0000] {processor.py:208} INFO - Processing /opt/airflow/dags/finascore_pipeline_dag.py took 0.136 seconds
[2026-08-02T13:24:24.543+0000] {processor.py:186} INFO - Started process (PID=2361) to work on /opt/airflow/dags/finascore_pipeline_dag.py
[2026-08-02T13:24:24.544+0000] {processor.py:914} INFO - Processing file /opt/airflow/dags/finascore_pipeline_dag.py for tasks to queue
[2026-08-02T13:24:24.545+0000] {logging_mixin.py:190} INFO - [2026-08-02T13:24:24.544+0000] {dagbag.py:588} INFO - Filling up the DagBag from /opt/airflow/dags/finascore_pipeline_dag.py
[2026-08-02T13:24:24.562+0000] {processor.py:925} INFO - DAG(s) 'finascore_ml_pipeline' retrieved from /opt/airflow/dags/finascore_pipeline_dag.py
[2026-08-02T13:24:24.604+0000] {logging_mixin.py:190} INFO - [2026-08-02T13:24:24.604+0000] {dag.py:3239} INFO - Sync 1 DAGs
[2026-08-02T13:24:24.639+0000] {logging_mixin.py:190} INFO - [2026-08-02T13:24:24.638+0000] {dag.py:4180} INFO - Setting next_dagrun for finascore_ml_pipeline to 2026-07-26 00:00:00+00:00, run_after=2026-08-02 00:00:00+00:00
[2026-08-02T13:24:24.660+0000] {processor.py:208} INFO - Processing /opt/airflow/dags/finascore_pipeline_dag.py took 0.128 seconds
[2026-08-02T13:24:54.819+0000] {processor.py:186} INFO - Started process (PID=2366) to work on /opt/airflow/dags/finascore_pipeline_dag.py
[2026-08-02T13:24:54.819+0000] {processor.py:914} INFO - Processing file /opt/airflow/dags/finascore_pipeline_dag.py for tasks to queue
[2026-08-02T13:24:54.820+0000] {logging_mixin.py:190} INFO - [2026-08-02T13:24:54.820+0000] {dagbag.py:588} INFO - Filling up the DagBag from /opt/airflow/dags/finascore_pipeline_dag.py
[2026-08-02T13:24:54.836+0000] {processor.py:925} INFO - DAG(s) 'finascore_ml_pipeline' retrieved from /opt/airflow/dags/finascore_pipeline_dag.py
[2026-08-02T13:24:54.877+0000] {logging_mixin.py:190} INFO - [2026-08-02T13:24:54.876+0000] {dag.py:3239} INFO - Sync 1 DAGs
[2026-08-02T13:24:54.905+0000] {logging_mixin.py:190} INFO - [2026-08-02T13:24:54.905+0000] {dag.py:4180} INFO - Setting next_dagrun for finascore_ml_pipeline to 2026-07-26 00:00:00+00:00, run_after=2026-08-02 00:00:00+00:00
[2026-08-02T13:24:54.930+0000] {processor.py:208} INFO - Processing /opt/airflow/dags/finascore_pipeline_dag.py took 0.120 seconds
[2026-08-02T13:25:24.964+0000] {processor.py:186} INFO - Started process (PID=2371) to work on /opt/airflow/dags/finascore_pipeline_dag.py
[2026-08-02T13:25:24.966+0000] {processor.py:914} INFO - Processing file /opt/airflow/dags/finascore_pipeline_dag.py for tasks to queue
[2026-08-02T13:25:24.967+0000] {logging_mixin.py:190} INFO - [2026-08-02T13:25:24.967+0000] {dagbag.py:588} INFO - Filling up the DagBag from /opt/airflow/dags/finascore_pipeline_dag.py
[2026-08-02T13:25:24.987+0000] {processor.py:925} INFO - DAG(s) 'finascore_ml_pipeline' retrieved from /opt/airflow/dags/finascore_pipeline_dag.py
[2026-08-02T13:25:25.030+0000] {logging_mixin.py:190} INFO - [2026-08-02T13:25:25.029+0000] {dag.py:3239} INFO - Sync 1 DAGs
[2026-08-02T13:25:25.066+0000] {logging_mixin.py:190} INFO - [2026-08-02T13:25:25.065+0000] {dag.py:4180} INFO - Setting next_dagrun for finascore_ml_pipeline to 2026-07-26 00:00:00+00:00, run_after=2026-08-02 00:00:00+00:00
[2026-08-02T13:25:25.092+0000] {processor.py:208} INFO - Processing /opt/airflow/dags/finascore_pipeline_dag.py took 0.136 seconds
[2026-08-02T13:25:55.239+0000] {processor.py:186} INFO - Started process (PID=2376) to work on /opt/airflow/dags/finascore_pipeline_dag.py
[2026-08-02T13:25:55.240+0000] {processor.py:914} INFO - Processing file /opt/airflow/dags/finascore_pipeline_dag.py for tasks to queue
[2026-08-02T13:25:55.242+0000] {logging_mixin.py:190} INFO - [2026-08-02T13:25:55.241+0000] {dagbag.py:588} INFO - Filling up the DagBag from /opt/airflow/dags/finascore_pipeline_dag.py
[2026-08-02T13:25:55.262+0000] {processor.py:925} INFO - DAG(s) 'finascore_ml_pipeline' retrieved from /opt/airflow/dags/finascore_pipeline_dag.py
[2026-08-02T13:25:55.308+0000] {logging_mixin.py:190} INFO - [2026-08-02T13:25:55.308+0000] {dag.py:3239} INFO - Sync 1 DAGs
[2026-08-02T13:25:55.337+0000] {logging_mixin.py:190} INFO - [2026-08-02T13:25:55.337+0000] {dag.py:4180} INFO - Setting next_dagrun for finascore_ml_pipeline to 2026-07-26 00:00:00+00:00, run_after=2026-08-02 00:00:00+00:00
[2026-08-02T13:25:55.355+0000] {processor.py:208} INFO - Processing /opt/airflow/dags/finascore_pipeline_dag.py took 0.126 seconds
[2026-08-02T13:26:25.523+0000] {processor.py:186} INFO - Started process (PID=2381) to work on /opt/airflow/dags/finascore_pipeline_dag.py
[2026-08-02T13:26:25.525+0000] {processor.py:914} INFO - Processing file /opt/airflow/dags/finascore_pipeline_dag.py for tasks to queue
[2026-08-02T13:26:25.527+0000] {logging_mixin.py:190} INFO - [2026-08-02T13:26:25.527+0000] {dagbag.py:588} INFO - Filling up the DagBag from /opt/airflow/dags/finascore_pipeline_dag.py
[2026-08-02T13:26:25.545+0000] {processor.py:925} INFO - DAG(s) 'finascore_ml_pipeline' retrieved from /opt/airflow/dags/finascore_pipeline_dag.py
[2026-08-02T13:26:25.589+0000] {logging_mixin.py:190} INFO - [2026-08-02T13:26:25.588+0000] {dag.py:3239} INFO - Sync 1 DAGs
[2026-08-02T13:26:25.623+0000] {logging_mixin.py:190} INFO - [2026-08-02T13:26:25.622+0000] {dag.py:4180} INFO - Setting next_dagrun for finascore_ml_pipeline to 2026-07-26 00:00:00+00:00, run_after=2026-08-02 00:00:00+00:00
[2026-08-02T13:26:25.645+0000] {processor.py:208} INFO - Processing /opt/airflow/dags/finascore_pipeline_dag.py took 0.130 seconds
[2026-08-02T13:26:55.804+0000] {processor.py:186} INFO - Started process (PID=2386) to work on /opt/airflow/dags/finascore_pipeline_dag.py
[2026-08-02T13:26:55.805+0000] {processor.py:914} INFO - Processing file /opt/airflow/dags/finascore_pipeline_dag.py for tasks to queue
[2026-08-02T13:26:55.806+0000] {logging_mixin.py:190} INFO - [2026-08-02T13:26:55.806+0000] {dagbag.py:588} INFO - Filling up the DagBag from /opt/airflow/dags/finascore_pipeline_dag.py
[2026-08-02T13:26:55.823+0000] {processor.py:925} INFO - DAG(s) 'finascore_ml_pipeline' retrieved from /opt/airflow/dags/finascore_pipeline_dag.py
[2026-08-02T13:26:55.866+0000] {logging_mixin.py:190} INFO - [2026-08-02T13:26:55.865+0000] {dag.py:3239} INFO - Sync 1 DAGs
[2026-08-02T13:26:55.902+0000] {logging_mixin.py:190} INFO - [2026-08-02T13:26:55.901+0000] {dag.py:4180} INFO - Setting next_dagrun for finascore_ml_pipeline to 2026-07-26 00:00:00+00:00, run_after=2026-08-02 00:00:00+00:00
[2026-08-02T13:26:55.925+0000] {processor.py:208} INFO - Processing /opt/airflow/dags/finascore_pipeline_dag.py took 0.134 seconds
[2026-08-02T13:27:26.092+0000] {processor.py:186} INFO - Started process (PID=2391) to work on /opt/airflow/dags/finascore_pipeline_dag.py
[2026-08-02T13:27:26.095+0000] {processor.py:914} INFO - Processing file /opt/airflow/dags/finascore_pipeline_dag.py for tasks to queue
[2026-08-02T13:27:26.096+0000] {logging_mixin.py:190} INFO - [2026-08-02T13:27:26.096+0000] {dagbag.py:588} INFO - Filling up the DagBag from /opt/airflow/dags/finascore_pipeline_dag.py
[2026-08-02T13:27:26.114+0000] {processor.py:925} INFO - DAG(s) 'finascore_ml_pipeline' retrieved from /opt/airflow/dags/finascore_pipeline_dag.py
[2026-08-02T13:27:26.153+0000] {logging_mixin.py:190} INFO - [2026-08-02T13:27:26.153+0000] {dag.py:3239} INFO - Sync 1 DAGs
[2026-08-02T13:27:26.185+0000] {logging_mixin.py:190} INFO - [2026-08-02T13:27:26.185+0000] {dag.py:4180} INFO - Setting next_dagrun for finascore_ml_pipeline to 2026-07-26 00:00:00+00:00, run_after=2026-08-02 00:00:00+00:00
[2026-08-02T13:27:26.210+0000] {processor.py:208} INFO - Processing /opt/airflow/dags/finascore_pipeline_dag.py took 0.128 seconds
[2026-08-02T13:27:56.366+0000] {processor.py:186} INFO - Started process (PID=2396) to work on /opt/airflow/dags/finascore_pipeline_dag.py
[2026-08-02T13:27:56.368+0000] {processor.py:914} INFO - Processing file /opt/airflow/dags/finascore_pipeline_dag.py for tasks to queue
[2026-08-02T13:27:56.370+0000] {logging_mixin.py:190} INFO - [2026-08-02T13:27:56.369+0000] {dagbag.py:588} INFO - Filling up the DagBag from /opt/airflow/dags/finascore_pipeline_dag.py
[2026-08-02T13:27:56.393+0000] {processor.py:925} INFO - DAG(s) 'finascore_ml_pipeline' retrieved from /opt/airflow/dags/finascore_pipeline_dag.py
[2026-08-02T13:27:56.439+0000] {logging_mixin.py:190} INFO - [2026-08-02T13:27:56.438+0000] {dag.py:3239} INFO - Sync 1 DAGs
[2026-08-02T13:27:56.478+0000] {logging_mixin.py:190} INFO - [2026-08-02T13:27:56.478+0000] {dag.py:4180} INFO - Setting next_dagrun for finascore_ml_pipeline to 2026-07-26 00:00:00+00:00, run_after=2026-08-02 00:00:00+00:00
[2026-08-02T13:27:56.499+0000] {processor.py:208} INFO - Processing /opt/airflow/dags/finascore_pipeline_dag.py took 0.142 seconds
[2026-08-02T13:28:26.668+0000] {processor.py:186} INFO - Started process (PID=2401) to work on /opt/airflow/dags/finascore_pipeline_dag.py
[2026-08-02T13:28:26.670+0000] {processor.py:914} INFO - Processing file /opt/airflow/dags/finascore_pipeline_dag.py for tasks to queue
[2026-08-02T13:28:26.671+0000] {logging_mixin.py:190} INFO - [2026-08-02T13:28:26.671+0000] {dagbag.py:588} INFO - Filling up the DagBag from /opt/airflow/dags/finascore_pipeline_dag.py
[2026-08-02T13:28:26.689+0000] {processor.py:925} INFO - DAG(s) 'finascore_ml_pipeline' retrieved from /opt/airflow/dags/finascore_pipeline_dag.py
[2026-08-02T13:28:26.732+0000] {logging_mixin.py:190} INFO - [2026-08-02T13:28:26.732+0000] {dag.py:3239} INFO - Sync 1 DAGs
[2026-08-02T13:28:26.767+0000] {logging_mixin.py:190} INFO - [2026-08-02T13:28:26.766+0000] {dag.py:4180} INFO - Setting next_dagrun for finascore_ml_pipeline to 2026-07-26 00:00:00+00:00, run_after=2026-08-02 00:00:00+00:00
[2026-08-02T13:28:26.787+0000] {processor.py:208} INFO - Processing /opt/airflow/dags/finascore_pipeline_dag.py took 0.133 seconds
[2026-08-02T13:28:56.953+0000] {processor.py:186} INFO - Started process (PID=2406) to work on /opt/airflow/dags/finascore_pipeline_dag.py
[2026-08-02T13:28:56.954+0000] {processor.py:914} INFO - Processing file /opt/airflow/dags/finascore_pipeline_dag.py for tasks to queue
[2026-08-02T13:28:56.955+0000] {logging_mixin.py:190} INFO - [2026-08-02T13:28:56.955+0000] {dagbag.py:588} INFO - Filling up the DagBag from /opt/airflow/dags/finascore_pipeline_dag.py
[2026-08-02T13:28:56.976+0000] {processor.py:925} INFO - DAG(s) 'finascore_ml_pipeline' retrieved from /opt/airflow/dags/finascore_pipeline_dag.py
[2026-08-02T13:28:57.017+0000] {logging_mixin.py:190} INFO - [2026-08-02T13:28:57.017+0000] {dag.py:3239} INFO - Sync 1 DAGs
[2026-08-02T13:28:57.048+0000] {logging_mixin.py:190} INFO - [2026-08-02T13:28:57.048+0000] {dag.py:4180} INFO - Setting next_dagrun for finascore_ml_pipeline to 2026-07-26 00:00:00+00:00, run_after=2026-08-02 00:00:00+00:00
[2026-08-02T13:28:57.068+0000] {processor.py:208} INFO - Processing /opt/airflow/dags/finascore_pipeline_dag.py took 0.128 seconds
[2026-08-02T13:29:27.218+0000] {processor.py:186} INFO - Started process (PID=2411) to work on /opt/airflow/dags/finascore_pipeline_dag.py
[2026-08-02T13:29:27.220+0000] {processor.py:914} INFO - Processing file /opt/airflow/dags/finascore_pipeline_dag.py for tasks to queue
[2026-08-02T13:29:27.222+0000] {logging_mixin.py:190} INFO - [2026-08-02T13:29:27.221+0000] {dagbag.py:588} INFO - Filling up the DagBag from /opt/airflow/dags/finascore_pipeline_dag.py
[2026-08-02T13:29:27.242+0000] {processor.py:925} INFO - DAG(s) 'finascore_ml_pipeline' retrieved from /opt/airflow/dags/finascore_pipeline_dag.py
[2026-08-02T13:29:27.299+0000] {logging_mixin.py:190} INFO - [2026-08-02T13:29:27.299+0000] {dag.py:3239} INFO - Sync 1 DAGs
[2026-08-02T13:29:27.333+0000] {logging_mixin.py:190} INFO - [2026-08-02T13:29:27.333+0000] {dag.py:4180} INFO - Setting next_dagrun for finascore_ml_pipeline to 2026-07-26 00:00:00+00:00, run_after=2026-08-02 00:00:00+00:00
[2026-08-02T13:29:27.359+0000] {processor.py:208} INFO - Processing /opt/airflow/dags/finascore_pipeline_dag.py took 0.150 seconds
[2026-08-02T13:29:57.548+0000] {processor.py:186} INFO - Started process (PID=2416) to work on /opt/airflow/dags/finascore_pipeline_dag.py
[2026-08-02T13:29:57.549+0000] {processor.py:914} INFO - Processing file /opt/airflow/dags/finascore_pipeline_dag.py for tasks to queue
[2026-08-02T13:29:57.552+0000] {logging_mixin.py:190} INFO - [2026-08-02T13:29:57.552+0000] {dagbag.py:588} INFO - Filling up the DagBag from /opt/airflow/dags/finascore_pipeline_dag.py
[2026-08-02T13:29:57.577+0000] {processor.py:925} INFO - DAG(s) 'finascore_ml_pipeline' retrieved from /opt/airflow/dags/finascore_pipeline_dag.py
[2026-08-02T13:29:57.640+0000] {logging_mixin.py:190} INFO - [2026-08-02T13:29:57.639+0000] {dag.py:3239} INFO - Sync 1 DAGs
[2026-08-02T13:29:57.682+0000] {logging_mixin.py:190} INFO - [2026-08-02T13:29:57.682+0000] {dag.py:4180} INFO - Setting next_dagrun for finascore_ml_pipeline to 2026-07-26 00:00:00+00:00, run_after=2026-08-02 00:00:00+00:00
[2026-08-02T13:29:57.710+0000] {processor.py:208} INFO - Processing /opt/airflow/dags/finascore_pipeline_dag.py took 0.174 seconds
[2026-08-02T13:30:27.886+0000] {processor.py:186} INFO - Started process (PID=2421) to work on /opt/airflow/dags/finascore_pipeline_dag.py
[2026-08-02T13:30:27.888+0000] {processor.py:914} INFO - Processing file /opt/airflow/dags/finascore_pipeline_dag.py for tasks to queue
[2026-08-02T13:30:27.891+0000] {logging_mixin.py:190} INFO - [2026-08-02T13:30:27.890+0000] {dagbag.py:588} INFO - Filling up the DagBag from /opt/airflow/dags/finascore_pipeline_dag.py
[2026-08-02T13:30:27.910+0000] {processor.py:925} INFO - DAG(s) 'finascore_ml_pipeline' retrieved from /opt/airflow/dags/finascore_pipeline_dag.py
[2026-08-02T13:30:27.952+0000] {logging_mixin.py:190} INFO - [2026-08-02T13:30:27.952+0000] {dag.py:3239} INFO - Sync 1 DAGs
[2026-08-02T13:30:27.983+0000] {logging_mixin.py:190} INFO - [2026-08-02T13:30:27.983+0000] {dag.py:4180} INFO - Setting next_dagrun for finascore_ml_pipeline to 2026-07-26 00:00:00+00:00, run_after=2026-08-02 00:00:00+00:00
[2026-08-02T13:30:28.006+0000] {processor.py:208} INFO - Processing /opt/airflow/dags/finascore_pipeline_dag.py took 0.131 seconds
[2026-08-02T13:30:58.163+0000] {processor.py:186} INFO - Started process (PID=2426) to work on /opt/airflow/dags/finascore_pipeline_dag.py
[2026-08-02T13:30:58.164+0000] {processor.py:914} INFO - Processing file /opt/airflow/dags/finascore_pipeline_dag.py for tasks to queue
[2026-08-02T13:30:58.167+0000] {logging_mixin.py:190} INFO - [2026-08-02T13:30:58.166+0000] {dagbag.py:588} INFO - Filling up the DagBag from /opt/airflow/dags/finascore_pipeline_dag.py
[2026-08-02T13:30:58.185+0000] {processor.py:925} INFO - DAG(s) 'finascore_ml_pipeline' retrieved from /opt/airflow/dags/finascore_pipeline_dag.py
[2026-08-02T13:30:58.227+0000] {logging_mixin.py:190} INFO - [2026-08-02T13:30:58.227+0000] {dag.py:3239} INFO - Sync 1 DAGs
[2026-08-02T13:30:58.262+0000] {logging_mixin.py:190} INFO - [2026-08-02T13:30:58.262+0000] {dag.py:4180} INFO - Setting next_dagrun for finascore_ml_pipeline to 2026-07-26 00:00:00+00:00, run_after=2026-08-02 00:00:00+00:00
[2026-08-02T13:30:58.286+0000] {processor.py:208} INFO - Processing /opt/airflow/dags/finascore_pipeline_dag.py took 0.130 seconds
[2026-08-02T13:31:28.450+0000] {processor.py:186} INFO - Started process (PID=2431) to work on /opt/airflow/dags/finascore_pipeline_dag.py
[2026-08-02T13:31:28.452+0000] {processor.py:914} INFO - Processing file /opt/airflow/dags/finascore_pipeline_dag.py for tasks to queue
[2026-08-02T13:31:28.454+0000] {logging_mixin.py:190} INFO - [2026-08-02T13:31:28.454+0000] {dagbag.py:588} INFO - Filling up the DagBag from /opt/airflow/dags/finascore_pipeline_dag.py
[2026-08-02T13:31:28.474+0000] {processor.py:925} INFO - DAG(s) 'finascore_ml_pipeline' retrieved from /opt/airflow/dags/finascore_pipeline_dag.py
[2026-08-02T13:31:28.517+0000] {logging_mixin.py:190} INFO - [2026-08-02T13:31:28.517+0000] {dag.py:3239} INFO - Sync 1 DAGs
[2026-08-02T13:31:28.550+0000] {logging_mixin.py:190} INFO - [2026-08-02T13:31:28.550+0000] {dag.py:4180} INFO - Setting next_dagrun for finascore_ml_pipeline to 2026-07-26 00:00:00+00:00, run_after=2026-08-02 00:00:00+00:00
[2026-08-02T13:31:28.569+0000] {processor.py:208} INFO - Processing /opt/airflow/dags/finascore_pipeline_dag.py took 0.127 seconds
[2026-08-02T13:31:58.733+0000] {processor.py:186} INFO - Started process (PID=2436) to work on /opt/airflow/dags/finascore_pipeline_dag.py
[2026-08-02T13:31:58.734+0000] {processor.py:914} INFO - Processing file /opt/airflow/dags/finascore_pipeline_dag.py for tasks to queue
[2026-08-02T13:31:58.735+0000] {logging_mixin.py:190} INFO - [2026-08-02T13:31:58.735+0000] {dagbag.py:588} INFO - Filling up the DagBag from /opt/airflow/dags/finascore_pipeline_dag.py
[2026-08-02T13:31:58.752+0000] {processor.py:925} INFO - DAG(s) 'finascore_ml_pipeline' retrieved from /opt/airflow/dags/finascore_pipeline_dag.py
[2026-08-02T13:31:58.796+0000] {logging_mixin.py:190} INFO - [2026-08-02T13:31:58.796+0000] {dag.py:3239} INFO - Sync 1 DAGs
[2026-08-02T13:31:58.827+0000] {logging_mixin.py:190} INFO - [2026-08-02T13:31:58.827+0000] {dag.py:4180} INFO - Setting next_dagrun for finascore_ml_pipeline to 2026-07-26 00:00:00+00:00, run_after=2026-08-02 00:00:00+00:00
[2026-08-02T13:31:58.852+0000] {processor.py:208} INFO - Processing /opt/airflow/dags/finascore_pipeline_dag.py took 0.127 seconds
[2026-08-02T13:32:29.015+0000] {processor.py:186} INFO - Started process (PID=2441) to work on /opt/airflow/dags/finascore_pipeline_dag.py
[2026-08-02T13:32:29.017+0000] {processor.py:914} INFO - Processing file /opt/airflow/dags/finascore_pipeline_dag.py for tasks to queue
[2026-08-02T13:32:29.019+0000] {logging_mixin.py:190} INFO - [2026-08-02T13:32:29.018+0000] {dagbag.py:588} INFO - Filling up the DagBag from /opt/airflow/dags/finascore_pipeline_dag.py
[2026-08-02T13:32:29.037+0000] {processor.py:925} INFO - DAG(s) 'finascore_ml_pipeline' retrieved from /opt/airflow/dags/finascore_pipeline_dag.py
[2026-08-02T13:32:29.078+0000] {logging_mixin.py:190} INFO - [2026-08-02T13:32:29.077+0000] {dag.py:3239} INFO - Sync 1 DAGs
[2026-08-02T13:32:29.116+0000] {logging_mixin.py:190} INFO - [2026-08-02T13:32:29.116+0000] {dag.py:4180} INFO - Setting next_dagrun for finascore_ml_pipeline to 2026-07-26 00:00:00+00:00, run_after=2026-08-02 00:00:00+00:00
[2026-08-02T13:32:29.135+0000] {processor.py:208} INFO - Processing /opt/airflow/dags/finascore_pipeline_dag.py took 0.130 seconds
[2026-08-02T13:32:59.288+0000] {processor.py:186} INFO - Started process (PID=2446) to work on /opt/airflow/dags/finascore_pipeline_dag.py
[2026-08-02T13:32:59.289+0000] {processor.py:914} INFO - Processing file /opt/airflow/dags/finascore_pipeline_dag.py for tasks to queue
[2026-08-02T13:32:59.292+0000] {logging_mixin.py:190} INFO - [2026-08-02T13:32:59.291+0000] {dagbag.py:588} INFO - Filling up the DagBag from /opt/airflow/dags/finascore_pipeline_dag.py
[2026-08-02T13:32:59.310+0000] {processor.py:925} INFO - DAG(s) 'finascore_ml_pipeline' retrieved from /opt/airflow/dags/finascore_pipeline_dag.py
[2026-08-02T13:32:59.349+0000] {logging_mixin.py:190} INFO - [2026-08-02T13:32:59.349+0000] {dag.py:3239} INFO - Sync 1 DAGs
[2026-08-02T13:32:59.382+0000] {logging_mixin.py:190} INFO - [2026-08-02T13:32:59.381+0000] {dag.py:4180} INFO - Setting next_dagrun for finascore_ml_pipeline to 2026-07-26 00:00:00+00:00, run_after=2026-08-02 00:00:00+00:00
[2026-08-02T13:32:59.401+0000] {processor.py:208} INFO - Processing /opt/airflow/dags/finascore_pipeline_dag.py took 0.121 seconds
[2026-08-02T13:33:29.460+0000] {processor.py:186} INFO - Started process (PID=2451) to work on /opt/airflow/dags/finascore_pipeline_dag.py
[2026-08-02T13:33:29.462+0000] {processor.py:914} INFO - Processing file /opt/airflow/dags/finascore_pipeline_dag.py for tasks to queue
[2026-08-02T13:33:29.464+0000] {logging_mixin.py:190} INFO - [2026-08-02T13:33:29.463+0000] {dagbag.py:588} INFO - Filling up the DagBag from /opt/airflow/dags/finascore_pipeline_dag.py
[2026-08-02T13:33:29.486+0000] {processor.py:925} INFO - DAG(s) 'finascore_ml_pipeline' retrieved from /opt/airflow/dags/finascore_pipeline_dag.py
[2026-08-02T13:33:29.534+0000] {logging_mixin.py:190} INFO - [2026-08-02T13:33:29.534+0000] {dag.py:3239} INFO - Sync 1 DAGs
[2026-08-02T13:33:29.574+0000] {logging_mixin.py:190} INFO - [2026-08-02T13:33:29.574+0000] {dag.py:4180} INFO - Setting next_dagrun for finascore_ml_pipeline to 2026-07-26 00:00:00+00:00, run_after=2026-08-02 00:00:00+00:00
[2026-08-02T13:33:29.597+0000] {processor.py:208} INFO - Processing /opt/airflow/dags/finascore_pipeline_dag.py took 0.160 seconds
[2026-08-02T13:33:59.724+0000] {processor.py:186} INFO - Started process (PID=2456) to work on /opt/airflow/dags/finascore_pipeline_dag.py
[2026-08-02T13:33:59.725+0000] {processor.py:914} INFO - Processing file /opt/airflow/dags/finascore_pipeline_dag.py for tasks to queue
[2026-08-02T13:33:59.727+0000] {logging_mixin.py:190} INFO - [2026-08-02T13:33:59.726+0000] {dagbag.py:588} INFO - Filling up the DagBag from /opt/airflow/dags/finascore_pipeline_dag.py
[2026-08-02T13:33:59.749+0000] {processor.py:925} INFO - DAG(s) 'finascore_ml_pipeline' retrieved from /opt/airflow/dags/finascore_pipeline_dag.py
[2026-08-02T13:33:59.791+0000] {logging_mixin.py:190} INFO - [2026-08-02T13:33:59.791+0000] {dag.py:3239} INFO - Sync 1 DAGs
[2026-08-02T13:33:59.825+0000] {logging_mixin.py:190} INFO - [2026-08-02T13:33:59.825+0000] {dag.py:4180} INFO - Setting next_dagrun for finascore_ml_pipeline to 2026-07-26 00:00:00+00:00, run_after=2026-08-02 00:00:00+00:00
[2026-08-02T13:33:59.848+0000] {processor.py:208} INFO - Processing /opt/airflow/dags/finascore_pipeline_dag.py took 0.134 seconds
[2026-08-02T13:34:29.887+0000] {processor.py:186} INFO - Started process (PID=2461) to work on /opt/airflow/dags/finascore_pipeline_dag.py
[2026-08-02T13:34:29.888+0000] {processor.py:914} INFO - Processing file /opt/airflow/dags/finascore_pipeline_dag.py for tasks to queue
[2026-08-02T13:34:29.890+0000] {logging_mixin.py:190} INFO - [2026-08-02T13:34:29.889+0000] {dagbag.py:588} INFO - Filling up the DagBag from /opt/airflow/dags/finascore_pipeline_dag.py
[2026-08-02T13:34:29.905+0000] {processor.py:925} INFO - DAG(s) 'finascore_ml_pipeline' retrieved from /opt/airflow/dags/finascore_pipeline_dag.py
[2026-08-02T13:34:29.943+0000] {logging_mixin.py:190} INFO - [2026-08-02T13:34:29.943+0000] {dag.py:3239} INFO - Sync 1 DAGs
[2026-08-02T13:34:29.976+0000] {logging_mixin.py:190} INFO - [2026-08-02T13:34:29.976+0000] {dag.py:4180} INFO - Setting next_dagrun for finascore_ml_pipeline to 2026-07-26 00:00:00+00:00, run_after=2026-08-02 00:00:00+00:00
[2026-08-02T13:34:30.000+0000] {processor.py:208} INFO - Processing /opt/airflow/dags/finascore_pipeline_dag.py took 0.122 seconds
[2026-08-02T13:35:00.143+0000] {processor.py:186} INFO - Started process (PID=2466) to work on /opt/airflow/dags/finascore_pipeline_dag.py
[2026-08-02T13:35:00.144+0000] {processor.py:914} INFO - Processing file /opt/airflow/dags/finascore_pipeline_dag.py for tasks to queue
[2026-08-02T13:35:00.145+0000] {logging_mixin.py:190} INFO - [2026-08-02T13:35:00.145+0000] {dagbag.py:588} INFO - Filling up the DagBag from /opt/airflow/dags/finascore_pipeline_dag.py
[2026-08-02T13:35:00.166+0000] {processor.py:925} INFO - DAG(s) 'finascore_ml_pipeline' retrieved from /opt/airflow/dags/finascore_pipeline_dag.py
[2026-08-02T13:35:00.208+0000] {logging_mixin.py:190} INFO - [2026-08-02T13:35:00.208+0000] {dag.py:3239} INFO - Sync 1 DAGs
[2026-08-02T13:35:00.241+0000] {logging_mixin.py:190} INFO - [2026-08-02T13:35:00.240+0000] {dag.py:4180} INFO - Setting next_dagrun for finascore_ml_pipeline to 2026-07-26 00:00:00+00:00, run_after=2026-08-02 00:00:00+00:00
[2026-08-02T13:35:00.261+0000] {processor.py:208} INFO - Processing /opt/airflow/dags/finascore_pipeline_dag.py took 0.125 seconds
[2026-08-02T13:35:30.299+0000] {processor.py:186} INFO - Started process (PID=2471) to work on /opt/airflow/dags/finascore_pipeline_dag.py
[2026-08-02T13:35:30.301+0000] {processor.py:914} INFO - Processing file /opt/airflow/dags/finascore_pipeline_dag.py for tasks to queue
[2026-08-02T13:35:30.302+0000] {logging_mixin.py:190} INFO - [2026-08-02T13:35:30.301+0000] {dagbag.py:588} INFO - Filling up the DagBag from /opt/airflow/dags/finascore_pipeline_dag.py
[2026-08-02T13:35:30.319+0000] {processor.py:925} INFO - DAG(s) 'finascore_ml_pipeline' retrieved from /opt/airflow/dags/finascore_pipeline_dag.py
[2026-08-02T13:35:30.360+0000] {logging_mixin.py:190} INFO - [2026-08-02T13:35:30.360+0000] {dag.py:3239} INFO - Sync 1 DAGs
[2026-08-02T13:35:30.391+0000] {logging_mixin.py:190} INFO - [2026-08-02T13:35:30.390+0000] {dag.py:4180} INFO - Setting next_dagrun for finascore_ml_pipeline to 2026-07-26 00:00:00+00:00, run_after=2026-08-02 00:00:00+00:00
[2026-08-02T13:35:30.413+0000] {processor.py:208} INFO - Processing /opt/airflow/dags/finascore_pipeline_dag.py took 0.122 seconds
[2026-08-02T13:36:00.554+0000] {processor.py:186} INFO - Started process (PID=2476) to work on /opt/airflow/dags/finascore_pipeline_dag.py
[2026-08-02T13:36:00.555+0000] {processor.py:914} INFO - Processing file /opt/airflow/dags/finascore_pipeline_dag.py for tasks to queue
[2026-08-02T13:36:00.556+0000] {logging_mixin.py:190} INFO - [2026-08-02T13:36:00.556+0000] {dagbag.py:588} INFO - Filling up the DagBag from /opt/airflow/dags/finascore_pipeline_dag.py
[2026-08-02T13:36:00.576+0000] {processor.py:925} INFO - DAG(s) 'finascore_ml_pipeline' retrieved from /opt/airflow/dags/finascore_pipeline_dag.py
[2026-08-02T13:36:00.618+0000] {logging_mixin.py:190} INFO - [2026-08-02T13:36:00.617+0000] {dag.py:3239} INFO - Sync 1 DAGs
[2026-08-02T13:36:00.650+0000] {logging_mixin.py:190} INFO - [2026-08-02T13:36:00.650+0000] {dag.py:4180} INFO - Setting next_dagrun for finascore_ml_pipeline to 2026-07-26 00:00:00+00:00, run_after=2026-08-02 00:00:00+00:00
[2026-08-02T13:36:00.672+0000] {processor.py:208} INFO - Processing /opt/airflow/dags/finascore_pipeline_dag.py took 0.126 seconds
[2026-08-02T13:36:30.716+0000] {processor.py:186} INFO - Started process (PID=2481) to work on /opt/airflow/dags/finascore_pipeline_dag.py
[2026-08-02T13:36:30.717+0000] {processor.py:914} INFO - Processing file /opt/airflow/dags/finascore_pipeline_dag.py for tasks to queue
[2026-08-02T13:36:30.718+0000] {logging_mixin.py:190} INFO - [2026-08-02T13:36:30.718+0000] {dagbag.py:588} INFO - Filling up the DagBag from /opt/airflow/dags/finascore_pipeline_dag.py
[2026-08-02T13:36:30.735+0000] {processor.py:925} INFO - DAG(s) 'finascore_ml_pipeline' retrieved from /opt/airflow/dags/finascore_pipeline_dag.py
[2026-08-02T13:36:30.779+0000] {logging_mixin.py:190} INFO - [2026-08-02T13:36:30.778+0000] {dag.py:3239} INFO - Sync 1 DAGs
[2026-08-02T13:36:30.812+0000] {logging_mixin.py:190} INFO - [2026-08-02T13:36:30.812+0000] {dag.py:4180} INFO - Setting next_dagrun for finascore_ml_pipeline to 2026-07-26 00:00:00+00:00, run_after=2026-08-02 00:00:00+00:00
[2026-08-02T13:36:30.835+0000] {processor.py:208} INFO - Processing /opt/airflow/dags/finascore_pipeline_dag.py took 0.129 seconds
[2026-08-02T13:37:00.950+0000] {processor.py:186} INFO - Started process (PID=2486) to work on /opt/airflow/dags/finascore_pipeline_dag.py
[2026-08-02T13:37:00.951+0000] {processor.py:914} INFO - Processing file /opt/airflow/dags/finascore_pipeline_dag.py for tasks to queue
[2026-08-02T13:37:00.954+0000] {logging_mixin.py:190} INFO - [2026-08-02T13:37:00.953+0000] {dagbag.py:588} INFO - Filling up the DagBag from /opt/airflow/dags/finascore_pipeline_dag.py
[2026-08-02T13:37:00.972+0000] {processor.py:925} INFO - DAG(s) 'finascore_ml_pipeline' retrieved from /opt/airflow/dags/finascore_pipeline_dag.py
[2026-08-02T13:37:01.014+0000] {logging_mixin.py:190} INFO - [2026-08-02T13:37:01.014+0000] {dag.py:3239} INFO - Sync 1 DAGs
[2026-08-02T13:37:01.046+0000] {logging_mixin.py:190} INFO - [2026-08-02T13:37:01.046+0000] {dag.py:4180} INFO - Setting next_dagrun for finascore_ml_pipeline to 2026-07-26 00:00:00+00:00, run_after=2026-08-02 00:00:00+00:00
[2026-08-02T13:37:01.070+0000] {processor.py:208} INFO - Processing /opt/airflow/dags/finascore_pipeline_dag.py took 0.128 seconds
[2026-08-02T13:37:31.121+0000] {processor.py:186} INFO - Started process (PID=2491) to work on /opt/airflow/dags/finascore_pipeline_dag.py
[2026-08-02T13:37:31.124+0000] {processor.py:914} INFO - Processing file /opt/airflow/dags/finascore_pipeline_dag.py for tasks to queue
[2026-08-02T13:37:31.126+0000] {logging_mixin.py:190} INFO - [2026-08-02T13:37:31.125+0000] {dagbag.py:588} INFO - Filling up the DagBag from /opt/airflow/dags/finascore_pipeline_dag.py
[2026-08-02T13:37:31.142+0000] {processor.py:925} INFO - DAG(s) 'finascore_ml_pipeline' retrieved from /opt/airflow/dags/finascore_pipeline_dag.py
[2026-08-02T13:37:31.185+0000] {logging_mixin.py:190} INFO - [2026-08-02T13:37:31.185+0000] {dag.py:3239} INFO - Sync 1 DAGs
[2026-08-02T13:37:31.220+0000] {logging_mixin.py:190} INFO - [2026-08-02T13:37:31.220+0000] {dag.py:4180} INFO - Setting next_dagrun for finascore_ml_pipeline to 2026-07-26 00:00:00+00:00, run_after=2026-08-02 00:00:00+00:00
[2026-08-02T13:37:31.239+0000] {processor.py:208} INFO - Processing /opt/airflow/dags/finascore_pipeline_dag.py took 0.128 seconds
[2026-08-02T13:38:01.367+0000] {processor.py:186} INFO - Started process (PID=2496) to work on /opt/airflow/dags/finascore_pipeline_dag.py
[2026-08-02T13:38:01.368+0000] {processor.py:914} INFO - Processing file /opt/airflow/dags/finascore_pipeline_dag.py for tasks to queue
[2026-08-02T13:38:01.369+0000] {logging_mixin.py:190} INFO - [2026-08-02T13:38:01.369+0000] {dagbag.py:588} INFO - Filling up the DagBag from /opt/airflow/dags/finascore_pipeline_dag.py
[2026-08-02T13:38:01.385+0000] {processor.py:925} INFO - DAG(s) 'finascore_ml_pipeline' retrieved from /opt/airflow/dags/finascore_pipeline_dag.py
[2026-08-02T13:38:01.424+0000] {logging_mixin.py:190} INFO - [2026-08-02T13:38:01.424+0000] {dag.py:3239} INFO - Sync 1 DAGs
[2026-08-02T13:38:01.453+0000] {logging_mixin.py:190} INFO - [2026-08-02T13:38:01.453+0000] {dag.py:4180} INFO - Setting next_dagrun for finascore_ml_pipeline to 2026-07-26 00:00:00+00:00, run_after=2026-08-02 00:00:00+00:00
[2026-08-02T13:38:01.490+0000] {processor.py:208} INFO - Processing /opt/airflow/dags/finascore_pipeline_dag.py took 0.132 seconds
[2026-08-02T13:38:31.543+0000] {processor.py:186} INFO - Started process (PID=2501) to work on /opt/airflow/dags/finascore_pipeline_dag.py
[2026-08-02T13:38:31.545+0000] {processor.py:914} INFO - Processing file /opt/airflow/dags/finascore_pipeline_dag.py for tasks to queue
[2026-08-02T13:38:31.547+0000] {logging_mixin.py:190} INFO - [2026-08-02T13:38:31.547+0000] {dagbag.py:588} INFO - Filling up the DagBag from /opt/airflow/dags/finascore_pipeline_dag.py
[2026-08-02T13:38:31.568+0000] {processor.py:925} INFO - DAG(s) 'finascore_ml_pipeline' retrieved from /opt/airflow/dags/finascore_pipeline_dag.py
[2026-08-02T13:38:31.611+0000] {logging_mixin.py:190} INFO - [2026-08-02T13:38:31.611+0000] {dag.py:3239} INFO - Sync 1 DAGs
[2026-08-02T13:38:31.650+0000] {logging_mixin.py:190} INFO - [2026-08-02T13:38:31.650+0000] {dag.py:4180} INFO - Setting next_dagrun for finascore_ml_pipeline to 2026-07-26 00:00:00+00:00, run_after=2026-08-02 00:00:00+00:00
[2026-08-02T13:38:31.672+0000] {processor.py:208} INFO - Processing /opt/airflow/dags/finascore_pipeline_dag.py took 0.138 seconds
[2026-08-02T13:39:01.783+0000] {processor.py:186} INFO - Started process (PID=2506) to work on /opt/airflow/dags/finascore_pipeline_dag.py
[2026-08-02T13:39:01.784+0000] {processor.py:914} INFO - Processing file /opt/airflow/dags/finascore_pipeline_dag.py for tasks to queue
[2026-08-02T13:39:01.786+0000] {logging_mixin.py:190} INFO - [2026-08-02T13:39:01.785+0000] {dagbag.py:588} INFO - Filling up the DagBag from /opt/airflow/dags/finascore_pipeline_dag.py
[2026-08-02T13:39:01.805+0000] {processor.py:925} INFO - DAG(s) 'finascore_ml_pipeline' retrieved from /opt/airflow/dags/finascore_pipeline_dag.py
[2026-08-02T13:39:01.842+0000] {logging_mixin.py:190} INFO - [2026-08-02T13:39:01.841+0000] {dag.py:3239} INFO - Sync 1 DAGs
[2026-08-02T13:39:01.873+0000] {logging_mixin.py:190} INFO - [2026-08-02T13:39:01.873+0000] {dag.py:4180} INFO - Setting next_dagrun for finascore_ml_pipeline to 2026-07-26 00:00:00+00:00, run_after=2026-08-02 00:00:00+00:00
[2026-08-02T13:39:01.890+0000] {processor.py:208} INFO - Processing /opt/airflow/dags/finascore_pipeline_dag.py took 0.114 seconds
[2026-08-02T13:39:31.951+0000] {processor.py:186} INFO - Started process (PID=2511) to work on /opt/airflow/dags/finascore_pipeline_dag.py
[2026-08-02T13:39:31.953+0000] {processor.py:914} INFO - Processing file /opt/airflow/dags/finascore_pipeline_dag.py for tasks to queue
[2026-08-02T13:39:31.956+0000] {logging_mixin.py:190} INFO - [2026-08-02T13:39:31.955+0000] {dagbag.py:588} INFO - Filling up the DagBag from /opt/airflow/dags/finascore_pipeline_dag.py
[2026-08-02T13:39:31.974+0000] {processor.py:925} INFO - DAG(s) 'finascore_ml_pipeline' retrieved from /opt/airflow/dags/finascore_pipeline_dag.py
[2026-08-02T13:39:32.011+0000] {logging_mixin.py:190} INFO - [2026-08-02T13:39:32.011+0000] {dag.py:3239} INFO - Sync 1 DAGs
[2026-08-02T13:39:32.047+0000] {logging_mixin.py:190} INFO - [2026-08-02T13:39:32.047+0000] {dag.py:4180} INFO - Setting next_dagrun for finascore_ml_pipeline to 2026-07-26 00:00:00+00:00, run_after=2026-08-02 00:00:00+00:00
[2026-08-02T13:39:32.072+0000] {processor.py:208} INFO - Processing /opt/airflow/dags/finascore_pipeline_dag.py took 0.131 seconds
[2026-08-02T13:40:02.170+0000] {processor.py:186} INFO - Started process (PID=2516) to work on /opt/airflow/dags/finascore_pipeline_dag.py
[2026-08-02T13:40:02.171+0000] {processor.py:914} INFO - Processing file /opt/airflow/dags/finascore_pipeline_dag.py for tasks to queue
[2026-08-02T13:40:02.172+0000] {logging_mixin.py:190} INFO - [2026-08-02T13:40:02.172+0000] {dagbag.py:588} INFO - Filling up the DagBag from /opt/airflow/dags/finascore_pipeline_dag.py
[2026-08-02T13:40:02.189+0000] {processor.py:925} INFO - DAG(s) 'finascore_ml_pipeline' retrieved from /opt/airflow/dags/finascore_pipeline_dag.py
[2026-08-02T13:40:02.229+0000] {logging_mixin.py:190} INFO - [2026-08-02T13:40:02.228+0000] {dag.py:3239} INFO - Sync 1 DAGs
[2026-08-02T13:40:02.256+0000] {logging_mixin.py:190} INFO - [2026-08-02T13:40:02.256+0000] {dag.py:4180} INFO - Setting next_dagrun for finascore_ml_pipeline to 2026-07-26 00:00:00+00:00, run_after=2026-08-02 00:00:00+00:00
[2026-08-02T13:40:02.278+0000] {processor.py:208} INFO - Processing /opt/airflow/dags/finascore_pipeline_dag.py took 0.115 seconds
[2026-08-02T13:40:32.346+0000] {processor.py:186} INFO - Started process (PID=2521) to work on /opt/airflow/dags/finascore_pipeline_dag.py
[2026-08-02T13:40:32.348+0000] {processor.py:914} INFO - Processing file /opt/airflow/dags/finascore_pipeline_dag.py for tasks to queue
[2026-08-02T13:40:32.350+0000] {logging_mixin.py:190} INFO - [2026-08-02T13:40:32.350+0000] {dagbag.py:588} INFO - Filling up the DagBag from /opt/airflow/dags/finascore_pipeline_dag.py
[2026-08-02T13:40:32.366+0000] {processor.py:925} INFO - DAG(s) 'finascore_ml_pipeline' retrieved from /opt/airflow/dags/finascore_pipeline_dag.py
[2026-08-02T13:40:32.407+0000] {logging_mixin.py:190} INFO - [2026-08-02T13:40:32.407+0000] {dag.py:3239} INFO - Sync 1 DAGs
[2026-08-02T13:40:32.435+0000] {logging_mixin.py:190} INFO - [2026-08-02T13:40:32.435+0000] {dag.py:4180} INFO - Setting next_dagrun for finascore_ml_pipeline to 2026-07-26 00:00:00+00:00, run_after=2026-08-02 00:00:00+00:00
[2026-08-02T13:40:32.454+0000] {processor.py:208} INFO - Processing /opt/airflow/dags/finascore_pipeline_dag.py took 0.116 seconds
[2026-08-02T13:41:02.570+0000] {processor.py:186} INFO - Started process (PID=2526) to work on /opt/airflow/dags/finascore_pipeline_dag.py
[2026-08-02T13:41:02.571+0000] {processor.py:914} INFO - Processing file /opt/airflow/dags/finascore_pipeline_dag.py for tasks to queue
[2026-08-02T13:41:02.572+0000] {logging_mixin.py:190} INFO - [2026-08-02T13:41:02.572+0000] {dagbag.py:588} INFO - Filling up the DagBag from /opt/airflow/dags/finascore_pipeline_dag.py
[2026-08-02T13:41:02.587+0000] {processor.py:925} INFO - DAG(s) 'finascore_ml_pipeline' retrieved from /opt/airflow/dags/finascore_pipeline_dag.py
[2026-08-02T13:41:02.623+0000] {logging_mixin.py:190} INFO - [2026-08-02T13:41:02.623+0000] {dag.py:3239} INFO - Sync 1 DAGs
[2026-08-02T13:41:02.652+0000] {logging_mixin.py:190} INFO - [2026-08-02T13:41:02.651+0000] {dag.py:4180} INFO - Setting next_dagrun for finascore_ml_pipeline to 2026-07-26 00:00:00+00:00, run_after=2026-08-02 00:00:00+00:00
[2026-08-02T13:41:02.669+0000] {processor.py:208} INFO - Processing /opt/airflow/dags/finascore_pipeline_dag.py took 0.107 seconds
[2026-08-02T13:41:32.736+0000] {processor.py:186} INFO - Started process (PID=2531) to work on /opt/airflow/dags/finascore_pipeline_dag.py
[2026-08-02T13:41:32.737+0000] {processor.py:914} INFO - Processing file /opt/airflow/dags/finascore_pipeline_dag.py for tasks to queue
[2026-08-02T13:41:32.739+0000] {logging_mixin.py:190} INFO - [2026-08-02T13:41:32.738+0000] {dagbag.py:588} INFO - Filling up the DagBag from /opt/airflow/dags/finascore_pipeline_dag.py
[2026-08-02T13:41:32.756+0000] {processor.py:925} INFO - DAG(s) 'finascore_ml_pipeline' retrieved from /opt/airflow/dags/finascore_pipeline_dag.py
[2026-08-02T13:41:32.796+0000] {logging_mixin.py:190} INFO - [2026-08-02T13:41:32.795+0000] {dag.py:3239} INFO - Sync 1 DAGs
[2026-08-02T13:41:32.829+0000] {logging_mixin.py:190} INFO - [2026-08-02T13:41:32.829+0000] {dag.py:4180} INFO - Setting next_dagrun for finascore_ml_pipeline to 2026-07-26 00:00:00+00:00, run_after=2026-08-02 00:00:00+00:00
[2026-08-02T13:41:32.849+0000] {processor.py:208} INFO - Processing /opt/airflow/dags/finascore_pipeline_dag.py took 0.122 seconds
[2026-08-02T13:42:02.947+0000] {processor.py:186} INFO - Started process (PID=2536) to work on /opt/airflow/dags/finascore_pipeline_dag.py
[2026-08-02T13:42:02.948+0000] {processor.py:914} INFO - Processing file /opt/airflow/dags/finascore_pipeline_dag.py for tasks to queue
[2026-08-02T13:42:02.950+0000] {logging_mixin.py:190} INFO - [2026-08-02T13:42:02.949+0000] {dagbag.py:588} INFO - Filling up the DagBag from /opt/airflow/dags/finascore_pipeline_dag.py
[2026-08-02T13:42:02.966+0000] {processor.py:925} INFO - DAG(s) 'finascore_ml_pipeline' retrieved from /opt/airflow/dags/finascore_pipeline_dag.py
[2026-08-02T13:42:03.005+0000] {logging_mixin.py:190} INFO - [2026-08-02T13:42:03.005+0000] {dag.py:3239} INFO - Sync 1 DAGs
[2026-08-02T13:42:03.034+0000] {logging_mixin.py:190} INFO - [2026-08-02T13:42:03.034+0000] {dag.py:4180} INFO - Setting next_dagrun for finascore_ml_pipeline to 2026-07-26 00:00:00+00:00, run_after=2026-08-02 00:00:00+00:00
[2026-08-02T13:42:03.052+0000] {processor.py:208} INFO - Processing /opt/airflow/dags/finascore_pipeline_dag.py took 0.114 seconds
[2026-08-02T13:42:33.117+0000] {processor.py:186} INFO - Started process (PID=2541) to work on /opt/airflow/dags/finascore_pipeline_dag.py
[2026-08-02T13:42:33.119+0000] {processor.py:914} INFO - Processing file /opt/airflow/dags/finascore_pipeline_dag.py for tasks to queue
[2026-08-02T13:42:33.120+0000] {logging_mixin.py:190} INFO - [2026-08-02T13:42:33.120+0000] {dagbag.py:588} INFO - Filling up the DagBag from /opt/airflow/dags/finascore_pipeline_dag.py
[2026-08-02T13:42:33.136+0000] {processor.py:925} INFO - DAG(s) 'finascore_ml_pipeline' retrieved from /opt/airflow/dags/finascore_pipeline_dag.py
[2026-08-02T13:42:33.177+0000] {logging_mixin.py:190} INFO - [2026-08-02T13:42:33.177+0000] {dag.py:3239} INFO - Sync 1 DAGs
[2026-08-02T13:42:33.203+0000] {logging_mixin.py:190} INFO - [2026-08-02T13:42:33.203+0000] {dag.py:4180} INFO - Setting next_dagrun for finascore_ml_pipeline to 2026-07-26 00:00:00+00:00, run_after=2026-08-02 00:00:00+00:00
[2026-08-02T13:42:33.223+0000] {processor.py:208} INFO - Processing /opt/airflow/dags/finascore_pipeline_dag.py took 0.114 seconds
[2026-08-02T13:43:03.352+0000] {processor.py:186} INFO - Started process (PID=2546) to work on /opt/airflow/dags/finascore_pipeline_dag.py
[2026-08-02T13:43:03.353+0000] {processor.py:914} INFO - Processing file /opt/airflow/dags/finascore_pipeline_dag.py for tasks to queue
[2026-08-02T13:43:03.354+0000] {logging_mixin.py:190} INFO - [2026-08-02T13:43:03.354+0000] {dagbag.py:588} INFO - Filling up the DagBag from /opt/airflow/dags/finascore_pipeline_dag.py
[2026-08-02T13:43:03.374+0000] {processor.py:925} INFO - DAG(s) 'finascore_ml_pipeline' retrieved from /opt/airflow/dags/finascore_pipeline_dag.py
[2026-08-02T13:43:03.410+0000] {logging_mixin.py:190} INFO - [2026-08-02T13:43:03.410+0000] {dag.py:3239} INFO - Sync 1 DAGs
[2026-08-02T13:43:03.439+0000] {logging_mixin.py:190} INFO - [2026-08-02T13:43:03.439+0000] {dag.py:4180} INFO - Setting next_dagrun for finascore_ml_pipeline to 2026-07-26 00:00:00+00:00, run_after=2026-08-02 00:00:00+00:00
[2026-08-02T13:43:03.458+0000] {processor.py:208} INFO - Processing /opt/airflow/dags/finascore_pipeline_dag.py took 0.113 seconds
[2026-08-02T13:43:33.544+0000] {processor.py:186} INFO - Started process (PID=2551) to work on /opt/airflow/dags/finascore_pipeline_dag.py
[2026-08-02T13:43:33.546+0000] {processor.py:914} INFO - Processing file /opt/airflow/dags/finascore_pipeline_dag.py for tasks to queue
[2026-08-02T13:43:33.548+0000] {logging_mixin.py:190} INFO - [2026-08-02T13:43:33.547+0000] {dagbag.py:588} INFO - Filling up the DagBag from /opt/airflow/dags/finascore_pipeline_dag.py
[2026-08-02T13:43:33.565+0000] {processor.py:925} INFO - DAG(s) 'finascore_ml_pipeline' retrieved from /opt/airflow/dags/finascore_pipeline_dag.py
[2026-08-02T13:43:33.605+0000] {logging_mixin.py:190} INFO - [2026-08-02T13:43:33.605+0000] {dag.py:3239} INFO - Sync 1 DAGs
[2026-08-02T13:43:33.634+0000] {logging_mixin.py:190} INFO - [2026-08-02T13:43:33.634+0000] {dag.py:4180} INFO - Setting next_dagrun for finascore_ml_pipeline to 2026-07-26 00:00:00+00:00, run_after=2026-08-02 00:00:00+00:00
[2026-08-02T13:43:33.657+0000] {processor.py:208} INFO - Processing /opt/airflow/dags/finascore_pipeline_dag.py took 0.128 seconds
[2026-08-02T13:44:03.755+0000] {processor.py:186} INFO - Started process (PID=2556) to work on /opt/airflow/dags/finascore_pipeline_dag.py
[2026-08-02T13:44:03.756+0000] {processor.py:914} INFO - Processing file /opt/airflow/dags/finascore_pipeline_dag.py for tasks to queue
[2026-08-02T13:44:03.758+0000] {logging_mixin.py:190} INFO - [2026-08-02T13:44:03.757+0000] {dagbag.py:588} INFO - Filling up the DagBag from /opt/airflow/dags/finascore_pipeline_dag.py
[2026-08-02T13:44:03.774+0000] {processor.py:925} INFO - DAG(s) 'finascore_ml_pipeline' retrieved from /opt/airflow/dags/finascore_pipeline_dag.py
[2026-08-02T13:44:03.814+0000] {logging_mixin.py:190} INFO - [2026-08-02T13:44:03.814+0000] {dag.py:3239} INFO - Sync 1 DAGs
[2026-08-02T13:44:03.846+0000] {logging_mixin.py:190} INFO - [2026-08-02T13:44:03.846+0000] {dag.py:4180} INFO - Setting next_dagrun for finascore_ml_pipeline to 2026-07-26 00:00:00+00:00, run_after=2026-08-02 00:00:00+00:00
[2026-08-02T13:44:03.863+0000] {processor.py:208} INFO - Processing /opt/airflow/dags/finascore_pipeline_dag.py took 0.116 seconds
[2026-08-02T13:44:33.946+0000] {processor.py:186} INFO - Started process (PID=2561) to work on /opt/airflow/dags/finascore_pipeline_dag.py
[2026-08-02T13:44:33.948+0000] {processor.py:914} INFO - Processing file /opt/airflow/dags/finascore_pipeline_dag.py for tasks to queue
[2026-08-02T13:44:33.950+0000] {logging_mixin.py:190} INFO - [2026-08-02T13:44:33.949+0000] {dagbag.py:588} INFO - Filling up the DagBag from /opt/airflow/dags/finascore_pipeline_dag.py
[2026-08-02T13:44:33.965+0000] {processor.py:925} INFO - DAG(s) 'finascore_ml_pipeline' retrieved from /opt/airflow/dags/finascore_pipeline_dag.py
[2026-08-02T13:44:34.004+0000] {logging_mixin.py:190} INFO - [2026-08-02T13:44:34.003+0000] {dag.py:3239} INFO - Sync 1 DAGs
[2026-08-02T13:44:34.034+0000] {logging_mixin.py:190} INFO - [2026-08-02T13:44:34.034+0000] {dag.py:4180} INFO - Setting next_dagrun for finascore_ml_pipeline to 2026-07-26 00:00:00+00:00, run_after=2026-08-02 00:00:00+00:00
[2026-08-02T13:44:34.051+0000] {processor.py:208} INFO - Processing /opt/airflow/dags/finascore_pipeline_dag.py took 0.115 seconds
[2026-08-02T13:45:04.143+0000] {processor.py:186} INFO - Started process (PID=2566) to work on /opt/airflow/dags/finascore_pipeline_dag.py
[2026-08-02T13:45:04.144+0000] {processor.py:914} INFO - Processing file /opt/airflow/dags/finascore_pipeline_dag.py for tasks to queue
[2026-08-02T13:45:04.145+0000] {logging_mixin.py:190} INFO - [2026-08-02T13:45:04.145+0000] {dagbag.py:588} INFO - Filling up the DagBag from /opt/airflow/dags/finascore_pipeline_dag.py
[2026-08-02T13:45:04.162+0000] {processor.py:925} INFO - DAG(s) 'finascore_ml_pipeline' retrieved from /opt/airflow/dags/finascore_pipeline_dag.py
[2026-08-02T13:45:04.203+0000] {logging_mixin.py:190} INFO - [2026-08-02T13:45:04.203+0000] {dag.py:3239} INFO - Sync 1 DAGs
[2026-08-02T13:45:04.232+0000] {logging_mixin.py:190} INFO - [2026-08-02T13:45:04.232+0000] {dag.py:4180} INFO - Setting next_dagrun for finascore_ml_pipeline to 2026-07-26 00:00:00+00:00, run_after=2026-08-02 00:00:00+00:00
[2026-08-02T13:45:04.249+0000] {processor.py:208} INFO - Processing /opt/airflow/dags/finascore_pipeline_dag.py took 0.115 seconds
[2026-08-02T13:45:34.331+0000] {processor.py:186} INFO - Started process (PID=2571) to work on /opt/airflow/dags/finascore_pipeline_dag.py
[2026-08-02T13:45:34.333+0000] {processor.py:914} INFO - Processing file /opt/airflow/dags/finascore_pipeline_dag.py for tasks to queue
[2026-08-02T13:45:34.334+0000] {logging_mixin.py:190} INFO - [2026-08-02T13:45:34.334+0000] {dagbag.py:588} INFO - Filling up the DagBag from /opt/airflow/dags/finascore_pipeline_dag.py
[2026-08-02T13:45:34.353+0000] {processor.py:925} INFO - DAG(s) 'finascore_ml_pipeline' retrieved from /opt/airflow/dags/finascore_pipeline_dag.py
[2026-08-02T13:45:34.394+0000] {logging_mixin.py:190} INFO - [2026-08-02T13:45:34.393+0000] {dag.py:3239} INFO - Sync 1 DAGs
[2026-08-02T13:45:34.421+0000] {logging_mixin.py:190} INFO - [2026-08-02T13:45:34.421+0000] {dag.py:4180} INFO - Setting next_dagrun for finascore_ml_pipeline to 2026-07-26 00:00:00+00:00, run_after=2026-08-02 00:00:00+00:00
[2026-08-02T13:45:34.445+0000] {processor.py:208} INFO - Processing /opt/airflow/dags/finascore_pipeline_dag.py took 0.122 seconds
[2026-08-02T13:46:04.564+0000] {processor.py:186} INFO - Started process (PID=2576) to work on /opt/airflow/dags/finascore_pipeline_dag.py
[2026-08-02T13:46:04.565+0000] {processor.py:914} INFO - Processing file /opt/airflow/dags/finascore_pipeline_dag.py for tasks to queue
[2026-08-02T13:46:04.566+0000] {logging_mixin.py:190} INFO - [2026-08-02T13:46:04.566+0000] {dagbag.py:588} INFO - Filling up the DagBag from /opt/airflow/dags/finascore_pipeline_dag.py
[2026-08-02T13:46:04.585+0000] {processor.py:925} INFO - DAG(s) 'finascore_ml_pipeline' retrieved from /opt/airflow/dags/finascore_pipeline_dag.py
[2026-08-02T13:46:04.623+0000] {logging_mixin.py:190} INFO - [2026-08-02T13:46:04.622+0000] {dag.py:3239} INFO - Sync 1 DAGs
[2026-08-02T13:46:04.651+0000] {logging_mixin.py:190} INFO - [2026-08-02T13:46:04.651+0000] {dag.py:4180} INFO - Setting next_dagrun for finascore_ml_pipeline to 2026-07-26 00:00:00+00:00, run_after=2026-08-02 00:00:00+00:00
[2026-08-02T13:46:04.669+0000] {processor.py:208} INFO - Processing /opt/airflow/dags/finascore_pipeline_dag.py took 0.111 seconds
[2026-08-02T13:46:34.745+0000] {processor.py:186} INFO - Started process (PID=2581) to work on /opt/airflow/dags/finascore_pipeline_dag.py
[2026-08-02T13:46:34.747+0000] {processor.py:914} INFO - Processing file /opt/airflow/dags/finascore_pipeline_dag.py for tasks to queue
[2026-08-02T13:46:34.749+0000] {logging_mixin.py:190} INFO - [2026-08-02T13:46:34.748+0000] {dagbag.py:588} INFO - Filling up the DagBag from /opt/airflow/dags/finascore_pipeline_dag.py
[2026-08-02T13:46:34.763+0000] {processor.py:925} INFO - DAG(s) 'finascore_ml_pipeline' retrieved from /opt/airflow/dags/finascore_pipeline_dag.py
[2026-08-02T13:46:34.803+0000] {logging_mixin.py:190} INFO - [2026-08-02T13:46:34.803+0000] {dag.py:3239} INFO - Sync 1 DAGs
[2026-08-02T13:46:34.832+0000] {logging_mixin.py:190} INFO - [2026-08-02T13:46:34.832+0000] {dag.py:4180} INFO - Setting next_dagrun for finascore_ml_pipeline to 2026-07-26 00:00:00+00:00, run_after=2026-08-02 00:00:00+00:00
[2026-08-02T13:46:34.851+0000] {processor.py:208} INFO - Processing /opt/airflow/dags/finascore_pipeline_dag.py took 0.114 seconds
[2026-08-02T13:47:04.944+0000] {processor.py:186} INFO - Started process (PID=2586) to work on /opt/airflow/dags/finascore_pipeline_dag.py
[2026-08-02T13:47:04.945+0000] {processor.py:914} INFO - Processing file /opt/airflow/dags/finascore_pipeline_dag.py for tasks to queue
[2026-08-02T13:47:04.947+0000] {logging_mixin.py:190} INFO - [2026-08-02T13:47:04.946+0000] {dagbag.py:588} INFO - Filling up the DagBag from /opt/airflow/dags/finascore_pipeline_dag.py
[2026-08-02T13:47:04.961+0000] {processor.py:925} INFO - DAG(s) 'finascore_ml_pipeline' retrieved from /opt/airflow/dags/finascore_pipeline_dag.py
[2026-08-02T13:47:05.001+0000] {logging_mixin.py:190} INFO - [2026-08-02T13:47:05.000+0000] {dag.py:3239} INFO - Sync 1 DAGs
[2026-08-02T13:47:05.032+0000] {logging_mixin.py:190} INFO - [2026-08-02T13:47:05.031+0000] {dag.py:4180} INFO - Setting next_dagrun for finascore_ml_pipeline to 2026-07-26 00:00:00+00:00, run_after=2026-08-02 00:00:00+00:00
[2026-08-02T13:47:05.053+0000] {processor.py:208} INFO - Processing /opt/airflow/dags/finascore_pipeline_dag.py took 0.117 seconds
[2026-08-02T13:47:35.134+0000] {processor.py:186} INFO - Started process (PID=2591) to work on /opt/airflow/dags/finascore_pipeline_dag.py
[2026-08-02T13:47:35.135+0000] {processor.py:914} INFO - Processing file /opt/airflow/dags/finascore_pipeline_dag.py for tasks to queue
[2026-08-02T13:47:35.137+0000] {logging_mixin.py:190} INFO - [2026-08-02T13:47:35.136+0000] {dagbag.py:588} INFO - Filling up the DagBag from /opt/airflow/dags/finascore_pipeline_dag.py
[2026-08-02T13:47:35.152+0000] {processor.py:925} INFO - DAG(s) 'finascore_ml_pipeline' retrieved from /opt/airflow/dags/finascore_pipeline_dag.py
[2026-08-02T13:47:35.191+0000] {logging_mixin.py:190} INFO - [2026-08-02T13:47:35.191+0000] {dag.py:3239} INFO - Sync 1 DAGs
[2026-08-02T13:47:35.219+0000] {logging_mixin.py:190} INFO - [2026-08-02T13:47:35.219+0000] {dag.py:4180} INFO - Setting next_dagrun for finascore_ml_pipeline to 2026-07-26 00:00:00+00:00, run_after=2026-08-02 00:00:00+00:00
[2026-08-02T13:47:35.239+0000] {processor.py:208} INFO - Processing /opt/airflow/dags/finascore_pipeline_dag.py took 0.113 seconds
[2026-08-02T13:48:05.349+0000] {processor.py:186} INFO - Started process (PID=2596) to work on /opt/airflow/dags/finascore_pipeline_dag.py
[2026-08-02T13:48:05.350+0000] {processor.py:914} INFO - Processing file /opt/airflow/dags/finascore_pipeline_dag.py for tasks to queue
[2026-08-02T13:48:05.351+0000] {logging_mixin.py:190} INFO - [2026-08-02T13:48:05.350+0000] {dagbag.py:588} INFO - Filling up the DagBag from /opt/airflow/dags/finascore_pipeline_dag.py
[2026-08-02T13:48:05.368+0000] {processor.py:925} INFO - DAG(s) 'finascore_ml_pipeline' retrieved from /opt/airflow/dags/finascore_pipeline_dag.py
[2026-08-02T13:48:05.404+0000] {logging_mixin.py:190} INFO - [2026-08-02T13:48:05.404+0000] {dag.py:3239} INFO - Sync 1 DAGs
[2026-08-02T13:48:05.433+0000] {logging_mixin.py:190} INFO - [2026-08-02T13:48:05.433+0000] {dag.py:4180} INFO - Setting next_dagrun for finascore_ml_pipeline to 2026-07-26 00:00:00+00:00, run_after=2026-08-02 00:00:00+00:00
[2026-08-02T13:48:05.453+0000] {processor.py:208} INFO - Processing /opt/airflow/dags/finascore_pipeline_dag.py took 0.112 seconds
[2026-08-02T13:48:35.543+0000] {processor.py:186} INFO - Started process (PID=2601) to work on /opt/airflow/dags/finascore_pipeline_dag.py
[2026-08-02T13:48:35.545+0000] {processor.py:914} INFO - Processing file /opt/airflow/dags/finascore_pipeline_dag.py for tasks to queue
[2026-08-02T13:48:35.546+0000] {logging_mixin.py:190} INFO - [2026-08-02T13:48:35.546+0000] {dagbag.py:588} INFO - Filling up the DagBag from /opt/airflow/dags/finascore_pipeline_dag.py
[2026-08-02T13:48:35.560+0000] {processor.py:925} INFO - DAG(s) 'finascore_ml_pipeline' retrieved from /opt/airflow/dags/finascore_pipeline_dag.py
[2026-08-02T13:48:35.598+0000] {logging_mixin.py:190} INFO - [2026-08-02T13:48:35.598+0000] {dag.py:3239} INFO - Sync 1 DAGs
[2026-08-02T13:48:35.624+0000] {logging_mixin.py:190} INFO - [2026-08-02T13:48:35.624+0000] {dag.py:4180} INFO - Setting next_dagrun for finascore_ml_pipeline to 2026-07-26 00:00:00+00:00, run_after=2026-08-02 00:00:00+00:00
[2026-08-02T13:48:35.641+0000] {processor.py:208} INFO - Processing /opt/airflow/dags/finascore_pipeline_dag.py took 0.105 seconds
[2026-08-02T13:49:05.741+0000] {processor.py:186} INFO - Started process (PID=2606) to work on /opt/airflow/dags/finascore_pipeline_dag.py
[2026-08-02T13:49:05.742+0000] {processor.py:914} INFO - Processing file /opt/airflow/dags/finascore_pipeline_dag.py for tasks to queue
[2026-08-02T13:49:05.743+0000] {logging_mixin.py:190} INFO - [2026-08-02T13:49:05.743+0000] {dagbag.py:588} INFO - Filling up the DagBag from /opt/airflow/dags/finascore_pipeline_dag.py
[2026-08-02T13:49:05.758+0000] {processor.py:925} INFO - DAG(s) 'finascore_ml_pipeline' retrieved from /opt/airflow/dags/finascore_pipeline_dag.py
[2026-08-02T13:49:05.799+0000] {logging_mixin.py:190} INFO - [2026-08-02T13:49:05.799+0000] {dag.py:3239} INFO - Sync 1 DAGs
[2026-08-02T13:49:05.824+0000] {logging_mixin.py:190} INFO - [2026-08-02T13:49:05.824+0000] {dag.py:4180} INFO - Setting next_dagrun for finascore_ml_pipeline to 2026-07-26 00:00:00+00:00, run_after=2026-08-02 00:00:00+00:00
[2026-08-02T13:49:05.844+0000] {processor.py:208} INFO - Processing /opt/airflow/dags/finascore_pipeline_dag.py took 0.112 seconds
[2026-08-02T13:49:35.922+0000] {processor.py:186} INFO - Started process (PID=2611) to work on /opt/airflow/dags/finascore_pipeline_dag.py
[2026-08-02T13:49:35.923+0000] {processor.py:914} INFO - Processing file /opt/airflow/dags/finascore_pipeline_dag.py for tasks to queue
[2026-08-02T13:49:35.925+0000] {logging_mixin.py:190} INFO - [2026-08-02T13:49:35.925+0000] {dagbag.py:588} INFO - Filling up the DagBag from /opt/airflow/dags/finascore_pipeline_dag.py
[2026-08-02T13:49:35.941+0000] {processor.py:925} INFO - DAG(s) 'finascore_ml_pipeline' retrieved from /opt/airflow/dags/finascore_pipeline_dag.py
[2026-08-02T13:49:35.978+0000] {logging_mixin.py:190} INFO - [2026-08-02T13:49:35.978+0000] {dag.py:3239} INFO - Sync 1 DAGs
[2026-08-02T13:49:36.007+0000] {logging_mixin.py:190} INFO - [2026-08-02T13:49:36.007+0000] {dag.py:4180} INFO - Setting next_dagrun for finascore_ml_pipeline to 2026-07-26 00:00:00+00:00, run_after=2026-08-02 00:00:00+00:00
[2026-08-02T13:49:36.023+0000] {processor.py:208} INFO - Processing /opt/airflow/dags/finascore_pipeline_dag.py took 0.111 seconds
[2026-08-02T13:50:06.142+0000] {processor.py:186} INFO - Started process (PID=2616) to work on /opt/airflow/dags/finascore_pipeline_dag.py
[2026-08-02T13:50:06.143+0000] {processor.py:914} INFO - Processing file /opt/airflow/dags/finascore_pipeline_dag.py for tasks to queue
[2026-08-02T13:50:06.149+0000] {logging_mixin.py:190} INFO - [2026-08-02T13:50:06.148+0000] {dagbag.py:588} INFO - Filling up the DagBag from /opt/airflow/dags/finascore_pipeline_dag.py
[2026-08-02T13:50:06.216+0000] {processor.py:925} INFO - DAG(s) 'finascore_ml_pipeline' retrieved from /opt/airflow/dags/finascore_pipeline_dag.py
[2026-08-02T13:50:06.317+0000] {logging_mixin.py:190} INFO - [2026-08-02T13:50:06.316+0000] {dag.py:3239} INFO - Sync 1 DAGs
[2026-08-02T13:50:06.394+0000] {logging_mixin.py:190} INFO - [2026-08-02T13:50:06.394+0000] {dag.py:4180} INFO - Setting next_dagrun for finascore_ml_pipeline to 2026-07-26 00:00:00+00:00, run_after=2026-08-02 00:00:00+00:00
[2026-08-02T13:50:06.443+0000] {processor.py:208} INFO - Processing /opt/airflow/dags/finascore_pipeline_dag.py took 0.317 seconds
[2026-08-02T13:50:36.605+0000] {processor.py:186} INFO - Started process (PID=2621) to work on /opt/airflow/dags/finascore_pipeline_dag.py
[2026-08-02T13:50:36.607+0000] {processor.py:914} INFO - Processing file /opt/airflow/dags/finascore_pipeline_dag.py for tasks to queue
[2026-08-02T13:50:36.608+0000] {logging_mixin.py:190} INFO - [2026-08-02T13:50:36.608+0000] {dagbag.py:588} INFO - Filling up the DagBag from /opt/airflow/dags/finascore_pipeline_dag.py
[2026-08-02T13:50:36.624+0000] {processor.py:925} INFO - DAG(s) 'finascore_ml_pipeline' retrieved from /opt/airflow/dags/finascore_pipeline_dag.py
[2026-08-02T13:50:36.674+0000] {logging_mixin.py:190} INFO - [2026-08-02T13:50:36.674+0000] {dag.py:3239} INFO - Sync 1 DAGs
[2026-08-02T13:50:36.709+0000] {logging_mixin.py:190} INFO - [2026-08-02T13:50:36.709+0000] {dag.py:4180} INFO - Setting next_dagrun for finascore_ml_pipeline to 2026-07-26 00:00:00+00:00, run_after=2026-08-02 00:00:00+00:00
[2026-08-02T13:50:36.726+0000] {processor.py:208} INFO - Processing /opt/airflow/dags/finascore_pipeline_dag.py took 0.130 seconds
[2026-08-02T13:51:06.873+0000] {processor.py:186} INFO - Started process (PID=2626) to work on /opt/airflow/dags/finascore_pipeline_dag.py
[2026-08-02T13:51:06.874+0000] {processor.py:914} INFO - Processing file /opt/airflow/dags/finascore_pipeline_dag.py for tasks to queue
[2026-08-02T13:51:06.875+0000] {logging_mixin.py:190} INFO - [2026-08-02T13:51:06.875+0000] {dagbag.py:588} INFO - Filling up the DagBag from /opt/airflow/dags/finascore_pipeline_dag.py
[2026-08-02T13:51:06.890+0000] {processor.py:925} INFO - DAG(s) 'finascore_ml_pipeline' retrieved from /opt/airflow/dags/finascore_pipeline_dag.py
[2026-08-02T13:51:06.927+0000] {logging_mixin.py:190} INFO - [2026-08-02T13:51:06.927+0000] {dag.py:3239} INFO - Sync 1 DAGs
[2026-08-02T13:51:06.954+0000] {logging_mixin.py:190} INFO - [2026-08-02T13:51:06.954+0000] {dag.py:4180} INFO - Setting next_dagrun for finascore_ml_pipeline to 2026-07-26 00:00:00+00:00, run_after=2026-08-02 00:00:00+00:00
[2026-08-02T13:51:06.970+0000] {processor.py:208} INFO - Processing /opt/airflow/dags/finascore_pipeline_dag.py took 0.104 seconds
[2026-08-02T13:51:37.005+0000] {processor.py:186} INFO - Started process (PID=2631) to work on /opt/airflow/dags/finascore_pipeline_dag.py
[2026-08-02T13:51:37.006+0000] {processor.py:914} INFO - Processing file /opt/airflow/dags/finascore_pipeline_dag.py for tasks to queue
[2026-08-02T13:51:37.008+0000] {logging_mixin.py:190} INFO - [2026-08-02T13:51:37.008+0000] {dagbag.py:588} INFO - Filling up the DagBag from /opt/airflow/dags/finascore_pipeline_dag.py
[2026-08-02T13:51:37.022+0000] {processor.py:925} INFO - DAG(s) 'finascore_ml_pipeline' retrieved from /opt/airflow/dags/finascore_pipeline_dag.py
[2026-08-02T13:51:37.061+0000] {logging_mixin.py:190} INFO - [2026-08-02T13:51:37.061+0000] {dag.py:3239} INFO - Sync 1 DAGs
[2026-08-02T13:51:37.087+0000] {logging_mixin.py:190} INFO - [2026-08-02T13:51:37.087+0000] {dag.py:4180} INFO - Setting next_dagrun for finascore_ml_pipeline to 2026-07-26 00:00:00+00:00, run_after=2026-08-02 00:00:00+00:00
[2026-08-02T13:51:37.107+0000] {processor.py:208} INFO - Processing /opt/airflow/dags/finascore_pipeline_dag.py took 0.110 seconds
[2026-08-02T13:52:07.254+0000] {processor.py:186} INFO - Started process (PID=2636) to work on /opt/airflow/dags/finascore_pipeline_dag.py
[2026-08-02T13:52:07.254+0000] {processor.py:914} INFO - Processing file /opt/airflow/dags/finascore_pipeline_dag.py for tasks to queue
[2026-08-02T13:52:07.256+0000] {logging_mixin.py:190} INFO - [2026-08-02T13:52:07.255+0000] {dagbag.py:588} INFO - Filling up the DagBag from /opt/airflow/dags/finascore_pipeline_dag.py
[2026-08-02T13:52:07.271+0000] {processor.py:925} INFO - DAG(s) 'finascore_ml_pipeline' retrieved from /opt/airflow/dags/finascore_pipeline_dag.py
[2026-08-02T13:52:07.306+0000] {logging_mixin.py:190} INFO - [2026-08-02T13:52:07.306+0000] {dag.py:3239} INFO - Sync 1 DAGs
[2026-08-02T13:52:07.333+0000] {logging_mixin.py:190} INFO - [2026-08-02T13:52:07.332+0000] {dag.py:4180} INFO - Setting next_dagrun for finascore_ml_pipeline to 2026-07-26 00:00:00+00:00, run_after=2026-08-02 00:00:00+00:00
[2026-08-02T13:52:07.352+0000] {processor.py:208} INFO - Processing /opt/airflow/dags/finascore_pipeline_dag.py took 0.105 seconds
[2026-08-02T13:52:37.425+0000] {processor.py:186} INFO - Started process (PID=2641) to work on /opt/airflow/dags/finascore_pipeline_dag.py
[2026-08-02T13:52:37.436+0000] {processor.py:914} INFO - Processing file /opt/airflow/dags/finascore_pipeline_dag.py for tasks to queue
[2026-08-02T13:52:37.437+0000] {logging_mixin.py:190} INFO - [2026-08-02T13:52:37.437+0000] {dagbag.py:588} INFO - Filling up the DagBag from /opt/airflow/dags/finascore_pipeline_dag.py
[2026-08-02T13:52:37.462+0000] {processor.py:925} INFO - DAG(s) 'finascore_ml_pipeline' retrieved from /opt/airflow/dags/finascore_pipeline_dag.py
[2026-08-02T13:52:37.526+0000] {logging_mixin.py:190} INFO - [2026-08-02T13:52:37.525+0000] {dag.py:3239} INFO - Sync 1 DAGs
[2026-08-02T13:52:37.594+0000] {logging_mixin.py:190} INFO - [2026-08-02T13:52:37.593+0000] {dag.py:4180} INFO - Setting next_dagrun for finascore_ml_pipeline to 2026-07-26 00:00:00+00:00, run_after=2026-08-02 00:00:00+00:00
[2026-08-02T13:52:37.623+0000] {processor.py:208} INFO - Processing /opt/airflow/dags/finascore_pipeline_dag.py took 0.217 seconds
[2026-08-02T13:53:07.659+0000] {processor.py:186} INFO - Started process (PID=2646) to work on /opt/airflow/dags/finascore_pipeline_dag.py
[2026-08-02T13:53:07.660+0000] {processor.py:914} INFO - Processing file /opt/airflow/dags/finascore_pipeline_dag.py for tasks to queue
[2026-08-02T13:53:07.662+0000] {logging_mixin.py:190} INFO - [2026-08-02T13:53:07.662+0000] {dagbag.py:588} INFO - Filling up the DagBag from /opt/airflow/dags/finascore_pipeline_dag.py
[2026-08-02T13:53:07.678+0000] {processor.py:925} INFO - DAG(s) 'finascore_ml_pipeline' retrieved from /opt/airflow/dags/finascore_pipeline_dag.py
[2026-08-02T13:53:07.716+0000] {logging_mixin.py:190} INFO - [2026-08-02T13:53:07.716+0000] {dag.py:3239} INFO - Sync 1 DAGs
[2026-08-02T13:53:07.748+0000] {logging_mixin.py:190} INFO - [2026-08-02T13:53:07.748+0000] {dag.py:4180} INFO - Setting next_dagrun for finascore_ml_pipeline to 2026-07-26 00:00:00+00:00, run_after=2026-08-02 00:00:00+00:00
[2026-08-02T13:53:07.768+0000] {processor.py:208} INFO - Processing /opt/airflow/dags/finascore_pipeline_dag.py took 0.118 seconds
[2026-08-02T13:53:37.905+0000] {processor.py:186} INFO - Started process (PID=2651) to work on /opt/airflow/dags/finascore_pipeline_dag.py
[2026-08-02T13:53:37.907+0000] {processor.py:914} INFO - Processing file /opt/airflow/dags/finascore_pipeline_dag.py for tasks to queue
[2026-08-02T13:53:37.908+0000] {logging_mixin.py:190} INFO - [2026-08-02T13:53:37.908+0000] {dagbag.py:588} INFO - Filling up the DagBag from /opt/airflow/dags/finascore_pipeline_dag.py
[2026-08-02T13:53:37.925+0000] {processor.py:925} INFO - DAG(s) 'finascore_ml_pipeline' retrieved from /opt/airflow/dags/finascore_pipeline_dag.py
[2026-08-02T13:53:37.966+0000] {logging_mixin.py:190} INFO - [2026-08-02T13:53:37.966+0000] {dag.py:3239} INFO - Sync 1 DAGs
[2026-08-02T13:53:38.001+0000] {logging_mixin.py:190} INFO - [2026-08-02T13:53:38.001+0000] {dag.py:4180} INFO - Setting next_dagrun for finascore_ml_pipeline to 2026-07-26 00:00:00+00:00, run_after=2026-08-02 00:00:00+00:00
[2026-08-02T13:53:38.025+0000] {processor.py:208} INFO - Processing /opt/airflow/dags/finascore_pipeline_dag.py took 0.129 seconds
[2026-08-02T13:54:08.166+0000] {processor.py:186} INFO - Started process (PID=2656) to work on /opt/airflow/dags/finascore_pipeline_dag.py
[2026-08-02T13:54:08.167+0000] {processor.py:914} INFO - Processing file /opt/airflow/dags/finascore_pipeline_dag.py for tasks to queue
[2026-08-02T13:54:08.168+0000] {logging_mixin.py:190} INFO - [2026-08-02T13:54:08.168+0000] {dagbag.py:588} INFO - Filling up the DagBag from /opt/airflow/dags/finascore_pipeline_dag.py
[2026-08-02T13:54:08.184+0000] {processor.py:925} INFO - DAG(s) 'finascore_ml_pipeline' retrieved from /opt/airflow/dags/finascore_pipeline_dag.py
[2026-08-02T13:54:08.235+0000] {logging_mixin.py:190} INFO - [2026-08-02T13:54:08.234+0000] {dag.py:3239} INFO - Sync 1 DAGs
[2026-08-02T13:54:08.262+0000] {logging_mixin.py:190} INFO - [2026-08-02T13:54:08.261+0000] {dag.py:4180} INFO - Setting next_dagrun for finascore_ml_pipeline to 2026-07-26 00:00:00+00:00, run_after=2026-08-02 00:00:00+00:00
[2026-08-02T13:54:08.280+0000] {processor.py:208} INFO - Processing /opt/airflow/dags/finascore_pipeline_dag.py took 0.121 seconds
[2026-08-02T13:54:38.430+0000] {processor.py:186} INFO - Started process (PID=2661) to work on /opt/airflow/dags/finascore_pipeline_dag.py
[2026-08-02T13:54:38.431+0000] {processor.py:914} INFO - Processing file /opt/airflow/dags/finascore_pipeline_dag.py for tasks to queue
[2026-08-02T13:54:38.433+0000] {logging_mixin.py:190} INFO - [2026-08-02T13:54:38.432+0000] {dagbag.py:588} INFO - Filling up the DagBag from /opt/airflow/dags/finascore_pipeline_dag.py
[2026-08-02T13:54:38.451+0000] {processor.py:925} INFO - DAG(s) 'finascore_ml_pipeline' retrieved from /opt/airflow/dags/finascore_pipeline_dag.py
[2026-08-02T13:54:38.492+0000] {logging_mixin.py:190} INFO - [2026-08-02T13:54:38.492+0000] {dag.py:3239} INFO - Sync 1 DAGs
[2026-08-02T13:54:38.522+0000] {logging_mixin.py:190} INFO - [2026-08-02T13:54:38.522+0000] {dag.py:4180} INFO - Setting next_dagrun for finascore_ml_pipeline to 2026-07-26 00:00:00+00:00, run_after=2026-08-02 00:00:00+00:00
[2026-08-02T13:54:38.541+0000] {processor.py:208} INFO - Processing /opt/airflow/dags/finascore_pipeline_dag.py took 0.118 seconds
[2026-08-02T13:55:08.586+0000] {processor.py:186} INFO - Started process (PID=2666) to work on /opt/airflow/dags/finascore_pipeline_dag.py
[2026-08-02T13:55:08.587+0000] {processor.py:914} INFO - Processing file /opt/airflow/dags/finascore_pipeline_dag.py for tasks to queue
[2026-08-02T13:55:08.590+0000] {logging_mixin.py:190} INFO - [2026-08-02T13:55:08.589+0000] {dagbag.py:588} INFO - Filling up the DagBag from /opt/airflow/dags/finascore_pipeline_dag.py
[2026-08-02T13:55:08.606+0000] {processor.py:925} INFO - DAG(s) 'finascore_ml_pipeline' retrieved from /opt/airflow/dags/finascore_pipeline_dag.py
[2026-08-02T13:55:08.645+0000] {logging_mixin.py:190} INFO - [2026-08-02T13:55:08.645+0000] {dag.py:3239} INFO - Sync 1 DAGs
[2026-08-02T13:55:08.677+0000] {logging_mixin.py:190} INFO - [2026-08-02T13:55:08.677+0000] {dag.py:4180} INFO - Setting next_dagrun for finascore_ml_pipeline to 2026-07-26 00:00:00+00:00, run_after=2026-08-02 00:00:00+00:00
[2026-08-02T13:55:08.714+0000] {processor.py:208} INFO - Processing /opt/airflow/dags/finascore_pipeline_dag.py took 0.134 seconds
[2026-08-02T13:55:38.832+0000] {processor.py:186} INFO - Started process (PID=2671) to work on /opt/airflow/dags/finascore_pipeline_dag.py
[2026-08-02T13:55:38.834+0000] {processor.py:914} INFO - Processing file /opt/airflow/dags/finascore_pipeline_dag.py for tasks to queue
[2026-08-02T13:55:38.836+0000] {logging_mixin.py:190} INFO - [2026-08-02T13:55:38.836+0000] {dagbag.py:588} INFO - Filling up the DagBag from /opt/airflow/dags/finascore_pipeline_dag.py
[2026-08-02T13:55:38.857+0000] {processor.py:925} INFO - DAG(s) 'finascore_ml_pipeline' retrieved from /opt/airflow/dags/finascore_pipeline_dag.py
[2026-08-02T13:55:38.896+0000] {logging_mixin.py:190} INFO - [2026-08-02T13:55:38.896+0000] {dag.py:3239} INFO - Sync 1 DAGs
[2026-08-02T13:55:38.924+0000] {logging_mixin.py:190} INFO - [2026-08-02T13:55:38.924+0000] {dag.py:4180} INFO - Setting next_dagrun for finascore_ml_pipeline to 2026-07-26 00:00:00+00:00, run_after=2026-08-02 00:00:00+00:00
[2026-08-02T13:55:38.945+0000] {processor.py:208} INFO - Processing /opt/airflow/dags/finascore_pipeline_dag.py took 0.122 seconds
[2026-08-02T13:56:09.004+0000] {processor.py:186} INFO - Started process (PID=2676) to work on /opt/airflow/dags/finascore_pipeline_dag.py
[2026-08-02T13:56:09.005+0000] {processor.py:914} INFO - Processing file /opt/airflow/dags/finascore_pipeline_dag.py for tasks to queue
[2026-08-02T13:56:09.007+0000] {logging_mixin.py:190} INFO - [2026-08-02T13:56:09.006+0000] {dagbag.py:588} INFO - Filling up the DagBag from /opt/airflow/dags/finascore_pipeline_dag.py
[2026-08-02T13:56:09.024+0000] {processor.py:925} INFO - DAG(s) 'finascore_ml_pipeline' retrieved from /opt/airflow/dags/finascore_pipeline_dag.py
[2026-08-02T13:56:09.065+0000] {logging_mixin.py:190} INFO - [2026-08-02T13:56:09.065+0000] {dag.py:3239} INFO - Sync 1 DAGs
[2026-08-02T13:56:09.095+0000] {logging_mixin.py:190} INFO - [2026-08-02T13:56:09.095+0000] {dag.py:4180} INFO - Setting next_dagrun for finascore_ml_pipeline to 2026-07-26 00:00:00+00:00, run_after=2026-08-02 00:00:00+00:00
[2026-08-02T13:56:09.114+0000] {processor.py:208} INFO - Processing /opt/airflow/dags/finascore_pipeline_dag.py took 0.119 seconds
[2026-08-02T13:56:39.229+0000] {processor.py:186} INFO - Started process (PID=2681) to work on /opt/airflow/dags/finascore_pipeline_dag.py
[2026-08-02T13:56:39.230+0000] {processor.py:914} INFO - Processing file /opt/airflow/dags/finascore_pipeline_dag.py for tasks to queue
[2026-08-02T13:56:39.232+0000] {logging_mixin.py:190} INFO - [2026-08-02T13:56:39.231+0000] {dagbag.py:588} INFO - Filling up the DagBag from /opt/airflow/dags/finascore_pipeline_dag.py
[2026-08-02T13:56:39.252+0000] {processor.py:925} INFO - DAG(s) 'finascore_ml_pipeline' retrieved from /opt/airflow/dags/finascore_pipeline_dag.py
[2026-08-02T13:56:39.290+0000] {logging_mixin.py:190} INFO - [2026-08-02T13:56:39.290+0000] {dag.py:3239} INFO - Sync 1 DAGs
[2026-08-02T13:56:39.316+0000] {logging_mixin.py:190} INFO - [2026-08-02T13:56:39.316+0000] {dag.py:4180} INFO - Setting next_dagrun for finascore_ml_pipeline to 2026-07-26 00:00:00+00:00, run_after=2026-08-02 00:00:00+00:00
[2026-08-02T13:56:39.335+0000] {processor.py:208} INFO - Processing /opt/airflow/dags/finascore_pipeline_dag.py took 0.114 seconds
[2026-08-02T13:57:09.430+0000] {processor.py:186} INFO - Started process (PID=2686) to work on /opt/airflow/dags/finascore_pipeline_dag.py
[2026-08-02T13:57:09.431+0000] {processor.py:914} INFO - Processing file /opt/airflow/dags/finascore_pipeline_dag.py for tasks to queue
[2026-08-02T13:57:09.432+0000] {logging_mixin.py:190} INFO - [2026-08-02T13:57:09.432+0000] {dagbag.py:588} INFO - Filling up the DagBag from /opt/airflow/dags/finascore_pipeline_dag.py
[2026-08-02T13:57:09.448+0000] {processor.py:925} INFO - DAG(s) 'finascore_ml_pipeline' retrieved from /opt/airflow/dags/finascore_pipeline_dag.py
[2026-08-02T13:57:09.487+0000] {logging_mixin.py:190} INFO - [2026-08-02T13:57:09.486+0000] {dag.py:3239} INFO - Sync 1 DAGs
[2026-08-02T13:57:09.517+0000] {logging_mixin.py:190} INFO - [2026-08-02T13:57:09.517+0000] {dag.py:4180} INFO - Setting next_dagrun for finascore_ml_pipeline to 2026-07-26 00:00:00+00:00, run_after=2026-08-02 00:00:00+00:00
[2026-08-02T13:57:09.533+0000] {processor.py:208} INFO - Processing /opt/airflow/dags/finascore_pipeline_dag.py took 0.113 seconds
[2026-08-02T13:57:39.656+0000] {processor.py:186} INFO - Started process (PID=2691) to work on /opt/airflow/dags/finascore_pipeline_dag.py
[2026-08-02T13:57:39.658+0000] {processor.py:914} INFO - Processing file /opt/airflow/dags/finascore_pipeline_dag.py for tasks to queue
[2026-08-02T13:57:39.660+0000] {logging_mixin.py:190} INFO - [2026-08-02T13:57:39.659+0000] {dagbag.py:588} INFO - Filling up the DagBag from /opt/airflow/dags/finascore_pipeline_dag.py
[2026-08-02T13:57:39.677+0000] {processor.py:925} INFO - DAG(s) 'finascore_ml_pipeline' retrieved from /opt/airflow/dags/finascore_pipeline_dag.py
[2026-08-02T13:57:39.717+0000] {logging_mixin.py:190} INFO - [2026-08-02T13:57:39.717+0000] {dag.py:3239} INFO - Sync 1 DAGs
[2026-08-02T13:57:39.749+0000] {logging_mixin.py:190} INFO - [2026-08-02T13:57:39.748+0000] {dag.py:4180} INFO - Setting next_dagrun for finascore_ml_pipeline to 2026-07-26 00:00:00+00:00, run_after=2026-08-02 00:00:00+00:00
[2026-08-02T13:57:39.770+0000] {processor.py:208} INFO - Processing /opt/airflow/dags/finascore_pipeline_dag.py took 0.121 seconds
[2026-08-02T13:58:09.846+0000] {processor.py:186} INFO - Started process (PID=2696) to work on /opt/airflow/dags/finascore_pipeline_dag.py
[2026-08-02T13:58:09.847+0000] {processor.py:914} INFO - Processing file /opt/airflow/dags/finascore_pipeline_dag.py for tasks to queue
[2026-08-02T13:58:09.848+0000] {logging_mixin.py:190} INFO - [2026-08-02T13:58:09.848+0000] {dagbag.py:588} INFO - Filling up the DagBag from /opt/airflow/dags/finascore_pipeline_dag.py
[2026-08-02T13:58:09.864+0000] {processor.py:925} INFO - DAG(s) 'finascore_ml_pipeline' retrieved from /opt/airflow/dags/finascore_pipeline_dag.py
[2026-08-02T13:58:09.905+0000] {logging_mixin.py:190} INFO - [2026-08-02T13:58:09.905+0000] {dag.py:3239} INFO - Sync 1 DAGs
[2026-08-02T13:58:09.935+0000] {logging_mixin.py:190} INFO - [2026-08-02T13:58:09.934+0000] {dag.py:4180} INFO - Setting next_dagrun for finascore_ml_pipeline to 2026-07-26 00:00:00+00:00, run_after=2026-08-02 00:00:00+00:00
[2026-08-02T13:58:09.953+0000] {processor.py:208} INFO - Processing /opt/airflow/dags/finascore_pipeline_dag.py took 0.116 seconds
[2026-08-02T13:58:40.089+0000] {processor.py:186} INFO - Started process (PID=2701) to work on /opt/airflow/dags/finascore_pipeline_dag.py
[2026-08-02T13:58:40.091+0000] {processor.py:914} INFO - Processing file /opt/airflow/dags/finascore_pipeline_dag.py for tasks to queue
[2026-08-02T13:58:40.100+0000] {logging_mixin.py:190} INFO - [2026-08-02T13:58:40.099+0000] {dagbag.py:588} INFO - Filling up the DagBag from /opt/airflow/dags/finascore_pipeline_dag.py
[2026-08-02T13:58:40.125+0000] {processor.py:925} INFO - DAG(s) 'finascore_ml_pipeline' retrieved from /opt/airflow/dags/finascore_pipeline_dag.py
[2026-08-02T13:58:40.181+0000] {logging_mixin.py:190} INFO - [2026-08-02T13:58:40.181+0000] {dag.py:3239} INFO - Sync 1 DAGs
[2026-08-02T13:58:40.226+0000] {logging_mixin.py:190} INFO - [2026-08-02T13:58:40.226+0000] {dag.py:4180} INFO - Setting next_dagrun for finascore_ml_pipeline to 2026-07-26 00:00:00+00:00, run_after=2026-08-02 00:00:00+00:00
[2026-08-02T13:58:40.255+0000] {processor.py:208} INFO - Processing /opt/airflow/dags/finascore_pipeline_dag.py took 0.182 seconds
[2026-08-02T13:59:10.435+0000] {processor.py:186} INFO - Started process (PID=2706) to work on /opt/airflow/dags/finascore_pipeline_dag.py
[2026-08-02T13:59:10.436+0000] {processor.py:914} INFO - Processing file /opt/airflow/dags/finascore_pipeline_dag.py for tasks to queue
[2026-08-02T13:59:10.437+0000] {logging_mixin.py:190} INFO - [2026-08-02T13:59:10.436+0000] {dagbag.py:588} INFO - Filling up the DagBag from /opt/airflow/dags/finascore_pipeline_dag.py
[2026-08-02T13:59:10.454+0000] {processor.py:925} INFO - DAG(s) 'finascore_ml_pipeline' retrieved from /opt/airflow/dags/finascore_pipeline_dag.py
[2026-08-02T13:59:10.494+0000] {logging_mixin.py:190} INFO - [2026-08-02T13:59:10.493+0000] {dag.py:3239} INFO - Sync 1 DAGs
[2026-08-02T13:59:10.522+0000] {logging_mixin.py:190} INFO - [2026-08-02T13:59:10.521+0000] {dag.py:4180} INFO - Setting next_dagrun for finascore_ml_pipeline to 2026-07-26 00:00:00+00:00, run_after=2026-08-02 00:00:00+00:00
[2026-08-02T13:59:10.541+0000] {processor.py:208} INFO - Processing /opt/airflow/dags/finascore_pipeline_dag.py took 0.114 seconds
[2026-08-02T13:59:40.597+0000] {processor.py:186} INFO - Started process (PID=2711) to work on /opt/airflow/dags/finascore_pipeline_dag.py
[2026-08-02T13:59:40.600+0000] {processor.py:914} INFO - Processing file /opt/airflow/dags/finascore_pipeline_dag.py for tasks to queue
[2026-08-02T13:59:40.601+0000] {logging_mixin.py:190} INFO - [2026-08-02T13:59:40.601+0000] {dagbag.py:588} INFO - Filling up the DagBag from /opt/airflow/dags/finascore_pipeline_dag.py
[2026-08-02T13:59:40.620+0000] {processor.py:925} INFO - DAG(s) 'finascore_ml_pipeline' retrieved from /opt/airflow/dags/finascore_pipeline_dag.py
[2026-08-02T13:59:40.664+0000] {logging_mixin.py:190} INFO - [2026-08-02T13:59:40.664+0000] {dag.py:3239} INFO - Sync 1 DAGs
[2026-08-02T13:59:40.699+0000] {logging_mixin.py:190} INFO - [2026-08-02T13:59:40.699+0000] {dag.py:4180} INFO - Setting next_dagrun for finascore_ml_pipeline to 2026-07-26 00:00:00+00:00, run_after=2026-08-02 00:00:00+00:00
[2026-08-02T13:59:40.720+0000] {processor.py:208} INFO - Processing /opt/airflow/dags/finascore_pipeline_dag.py took 0.132 seconds
[2026-08-02T14:00:10.868+0000] {processor.py:186} INFO - Started process (PID=2716) to work on /opt/airflow/dags/finascore_pipeline_dag.py
[2026-08-02T14:00:10.869+0000] {processor.py:914} INFO - Processing file /opt/airflow/dags/finascore_pipeline_dag.py for tasks to queue
[2026-08-02T14:00:10.871+0000] {logging_mixin.py:190} INFO - [2026-08-02T14:00:10.870+0000] {dagbag.py:588} INFO - Filling up the DagBag from /opt/airflow/dags/finascore_pipeline_dag.py
[2026-08-02T14:00:10.890+0000] {processor.py:925} INFO - DAG(s) 'finascore_ml_pipeline' retrieved from /opt/airflow/dags/finascore_pipeline_dag.py
[2026-08-02T14:00:10.930+0000] {logging_mixin.py:190} INFO - [2026-08-02T14:00:10.930+0000] {dag.py:3239} INFO - Sync 1 DAGs
[2026-08-02T14:00:10.968+0000] {logging_mixin.py:190} INFO - [2026-08-02T14:00:10.967+0000] {dag.py:4180} INFO - Setting next_dagrun for finascore_ml_pipeline to 2026-07-26 00:00:00+00:00, run_after=2026-08-02 00:00:00+00:00
[2026-08-02T14:00:10.990+0000] {processor.py:208} INFO - Processing /opt/airflow/dags/finascore_pipeline_dag.py took 0.133 seconds
[2026-08-02T14:00:41.145+0000] {processor.py:186} INFO - Started process (PID=2721) to work on /opt/airflow/dags/finascore_pipeline_dag.py
[2026-08-02T14:00:41.147+0000] {processor.py:914} INFO - Processing file /opt/airflow/dags/finascore_pipeline_dag.py for tasks to queue
[2026-08-02T14:00:41.148+0000] {logging_mixin.py:190} INFO - [2026-08-02T14:00:41.147+0000] {dagbag.py:588} INFO - Filling up the DagBag from /opt/airflow/dags/finascore_pipeline_dag.py
[2026-08-02T14:00:41.163+0000] {processor.py:925} INFO - DAG(s) 'finascore_ml_pipeline' retrieved from /opt/airflow/dags/finascore_pipeline_dag.py
[2026-08-02T14:00:41.202+0000] {logging_mixin.py:190} INFO - [2026-08-02T14:00:41.202+0000] {dag.py:3239} INFO - Sync 1 DAGs
[2026-08-02T14:00:41.233+0000] {logging_mixin.py:190} INFO - [2026-08-02T14:00:41.233+0000] {dag.py:4180} INFO - Setting next_dagrun for finascore_ml_pipeline to 2026-07-26 00:00:00+00:00, run_after=2026-08-02 00:00:00+00:00
[2026-08-02T14:00:41.252+0000] {processor.py:208} INFO - Processing /opt/airflow/dags/finascore_pipeline_dag.py took 0.115 seconds
[2026-08-02T14:01:11.400+0000] {processor.py:186} INFO - Started process (PID=2726) to work on /opt/airflow/dags/finascore_pipeline_dag.py
[2026-08-02T14:01:11.401+0000] {processor.py:914} INFO - Processing file /opt/airflow/dags/finascore_pipeline_dag.py for tasks to queue
[2026-08-02T14:01:11.402+0000] {logging_mixin.py:190} INFO - [2026-08-02T14:01:11.402+0000] {dagbag.py:588} INFO - Filling up the DagBag from /opt/airflow/dags/finascore_pipeline_dag.py
[2026-08-02T14:01:11.419+0000] {processor.py:925} INFO - DAG(s) 'finascore_ml_pipeline' retrieved from /opt/airflow/dags/finascore_pipeline_dag.py
[2026-08-02T14:01:11.456+0000] {logging_mixin.py:190} INFO - [2026-08-02T14:01:11.455+0000] {dag.py:3239} INFO - Sync 1 DAGs
[2026-08-02T14:01:11.485+0000] {logging_mixin.py:190} INFO - [2026-08-02T14:01:11.485+0000] {dag.py:4180} INFO - Setting next_dagrun for finascore_ml_pipeline to 2026-07-26 00:00:00+00:00, run_after=2026-08-02 00:00:00+00:00
[2026-08-02T14:01:11.505+0000] {processor.py:208} INFO - Processing /opt/airflow/dags/finascore_pipeline_dag.py took 0.113 seconds
[2026-08-02T14:01:41.669+0000] {processor.py:186} INFO - Started process (PID=2731) to work on /opt/airflow/dags/finascore_pipeline_dag.py
[2026-08-02T14:01:41.671+0000] {processor.py:914} INFO - Processing file /opt/airflow/dags/finascore_pipeline_dag.py for tasks to queue
[2026-08-02T14:01:41.672+0000] {logging_mixin.py:190} INFO - [2026-08-02T14:01:41.672+0000] {dagbag.py:588} INFO - Filling up the DagBag from /opt/airflow/dags/finascore_pipeline_dag.py
[2026-08-02T14:01:41.688+0000] {processor.py:925} INFO - DAG(s) 'finascore_ml_pipeline' retrieved from /opt/airflow/dags/finascore_pipeline_dag.py
[2026-08-02T14:01:41.732+0000] {logging_mixin.py:190} INFO - [2026-08-02T14:01:41.732+0000] {dag.py:3239} INFO - Sync 1 DAGs
[2026-08-02T14:01:41.766+0000] {logging_mixin.py:190} INFO - [2026-08-02T14:01:41.766+0000] {dag.py:4180} INFO - Setting next_dagrun for finascore_ml_pipeline to 2026-07-26 00:00:00+00:00, run_after=2026-08-02 00:00:00+00:00
[2026-08-02T14:01:41.787+0000] {processor.py:208} INFO - Processing /opt/airflow/dags/finascore_pipeline_dag.py took 0.128 seconds
[2026-08-02T14:02:11.926+0000] {processor.py:186} INFO - Started process (PID=2736) to work on /opt/airflow/dags/finascore_pipeline_dag.py
[2026-08-02T14:02:11.927+0000] {processor.py:914} INFO - Processing file /opt/airflow/dags/finascore_pipeline_dag.py for tasks to queue
[2026-08-02T14:02:11.928+0000] {logging_mixin.py:190} INFO - [2026-08-02T14:02:11.927+0000] {dagbag.py:588} INFO - Filling up the DagBag from /opt/airflow/dags/finascore_pipeline_dag.py
[2026-08-02T14:02:11.945+0000] {processor.py:925} INFO - DAG(s) 'finascore_ml_pipeline' retrieved from /opt/airflow/dags/finascore_pipeline_dag.py
[2026-08-02T14:02:11.982+0000] {logging_mixin.py:190} INFO - [2026-08-02T14:02:11.982+0000] {dag.py:3239} INFO - Sync 1 DAGs
[2026-08-02T14:02:12.008+0000] {logging_mixin.py:190} INFO - [2026-08-02T14:02:12.007+0000] {dag.py:4180} INFO - Setting next_dagrun for finascore_ml_pipeline to 2026-07-26 00:00:00+00:00, run_after=2026-08-02 00:00:00+00:00
[2026-08-02T14:02:12.024+0000] {processor.py:208} INFO - Processing /opt/airflow/dags/finascore_pipeline_dag.py took 0.106 seconds
[2026-08-02T14:02:42.071+0000] {processor.py:186} INFO - Started process (PID=2741) to work on /opt/airflow/dags/finascore_pipeline_dag.py
[2026-08-02T14:02:42.073+0000] {processor.py:914} INFO - Processing file /opt/airflow/dags/finascore_pipeline_dag.py for tasks to queue
[2026-08-02T14:02:42.075+0000] {logging_mixin.py:190} INFO - [2026-08-02T14:02:42.074+0000] {dagbag.py:588} INFO - Filling up the DagBag from /opt/airflow/dags/finascore_pipeline_dag.py
[2026-08-02T14:02:42.091+0000] {processor.py:925} INFO - DAG(s) 'finascore_ml_pipeline' retrieved from /opt/airflow/dags/finascore_pipeline_dag.py
[2026-08-02T14:02:42.142+0000] {logging_mixin.py:190} INFO - [2026-08-02T14:02:42.141+0000] {dag.py:3239} INFO - Sync 1 DAGs
[2026-08-02T14:02:42.177+0000] {logging_mixin.py:190} INFO - [2026-08-02T14:02:42.176+0000] {dag.py:4180} INFO - Setting next_dagrun for finascore_ml_pipeline to 2026-07-26 00:00:00+00:00, run_after=2026-08-02 00:00:00+00:00
[2026-08-02T14:02:42.197+0000] {processor.py:208} INFO - Processing /opt/airflow/dags/finascore_pipeline_dag.py took 0.137 seconds
[2026-08-02T14:03:12.305+0000] {processor.py:186} INFO - Started process (PID=2746) to work on /opt/airflow/dags/finascore_pipeline_dag.py
[2026-08-02T14:03:12.307+0000] {processor.py:914} INFO - Processing file /opt/airflow/dags/finascore_pipeline_dag.py for tasks to queue
[2026-08-02T14:03:12.309+0000] {logging_mixin.py:190} INFO - [2026-08-02T14:03:12.308+0000] {dagbag.py:588} INFO - Filling up the DagBag from /opt/airflow/dags/finascore_pipeline_dag.py
[2026-08-02T14:03:12.325+0000] {processor.py:925} INFO - DAG(s) 'finascore_ml_pipeline' retrieved from /opt/airflow/dags/finascore_pipeline_dag.py
[2026-08-02T14:03:12.361+0000] {logging_mixin.py:190} INFO - [2026-08-02T14:03:12.360+0000] {dag.py:3239} INFO - Sync 1 DAGs
[2026-08-02T14:03:12.390+0000] {logging_mixin.py:190} INFO - [2026-08-02T14:03:12.390+0000] {dag.py:4180} INFO - Setting next_dagrun for finascore_ml_pipeline to 2026-07-26 00:00:00+00:00, run_after=2026-08-02 00:00:00+00:00
[2026-08-02T14:03:12.408+0000] {processor.py:208} INFO - Processing /opt/airflow/dags/finascore_pipeline_dag.py took 0.112 seconds
[2026-08-02T14:03:42.468+0000] {processor.py:186} INFO - Started process (PID=2751) to work on /opt/airflow/dags/finascore_pipeline_dag.py
[2026-08-02T14:03:42.468+0000] {processor.py:914} INFO - Processing file /opt/airflow/dags/finascore_pipeline_dag.py for tasks to queue
[2026-08-02T14:03:42.470+0000] {logging_mixin.py:190} INFO - [2026-08-02T14:03:42.470+0000] {dagbag.py:588} INFO - Filling up the DagBag from /opt/airflow/dags/finascore_pipeline_dag.py
[2026-08-02T14:03:42.486+0000] {processor.py:925} INFO - DAG(s) 'finascore_ml_pipeline' retrieved from /opt/airflow/dags/finascore_pipeline_dag.py
[2026-08-02T14:03:42.525+0000] {logging_mixin.py:190} INFO - [2026-08-02T14:03:42.525+0000] {dag.py:3239} INFO - Sync 1 DAGs
[2026-08-02T14:03:42.555+0000] {logging_mixin.py:190} INFO - [2026-08-02T14:03:42.555+0000] {dag.py:4180} INFO - Setting next_dagrun for finascore_ml_pipeline to 2026-07-26 00:00:00+00:00, run_after=2026-08-02 00:00:00+00:00
[2026-08-02T14:03:42.573+0000] {processor.py:208} INFO - Processing /opt/airflow/dags/finascore_pipeline_dag.py took 0.114 seconds
[2026-08-02T14:04:12.782+0000] {processor.py:186} INFO - Started process (PID=2756) to work on /opt/airflow/dags/finascore_pipeline_dag.py
[2026-08-02T14:04:12.785+0000] {processor.py:914} INFO - Processing file /opt/airflow/dags/finascore_pipeline_dag.py for tasks to queue
[2026-08-02T14:04:12.792+0000] {logging_mixin.py:190} INFO - [2026-08-02T14:04:12.789+0000] {dagbag.py:588} INFO - Filling up the DagBag from /opt/airflow/dags/finascore_pipeline_dag.py
[2026-08-02T14:04:12.832+0000] {processor.py:925} INFO - DAG(s) 'finascore_ml_pipeline' retrieved from /opt/airflow/dags/finascore_pipeline_dag.py
[2026-08-02T14:04:12.916+0000] {logging_mixin.py:190} INFO - [2026-08-02T14:04:12.914+0000] {dag.py:3239} INFO - Sync 1 DAGs
[2026-08-02T14:04:12.991+0000] {logging_mixin.py:190} INFO - [2026-08-02T14:04:12.991+0000] {dag.py:4180} INFO - Setting next_dagrun for finascore_ml_pipeline to 2026-07-26 00:00:00+00:00, run_after=2026-08-02 00:00:00+00:00
[2026-08-02T14:04:13.040+0000] {processor.py:208} INFO - Processing /opt/airflow/dags/finascore_pipeline_dag.py took 0.274 seconds
[2026-08-02T14:04:43.338+0000] {processor.py:186} INFO - Started process (PID=2761) to work on /opt/airflow/dags/finascore_pipeline_dag.py
[2026-08-02T14:04:43.340+0000] {processor.py:914} INFO - Processing file /opt/airflow/dags/finascore_pipeline_dag.py for tasks to queue
[2026-08-02T14:04:43.345+0000] {logging_mixin.py:190} INFO - [2026-08-02T14:04:43.343+0000] {dagbag.py:588} INFO - Filling up the DagBag from /opt/airflow/dags/finascore_pipeline_dag.py
[2026-08-02T14:04:43.393+0000] {processor.py:925} INFO - DAG(s) 'finascore_ml_pipeline' retrieved from /opt/airflow/dags/finascore_pipeline_dag.py
[2026-08-02T14:04:43.482+0000] {logging_mixin.py:190} INFO - [2026-08-02T14:04:43.482+0000] {dag.py:3239} INFO - Sync 1 DAGs
[2026-08-02T14:04:43.563+0000] {logging_mixin.py:190} INFO - [2026-08-02T14:04:43.562+0000] {dag.py:4180} INFO - Setting next_dagrun for finascore_ml_pipeline to 2026-07-26 00:00:00+00:00, run_after=2026-08-02 00:00:00+00:00
[2026-08-02T14:04:43.626+0000] {processor.py:208} INFO - Processing /opt/airflow/dags/finascore_pipeline_dag.py took 0.309 seconds
[2026-08-02T14:05:13.910+0000] {processor.py:186} INFO - Started process (PID=2766) to work on /opt/airflow/dags/finascore_pipeline_dag.py
[2026-08-02T14:05:13.913+0000] {processor.py:914} INFO - Processing file /opt/airflow/dags/finascore_pipeline_dag.py for tasks to queue
[2026-08-02T14:05:13.915+0000] {logging_mixin.py:190} INFO - [2026-08-02T14:05:13.914+0000] {dagbag.py:588} INFO - Filling up the DagBag from /opt/airflow/dags/finascore_pipeline_dag.py
[2026-08-02T14:05:13.959+0000] {processor.py:925} INFO - DAG(s) 'finascore_ml_pipeline' retrieved from /opt/airflow/dags/finascore_pipeline_dag.py
[2026-08-02T14:05:14.029+0000] {logging_mixin.py:190} INFO - [2026-08-02T14:05:14.029+0000] {dag.py:3239} INFO - Sync 1 DAGs
[2026-08-02T14:05:14.096+0000] {logging_mixin.py:190} INFO - [2026-08-02T14:05:14.095+0000] {dag.py:4180} INFO - Setting next_dagrun for finascore_ml_pipeline to 2026-07-26 00:00:00+00:00, run_after=2026-08-02 00:00:00+00:00
[2026-08-02T14:05:14.139+0000] {processor.py:208} INFO - Processing /opt/airflow/dags/finascore_pipeline_dag.py took 0.247 seconds
[2026-08-02T14:05:44.389+0000] {processor.py:186} INFO - Started process (PID=2771) to work on /opt/airflow/dags/finascore_pipeline_dag.py
[2026-08-02T14:05:44.391+0000] {processor.py:914} INFO - Processing file /opt/airflow/dags/finascore_pipeline_dag.py for tasks to queue
[2026-08-02T14:05:44.393+0000] {logging_mixin.py:190} INFO - [2026-08-02T14:05:44.392+0000] {dagbag.py:588} INFO - Filling up the DagBag from /opt/airflow/dags/finascore_pipeline_dag.py
[2026-08-02T14:05:44.418+0000] {processor.py:925} INFO - DAG(s) 'finascore_ml_pipeline' retrieved from /opt/airflow/dags/finascore_pipeline_dag.py
[2026-08-02T14:05:44.458+0000] {logging_mixin.py:190} INFO - [2026-08-02T14:05:44.458+0000] {dag.py:3239} INFO - Sync 1 DAGs
[2026-08-02T14:05:44.485+0000] {logging_mixin.py:190} INFO - [2026-08-02T14:05:44.484+0000] {dag.py:4180} INFO - Setting next_dagrun for finascore_ml_pipeline to 2026-07-26 00:00:00+00:00, run_after=2026-08-02 00:00:00+00:00
[2026-08-02T14:05:44.501+0000] {processor.py:208} INFO - Processing /opt/airflow/dags/finascore_pipeline_dag.py took 0.122 seconds
[2026-08-02T14:06:14.666+0000] {processor.py:186} INFO - Started process (PID=2776) to work on /opt/airflow/dags/finascore_pipeline_dag.py
[2026-08-02T14:06:14.668+0000] {processor.py:914} INFO - Processing file /opt/airflow/dags/finascore_pipeline_dag.py for tasks to queue
[2026-08-02T14:06:14.670+0000] {logging_mixin.py:190} INFO - [2026-08-02T14:06:14.670+0000] {dagbag.py:588} INFO - Filling up the DagBag from /opt/airflow/dags/finascore_pipeline_dag.py
[2026-08-02T14:06:14.684+0000] {processor.py:925} INFO - DAG(s) 'finascore_ml_pipeline' retrieved from /opt/airflow/dags/finascore_pipeline_dag.py
[2026-08-02T14:06:14.718+0000] {logging_mixin.py:190} INFO - [2026-08-02T14:06:14.718+0000] {dag.py:3239} INFO - Sync 1 DAGs
[2026-08-02T14:06:14.744+0000] {logging_mixin.py:190} INFO - [2026-08-02T14:06:14.744+0000] {dag.py:4180} INFO - Setting next_dagrun for finascore_ml_pipeline to 2026-07-26 00:00:00+00:00, run_after=2026-08-02 00:00:00+00:00
[2026-08-02T14:06:14.762+0000] {processor.py:208} INFO - Processing /opt/airflow/dags/finascore_pipeline_dag.py took 0.104 seconds
[2026-08-02T14:06:44.794+0000] {processor.py:186} INFO - Started process (PID=2781) to work on /opt/airflow/dags/finascore_pipeline_dag.py
[2026-08-02T14:06:44.794+0000] {processor.py:914} INFO - Processing file /opt/airflow/dags/finascore_pipeline_dag.py for tasks to queue
[2026-08-02T14:06:44.795+0000] {logging_mixin.py:190} INFO - [2026-08-02T14:06:44.795+0000] {dagbag.py:588} INFO - Filling up the DagBag from /opt/airflow/dags/finascore_pipeline_dag.py
[2026-08-02T14:06:44.809+0000] {processor.py:925} INFO - DAG(s) 'finascore_ml_pipeline' retrieved from /opt/airflow/dags/finascore_pipeline_dag.py
[2026-08-02T14:06:44.847+0000] {logging_mixin.py:190} INFO - [2026-08-02T14:06:44.847+0000] {dag.py:3239} INFO - Sync 1 DAGs
[2026-08-02T14:06:44.874+0000] {logging_mixin.py:190} INFO - [2026-08-02T14:06:44.874+0000] {dag.py:4180} INFO - Setting next_dagrun for finascore_ml_pipeline to 2026-07-26 00:00:00+00:00, run_after=2026-08-02 00:00:00+00:00
[2026-08-02T14:06:44.893+0000] {processor.py:208} INFO - Processing /opt/airflow/dags/finascore_pipeline_dag.py took 0.106 seconds
[2026-08-02T14:07:15.030+0000] {processor.py:186} INFO - Started process (PID=2786) to work on /opt/airflow/dags/finascore_pipeline_dag.py
[2026-08-02T14:07:15.032+0000] {processor.py:914} INFO - Processing file /opt/airflow/dags/finascore_pipeline_dag.py for tasks to queue
[2026-08-02T14:07:15.033+0000] {logging_mixin.py:190} INFO - [2026-08-02T14:07:15.032+0000] {dagbag.py:588} INFO - Filling up the DagBag from /opt/airflow/dags/finascore_pipeline_dag.py
[2026-08-02T14:07:15.046+0000] {processor.py:925} INFO - DAG(s) 'finascore_ml_pipeline' retrieved from /opt/airflow/dags/finascore_pipeline_dag.py
[2026-08-02T14:07:15.079+0000] {logging_mixin.py:190} INFO - [2026-08-02T14:07:15.078+0000] {dag.py:3239} INFO - Sync 1 DAGs
[2026-08-02T14:07:15.104+0000] {logging_mixin.py:190} INFO - [2026-08-02T14:07:15.104+0000] {dag.py:4180} INFO - Setting next_dagrun for finascore_ml_pipeline to 2026-07-26 00:00:00+00:00, run_after=2026-08-02 00:00:00+00:00
[2026-08-02T14:07:15.120+0000] {processor.py:208} INFO - Processing /opt/airflow/dags/finascore_pipeline_dag.py took 0.097 seconds
[2026-08-02T14:07:45.285+0000] {processor.py:186} INFO - Started process (PID=2791) to work on /opt/airflow/dags/finascore_pipeline_dag.py
[2026-08-02T14:07:45.286+0000] {processor.py:914} INFO - Processing file /opt/airflow/dags/finascore_pipeline_dag.py for tasks to queue
[2026-08-02T14:07:45.288+0000] {logging_mixin.py:190} INFO - [2026-08-02T14:07:45.288+0000] {dagbag.py:588} INFO - Filling up the DagBag from /opt/airflow/dags/finascore_pipeline_dag.py
[2026-08-02T14:07:45.330+0000] {processor.py:925} INFO - DAG(s) 'finascore_ml_pipeline' retrieved from /opt/airflow/dags/finascore_pipeline_dag.py
[2026-08-02T14:07:45.416+0000] {logging_mixin.py:190} INFO - [2026-08-02T14:07:45.416+0000] {dag.py:3239} INFO - Sync 1 DAGs
[2026-08-02T14:07:45.487+0000] {logging_mixin.py:190} INFO - [2026-08-02T14:07:45.486+0000] {dag.py:4180} INFO - Setting next_dagrun for finascore_ml_pipeline to 2026-07-26 00:00:00+00:00, run_after=2026-08-02 00:00:00+00:00
[2026-08-02T14:07:45.536+0000] {processor.py:208} INFO - Processing /opt/airflow/dags/finascore_pipeline_dag.py took 0.270 seconds
[2026-08-02T14:08:15.631+0000] {processor.py:186} INFO - Started process (PID=2796) to work on /opt/airflow/dags/finascore_pipeline_dag.py
[2026-08-02T14:08:15.648+0000] {processor.py:914} INFO - Processing file /opt/airflow/dags/finascore_pipeline_dag.py for tasks to queue
[2026-08-02T14:08:15.650+0000] {logging_mixin.py:190} INFO - [2026-08-02T14:08:15.650+0000] {dagbag.py:588} INFO - Filling up the DagBag from /opt/airflow/dags/finascore_pipeline_dag.py
[2026-08-02T14:08:15.692+0000] {processor.py:925} INFO - DAG(s) 'finascore_ml_pipeline' retrieved from /opt/airflow/dags/finascore_pipeline_dag.py
[2026-08-02T14:08:15.785+0000] {logging_mixin.py:190} INFO - [2026-08-02T14:08:15.784+0000] {dag.py:3239} INFO - Sync 1 DAGs
[2026-08-02T14:08:15.850+0000] {logging_mixin.py:190} INFO - [2026-08-02T14:08:15.850+0000] {dag.py:4180} INFO - Setting next_dagrun for finascore_ml_pipeline to 2026-07-26 00:00:00+00:00, run_after=2026-08-02 00:00:00+00:00
[2026-08-02T14:08:15.901+0000] {processor.py:208} INFO - Processing /opt/airflow/dags/finascore_pipeline_dag.py took 0.288 seconds
[2026-08-02T14:08:46.035+0000] {processor.py:186} INFO - Started process (PID=2801) to work on /opt/airflow/dags/finascore_pipeline_dag.py
[2026-08-02T14:08:46.036+0000] {processor.py:914} INFO - Processing file /opt/airflow/dags/finascore_pipeline_dag.py for tasks to queue
[2026-08-02T14:08:46.040+0000] {logging_mixin.py:190} INFO - [2026-08-02T14:08:46.039+0000] {dagbag.py:588} INFO - Filling up the DagBag from /opt/airflow/dags/finascore_pipeline_dag.py
[2026-08-02T14:08:46.077+0000] {processor.py:925} INFO - DAG(s) 'finascore_ml_pipeline' retrieved from /opt/airflow/dags/finascore_pipeline_dag.py
[2026-08-02T14:08:46.153+0000] {logging_mixin.py:190} INFO - [2026-08-02T14:08:46.153+0000] {dag.py:3239} INFO - Sync 1 DAGs
[2026-08-02T14:08:46.220+0000] {logging_mixin.py:190} INFO - [2026-08-02T14:08:46.219+0000] {dag.py:4180} INFO - Setting next_dagrun for finascore_ml_pipeline to 2026-07-26 00:00:00+00:00, run_after=2026-08-02 00:00:00+00:00
[2026-08-02T14:08:46.260+0000] {processor.py:208} INFO - Processing /opt/airflow/dags/finascore_pipeline_dag.py took 0.243 seconds
[2026-08-02T14:09:16.370+0000] {processor.py:186} INFO - Started process (PID=2806) to work on /opt/airflow/dags/finascore_pipeline_dag.py
[2026-08-02T14:09:16.372+0000] {processor.py:914} INFO - Processing file /opt/airflow/dags/finascore_pipeline_dag.py for tasks to queue
[2026-08-02T14:09:16.374+0000] {logging_mixin.py:190} INFO - [2026-08-02T14:09:16.373+0000] {dagbag.py:588} INFO - Filling up the DagBag from /opt/airflow/dags/finascore_pipeline_dag.py
[2026-08-02T14:09:16.391+0000] {processor.py:925} INFO - DAG(s) 'finascore_ml_pipeline' retrieved from /opt/airflow/dags/finascore_pipeline_dag.py
[2026-08-02T14:09:16.435+0000] {logging_mixin.py:190} INFO - [2026-08-02T14:09:16.434+0000] {dag.py:3239} INFO - Sync 1 DAGs
[2026-08-02T14:09:16.467+0000] {logging_mixin.py:190} INFO - [2026-08-02T14:09:16.467+0000] {dag.py:4180} INFO - Setting next_dagrun for finascore_ml_pipeline to 2026-07-26 00:00:00+00:00, run_after=2026-08-02 00:00:00+00:00
[2026-08-02T14:09:16.493+0000] {processor.py:208} INFO - Processing /opt/airflow/dags/finascore_pipeline_dag.py took 0.131 seconds
[2026-08-02T14:09:46.687+0000] {processor.py:186} INFO - Started process (PID=2811) to work on /opt/airflow/dags/finascore_pipeline_dag.py
[2026-08-02T14:09:46.689+0000] {processor.py:914} INFO - Processing file /opt/airflow/dags/finascore_pipeline_dag.py for tasks to queue
[2026-08-02T14:09:46.690+0000] {logging_mixin.py:190} INFO - [2026-08-02T14:09:46.690+0000] {dagbag.py:588} INFO - Filling up the DagBag from /opt/airflow/dags/finascore_pipeline_dag.py
[2026-08-02T14:09:46.708+0000] {processor.py:925} INFO - DAG(s) 'finascore_ml_pipeline' retrieved from /opt/airflow/dags/finascore_pipeline_dag.py
[2026-08-02T14:09:46.748+0000] {logging_mixin.py:190} INFO - [2026-08-02T14:09:46.748+0000] {dag.py:3239} INFO - Sync 1 DAGs
[2026-08-02T14:09:46.778+0000] {logging_mixin.py:190} INFO - [2026-08-02T14:09:46.778+0000] {dag.py:4180} INFO - Setting next_dagrun for finascore_ml_pipeline to 2026-07-26 00:00:00+00:00, run_after=2026-08-02 00:00:00+00:00
[2026-08-02T14:09:46.796+0000] {processor.py:208} INFO - Processing /opt/airflow/dags/finascore_pipeline_dag.py took 0.119 seconds
[2026-08-02T14:10:16.939+0000] {processor.py:186} INFO - Started process (PID=2816) to work on /opt/airflow/dags/finascore_pipeline_dag.py
[2026-08-02T14:10:16.939+0000] {processor.py:914} INFO - Processing file /opt/airflow/dags/finascore_pipeline_dag.py for tasks to queue
[2026-08-02T14:10:16.941+0000] {logging_mixin.py:190} INFO - [2026-08-02T14:10:16.941+0000] {dagbag.py:588} INFO - Filling up the DagBag from /opt/airflow/dags/finascore_pipeline_dag.py
[2026-08-02T14:10:16.955+0000] {processor.py:925} INFO - DAG(s) 'finascore_ml_pipeline' retrieved from /opt/airflow/dags/finascore_pipeline_dag.py
[2026-08-02T14:10:16.995+0000] {logging_mixin.py:190} INFO - [2026-08-02T14:10:16.994+0000] {dag.py:3239} INFO - Sync 1 DAGs
[2026-08-02T14:10:17.020+0000] {logging_mixin.py:190} INFO - [2026-08-02T14:10:17.020+0000] {dag.py:4180} INFO - Setting next_dagrun for finascore_ml_pipeline to 2026-07-26 00:00:00+00:00, run_after=2026-08-02 00:00:00+00:00
[2026-08-02T14:10:17.038+0000] {processor.py:208} INFO - Processing /opt/airflow/dags/finascore_pipeline_dag.py took 0.106 seconds
[2026-08-02T14:10:47.076+0000] {processor.py:186} INFO - Started process (PID=2821) to work on /opt/airflow/dags/finascore_pipeline_dag.py
[2026-08-02T14:10:47.078+0000] {processor.py:914} INFO - Processing file /opt/airflow/dags/finascore_pipeline_dag.py for tasks to queue
[2026-08-02T14:10:47.079+0000] {logging_mixin.py:190} INFO - [2026-08-02T14:10:47.078+0000] {dagbag.py:588} INFO - Filling up the DagBag from /opt/airflow/dags/finascore_pipeline_dag.py
[2026-08-02T14:10:47.092+0000] {processor.py:925} INFO - DAG(s) 'finascore_ml_pipeline' retrieved from /opt/airflow/dags/finascore_pipeline_dag.py
[2026-08-02T14:10:47.127+0000] {logging_mixin.py:190} INFO - [2026-08-02T14:10:47.127+0000] {dag.py:3239} INFO - Sync 1 DAGs
[2026-08-02T14:10:47.152+0000] {logging_mixin.py:190} INFO - [2026-08-02T14:10:47.152+0000] {dag.py:4180} INFO - Setting next_dagrun for finascore_ml_pipeline to 2026-07-26 00:00:00+00:00, run_after=2026-08-02 00:00:00+00:00
[2026-08-02T14:10:47.168+0000] {processor.py:208} INFO - Processing /opt/airflow/dags/finascore_pipeline_dag.py took 0.100 seconds
[2026-08-02T14:11:17.337+0000] {processor.py:186} INFO - Started process (PID=2826) to work on /opt/airflow/dags/finascore_pipeline_dag.py
[2026-08-02T14:11:17.338+0000] {processor.py:914} INFO - Processing file /opt/airflow/dags/finascore_pipeline_dag.py for tasks to queue
[2026-08-02T14:11:17.339+0000] {logging_mixin.py:190} INFO - [2026-08-02T14:11:17.338+0000] {dagbag.py:588} INFO - Filling up the DagBag from /opt/airflow/dags/finascore_pipeline_dag.py
[2026-08-02T14:11:17.356+0000] {processor.py:925} INFO - DAG(s) 'finascore_ml_pipeline' retrieved from /opt/airflow/dags/finascore_pipeline_dag.py
[2026-08-02T14:11:17.400+0000] {logging_mixin.py:190} INFO - [2026-08-02T14:11:17.400+0000] {dag.py:3239} INFO - Sync 1 DAGs
[2026-08-02T14:11:17.439+0000] {logging_mixin.py:190} INFO - [2026-08-02T14:11:17.439+0000] {dag.py:4180} INFO - Setting next_dagrun for finascore_ml_pipeline to 2026-07-26 00:00:00+00:00, run_after=2026-08-02 00:00:00+00:00
[2026-08-02T14:11:17.464+0000] {processor.py:208} INFO - Processing /opt/airflow/dags/finascore_pipeline_dag.py took 0.140 seconds
[2026-08-02T14:11:47.552+0000] {processor.py:186} INFO - Started process (PID=2831) to work on /opt/airflow/dags/finascore_pipeline_dag.py
[2026-08-02T14:11:47.555+0000] {processor.py:914} INFO - Processing file /opt/airflow/dags/finascore_pipeline_dag.py for tasks to queue
[2026-08-02T14:11:47.558+0000] {logging_mixin.py:190} INFO - [2026-08-02T14:11:47.557+0000] {dagbag.py:588} INFO - Filling up the DagBag from /opt/airflow/dags/finascore_pipeline_dag.py
[2026-08-02T14:11:47.594+0000] {processor.py:925} INFO - DAG(s) 'finascore_ml_pipeline' retrieved from /opt/airflow/dags/finascore_pipeline_dag.py
[2026-08-02T14:11:47.690+0000] {logging_mixin.py:190} INFO - [2026-08-02T14:11:47.690+0000] {dag.py:3239} INFO - Sync 1 DAGs
[2026-08-02T14:11:47.755+0000] {logging_mixin.py:190} INFO - [2026-08-02T14:11:47.754+0000] {dag.py:4180} INFO - Setting next_dagrun for finascore_ml_pipeline to 2026-07-26 00:00:00+00:00, run_after=2026-08-02 00:00:00+00:00
[2026-08-02T14:11:47.796+0000] {processor.py:208} INFO - Processing /opt/airflow/dags/finascore_pipeline_dag.py took 0.260 seconds
[2026-08-02T14:12:17.867+0000] {processor.py:186} INFO - Started process (PID=2836) to work on /opt/airflow/dags/finascore_pipeline_dag.py
[2026-08-02T14:12:17.868+0000] {processor.py:914} INFO - Processing file /opt/airflow/dags/finascore_pipeline_dag.py for tasks to queue
[2026-08-02T14:12:17.870+0000] {logging_mixin.py:190} INFO - [2026-08-02T14:12:17.869+0000] {dagbag.py:588} INFO - Filling up the DagBag from /opt/airflow/dags/finascore_pipeline_dag.py
[2026-08-02T14:12:17.889+0000] {processor.py:925} INFO - DAG(s) 'finascore_ml_pipeline' retrieved from /opt/airflow/dags/finascore_pipeline_dag.py
[2026-08-02T14:12:17.932+0000] {logging_mixin.py:190} INFO - [2026-08-02T14:12:17.932+0000] {dag.py:3239} INFO - Sync 1 DAGs
[2026-08-02T14:12:17.965+0000] {logging_mixin.py:190} INFO - [2026-08-02T14:12:17.965+0000] {dag.py:4180} INFO - Setting next_dagrun for finascore_ml_pipeline to 2026-07-26 00:00:00+00:00, run_after=2026-08-02 00:00:00+00:00
[2026-08-02T14:12:17.988+0000] {processor.py:208} INFO - Processing /opt/airflow/dags/finascore_pipeline_dag.py took 0.132 seconds
[2026-08-02T14:12:48.221+0000] {processor.py:186} INFO - Started process (PID=2841) to work on /opt/airflow/dags/finascore_pipeline_dag.py
[2026-08-02T14:12:48.225+0000] {processor.py:914} INFO - Processing file /opt/airflow/dags/finascore_pipeline_dag.py for tasks to queue
[2026-08-02T14:12:48.228+0000] {logging_mixin.py:190} INFO - [2026-08-02T14:12:48.227+0000] {dagbag.py:588} INFO - Filling up the DagBag from /opt/airflow/dags/finascore_pipeline_dag.py
[2026-08-02T14:12:48.264+0000] {processor.py:925} INFO - DAG(s) 'finascore_ml_pipeline' retrieved from /opt/airflow/dags/finascore_pipeline_dag.py
[2026-08-02T14:12:48.339+0000] {logging_mixin.py:190} INFO - [2026-08-02T14:12:48.338+0000] {dag.py:3239} INFO - Sync 1 DAGs
[2026-08-02T14:12:48.418+0000] {logging_mixin.py:190} INFO - [2026-08-02T14:12:48.418+0000] {dag.py:4180} INFO - Setting next_dagrun for finascore_ml_pipeline to 2026-07-26 00:00:00+00:00, run_after=2026-08-02 00:00:00+00:00
[2026-08-02T14:12:48.464+0000] {processor.py:208} INFO - Processing /opt/airflow/dags/finascore_pipeline_dag.py took 0.261 seconds
[2026-08-02T14:13:18.676+0000] {processor.py:186} INFO - Started process (PID=2846) to work on /opt/airflow/dags/finascore_pipeline_dag.py
[2026-08-02T14:13:18.680+0000] {processor.py:914} INFO - Processing file /opt/airflow/dags/finascore_pipeline_dag.py for tasks to queue
[2026-08-02T14:13:18.682+0000] {logging_mixin.py:190} INFO - [2026-08-02T14:13:18.681+0000] {dagbag.py:588} INFO - Filling up the DagBag from /opt/airflow/dags/finascore_pipeline_dag.py
[2026-08-02T14:13:18.703+0000] {processor.py:925} INFO - DAG(s) 'finascore_ml_pipeline' retrieved from /opt/airflow/dags/finascore_pipeline_dag.py
[2026-08-02T14:13:18.752+0000] {logging_mixin.py:190} INFO - [2026-08-02T14:13:18.752+0000] {dag.py:3239} INFO - Sync 1 DAGs
[2026-08-02T14:13:18.795+0000] {logging_mixin.py:190} INFO - [2026-08-02T14:13:18.795+0000] {dag.py:4180} INFO - Setting next_dagrun for finascore_ml_pipeline to 2026-07-26 00:00:00+00:00, run_after=2026-08-02 00:00:00+00:00
[2026-08-02T14:13:18.819+0000] {processor.py:208} INFO - Processing /opt/airflow/dags/finascore_pipeline_dag.py took 0.155 seconds
[2026-08-02T14:13:48.854+0000] {processor.py:186} INFO - Started process (PID=2851) to work on /opt/airflow/dags/finascore_pipeline_dag.py
[2026-08-02T14:13:48.855+0000] {processor.py:914} INFO - Processing file /opt/airflow/dags/finascore_pipeline_dag.py for tasks to queue
[2026-08-02T14:13:48.857+0000] {logging_mixin.py:190} INFO - [2026-08-02T14:13:48.856+0000] {dagbag.py:588} INFO - Filling up the DagBag from /opt/airflow/dags/finascore_pipeline_dag.py
[2026-08-02T14:13:48.871+0000] {processor.py:925} INFO - DAG(s) 'finascore_ml_pipeline' retrieved from /opt/airflow/dags/finascore_pipeline_dag.py
[2026-08-02T14:13:48.904+0000] {logging_mixin.py:190} INFO - [2026-08-02T14:13:48.904+0000] {dag.py:3239} INFO - Sync 1 DAGs
[2026-08-02T14:13:48.929+0000] {logging_mixin.py:190} INFO - [2026-08-02T14:13:48.929+0000] {dag.py:4180} INFO - Setting next_dagrun for finascore_ml_pipeline to 2026-07-26 00:00:00+00:00, run_after=2026-08-02 00:00:00+00:00
[2026-08-02T14:13:48.948+0000] {processor.py:208} INFO - Processing /opt/airflow/dags/finascore_pipeline_dag.py took 0.102 seconds
[2026-08-02T14:14:18.992+0000] {processor.py:186} INFO - Started process (PID=2856) to work on /opt/airflow/dags/finascore_pipeline_dag.py
[2026-08-02T14:14:18.993+0000] {processor.py:914} INFO - Processing file /opt/airflow/dags/finascore_pipeline_dag.py for tasks to queue
[2026-08-02T14:14:18.994+0000] {logging_mixin.py:190} INFO - [2026-08-02T14:14:18.994+0000] {dagbag.py:588} INFO - Filling up the DagBag from /opt/airflow/dags/finascore_pipeline_dag.py
[2026-08-02T14:14:19.013+0000] {processor.py:925} INFO - DAG(s) 'finascore_ml_pipeline' retrieved from /opt/airflow/dags/finascore_pipeline_dag.py
[2026-08-02T14:14:19.048+0000] {logging_mixin.py:190} INFO - [2026-08-02T14:14:19.047+0000] {dag.py:3239} INFO - Sync 1 DAGs
[2026-08-02T14:14:19.072+0000] {logging_mixin.py:190} INFO - [2026-08-02T14:14:19.072+0000] {dag.py:4180} INFO - Setting next_dagrun for finascore_ml_pipeline to 2026-07-26 00:00:00+00:00, run_after=2026-08-02 00:00:00+00:00
[2026-08-02T14:14:19.091+0000] {processor.py:208} INFO - Processing /opt/airflow/dags/finascore_pipeline_dag.py took 0.107 seconds
[2026-08-02T14:14:49.307+0000] {processor.py:186} INFO - Started process (PID=2861) to work on /opt/airflow/dags/finascore_pipeline_dag.py
[2026-08-02T14:14:49.309+0000] {processor.py:914} INFO - Processing file /opt/airflow/dags/finascore_pipeline_dag.py for tasks to queue
[2026-08-02T14:14:49.310+0000] {logging_mixin.py:190} INFO - [2026-08-02T14:14:49.310+0000] {dagbag.py:588} INFO - Filling up the DagBag from /opt/airflow/dags/finascore_pipeline_dag.py
[2026-08-02T14:14:49.332+0000] {processor.py:925} INFO - DAG(s) 'finascore_ml_pipeline' retrieved from /opt/airflow/dags/finascore_pipeline_dag.py
[2026-08-02T14:14:49.408+0000] {logging_mixin.py:190} INFO - [2026-08-02T14:14:49.407+0000] {dag.py:3239} INFO - Sync 1 DAGs
[2026-08-02T14:14:49.475+0000] {logging_mixin.py:190} INFO - [2026-08-02T14:14:49.475+0000] {dag.py:4180} INFO - Setting next_dagrun for finascore_ml_pipeline to 2026-07-26 00:00:00+00:00, run_after=2026-08-02 00:00:00+00:00
[2026-08-02T14:14:49.523+0000] {processor.py:208} INFO - Processing /opt/airflow/dags/finascore_pipeline_dag.py took 0.227 seconds
[2026-08-02T14:15:19.784+0000] {processor.py:186} INFO - Started process (PID=2866) to work on /opt/airflow/dags/finascore_pipeline_dag.py
[2026-08-02T14:15:19.785+0000] {processor.py:914} INFO - Processing file /opt/airflow/dags/finascore_pipeline_dag.py for tasks to queue
[2026-08-02T14:15:19.786+0000] {logging_mixin.py:190} INFO - [2026-08-02T14:15:19.786+0000] {dagbag.py:588} INFO - Filling up the DagBag from /opt/airflow/dags/finascore_pipeline_dag.py
[2026-08-02T14:15:19.804+0000] {processor.py:925} INFO - DAG(s) 'finascore_ml_pipeline' retrieved from /opt/airflow/dags/finascore_pipeline_dag.py
[2026-08-02T14:15:19.843+0000] {logging_mixin.py:190} INFO - [2026-08-02T14:15:19.843+0000] {dag.py:3239} INFO - Sync 1 DAGs
[2026-08-02T14:15:19.875+0000] {logging_mixin.py:190} INFO - [2026-08-02T14:15:19.875+0000] {dag.py:4180} INFO - Setting next_dagrun for finascore_ml_pipeline to 2026-07-26 00:00:00+00:00, run_after=2026-08-02 00:00:00+00:00
[2026-08-02T14:15:19.898+0000] {processor.py:208} INFO - Processing /opt/airflow/dags/finascore_pipeline_dag.py took 0.124 seconds
[2026-08-02T14:15:49.974+0000] {processor.py:186} INFO - Started process (PID=2871) to work on /opt/airflow/dags/finascore_pipeline_dag.py
[2026-08-02T14:15:49.976+0000] {processor.py:914} INFO - Processing file /opt/airflow/dags/finascore_pipeline_dag.py for tasks to queue
[2026-08-02T14:15:49.979+0000] {logging_mixin.py:190} INFO - [2026-08-02T14:15:49.978+0000] {dagbag.py:588} INFO - Filling up the DagBag from /opt/airflow/dags/finascore_pipeline_dag.py
[2026-08-02T14:15:50.001+0000] {processor.py:925} INFO - DAG(s) 'finascore_ml_pipeline' retrieved from /opt/airflow/dags/finascore_pipeline_dag.py
[2026-08-02T14:15:50.047+0000] {logging_mixin.py:190} INFO - [2026-08-02T14:15:50.047+0000] {dag.py:3239} INFO - Sync 1 DAGs
[2026-08-02T14:15:50.081+0000] {logging_mixin.py:190} INFO - [2026-08-02T14:15:50.081+0000] {dag.py:4180} INFO - Setting next_dagrun for finascore_ml_pipeline to 2026-07-26 00:00:00+00:00, run_after=2026-08-02 00:00:00+00:00
[2026-08-02T14:15:50.103+0000] {processor.py:208} INFO - Processing /opt/airflow/dags/finascore_pipeline_dag.py took 0.138 seconds
[2026-08-02T14:16:20.236+0000] {processor.py:186} INFO - Started process (PID=2876) to work on /opt/airflow/dags/finascore_pipeline_dag.py
[2026-08-02T14:16:20.237+0000] {processor.py:914} INFO - Processing file /opt/airflow/dags/finascore_pipeline_dag.py for tasks to queue
[2026-08-02T14:16:20.238+0000] {logging_mixin.py:190} INFO - [2026-08-02T14:16:20.238+0000] {dagbag.py:588} INFO - Filling up the DagBag from /opt/airflow/dags/finascore_pipeline_dag.py
[2026-08-02T14:16:20.263+0000] {processor.py:925} INFO - DAG(s) 'finascore_ml_pipeline' retrieved from /opt/airflow/dags/finascore_pipeline_dag.py
[2026-08-02T14:16:20.310+0000] {logging_mixin.py:190} INFO - [2026-08-02T14:16:20.310+0000] {dag.py:3239} INFO - Sync 1 DAGs
[2026-08-02T14:16:20.349+0000] {logging_mixin.py:190} INFO - [2026-08-02T14:16:20.348+0000] {dag.py:4180} INFO - Setting next_dagrun for finascore_ml_pipeline to 2026-07-26 00:00:00+00:00, run_after=2026-08-02 00:00:00+00:00
[2026-08-02T14:16:20.370+0000] {processor.py:208} INFO - Processing /opt/airflow/dags/finascore_pipeline_dag.py took 0.141 seconds
[2026-08-02T14:16:50.460+0000] {processor.py:186} INFO - Started process (PID=2881) to work on /opt/airflow/dags/finascore_pipeline_dag.py
[2026-08-02T14:16:50.462+0000] {processor.py:914} INFO - Processing file /opt/airflow/dags/finascore_pipeline_dag.py for tasks to queue
[2026-08-02T14:16:50.463+0000] {logging_mixin.py:190} INFO - [2026-08-02T14:16:50.463+0000] {dagbag.py:588} INFO - Filling up the DagBag from /opt/airflow/dags/finascore_pipeline_dag.py
[2026-08-02T14:16:50.479+0000] {processor.py:925} INFO - DAG(s) 'finascore_ml_pipeline' retrieved from /opt/airflow/dags/finascore_pipeline_dag.py
[2026-08-02T14:16:50.527+0000] {logging_mixin.py:190} INFO - [2026-08-02T14:16:50.526+0000] {dag.py:3239} INFO - Sync 1 DAGs
[2026-08-02T14:16:50.564+0000] {logging_mixin.py:190} INFO - [2026-08-02T14:16:50.564+0000] {dag.py:4180} INFO - Setting next_dagrun for finascore_ml_pipeline to 2026-07-26 00:00:00+00:00, run_after=2026-08-02 00:00:00+00:00
[2026-08-02T14:16:50.592+0000] {processor.py:208} INFO - Processing /opt/airflow/dags/finascore_pipeline_dag.py took 0.142 seconds
[2026-08-02T14:17:20.738+0000] {processor.py:186} INFO - Started process (PID=2886) to work on /opt/airflow/dags/finascore_pipeline_dag.py
[2026-08-02T14:17:20.739+0000] {processor.py:914} INFO - Processing file /opt/airflow/dags/finascore_pipeline_dag.py for tasks to queue
[2026-08-02T14:17:20.741+0000] {logging_mixin.py:190} INFO - [2026-08-02T14:17:20.740+0000] {dagbag.py:588} INFO - Filling up the DagBag from /opt/airflow/dags/finascore_pipeline_dag.py
[2026-08-02T14:17:20.766+0000] {processor.py:925} INFO - DAG(s) 'finascore_ml_pipeline' retrieved from /opt/airflow/dags/finascore_pipeline_dag.py
[2026-08-02T14:17:20.814+0000] {logging_mixin.py:190} INFO - [2026-08-02T14:17:20.813+0000] {dag.py:3239} INFO - Sync 1 DAGs
[2026-08-02T14:17:20.851+0000] {logging_mixin.py:190} INFO - [2026-08-02T14:17:20.850+0000] {dag.py:4180} INFO - Setting next_dagrun for finascore_ml_pipeline to 2026-07-26 00:00:00+00:00, run_after=2026-08-02 00:00:00+00:00
[2026-08-02T14:17:20.877+0000] {processor.py:208} INFO - Processing /opt/airflow/dags/finascore_pipeline_dag.py took 0.150 seconds
[2026-08-02T14:17:50.948+0000] {processor.py:186} INFO - Started process (PID=2891) to work on /opt/airflow/dags/finascore_pipeline_dag.py
[2026-08-02T14:17:50.950+0000] {processor.py:914} INFO - Processing file /opt/airflow/dags/finascore_pipeline_dag.py for tasks to queue
[2026-08-02T14:17:50.952+0000] {logging_mixin.py:190} INFO - [2026-08-02T14:17:50.952+0000] {dagbag.py:588} INFO - Filling up the DagBag from /opt/airflow/dags/finascore_pipeline_dag.py
[2026-08-02T14:17:50.967+0000] {processor.py:925} INFO - DAG(s) 'finascore_ml_pipeline' retrieved from /opt/airflow/dags/finascore_pipeline_dag.py
[2026-08-02T14:17:51.009+0000] {logging_mixin.py:190} INFO - [2026-08-02T14:17:51.009+0000] {dag.py:3239} INFO - Sync 1 DAGs
[2026-08-02T14:17:51.041+0000] {logging_mixin.py:190} INFO - [2026-08-02T14:17:51.041+0000] {dag.py:4180} INFO - Setting next_dagrun for finascore_ml_pipeline to 2026-07-26 00:00:00+00:00, run_after=2026-08-02 00:00:00+00:00
[2026-08-02T14:17:51.064+0000] {processor.py:208} INFO - Processing /opt/airflow/dags/finascore_pipeline_dag.py took 0.125 seconds
[2026-08-02T14:18:21.263+0000] {processor.py:186} INFO - Started process (PID=2896) to work on /opt/airflow/dags/finascore_pipeline_dag.py
[2026-08-02T14:18:21.265+0000] {processor.py:914} INFO - Processing file /opt/airflow/dags/finascore_pipeline_dag.py for tasks to queue
[2026-08-02T14:18:21.270+0000] {logging_mixin.py:190} INFO - [2026-08-02T14:18:21.269+0000] {dagbag.py:588} INFO - Filling up the DagBag from /opt/airflow/dags/finascore_pipeline_dag.py
[2026-08-02T14:18:21.306+0000] {processor.py:925} INFO - DAG(s) 'finascore_ml_pipeline' retrieved from /opt/airflow/dags/finascore_pipeline_dag.py
[2026-08-02T14:18:21.388+0000] {logging_mixin.py:190} INFO - [2026-08-02T14:18:21.387+0000] {dag.py:3239} INFO - Sync 1 DAGs
[2026-08-02T14:18:21.461+0000] {logging_mixin.py:190} INFO - [2026-08-02T14:18:21.461+0000] {dag.py:4180} INFO - Setting next_dagrun for finascore_ml_pipeline to 2026-07-26 00:00:00+00:00, run_after=2026-08-02 00:00:00+00:00
[2026-08-02T14:18:21.490+0000] {processor.py:208} INFO - Processing /opt/airflow/dags/finascore_pipeline_dag.py took 0.236 seconds
[2026-08-02T14:18:51.754+0000] {processor.py:186} INFO - Started process (PID=2901) to work on /opt/airflow/dags/finascore_pipeline_dag.py
[2026-08-02T14:18:51.756+0000] {processor.py:914} INFO - Processing file /opt/airflow/dags/finascore_pipeline_dag.py for tasks to queue
[2026-08-02T14:18:51.760+0000] {logging_mixin.py:190} INFO - [2026-08-02T14:18:51.759+0000] {dagbag.py:588} INFO - Filling up the DagBag from /opt/airflow/dags/finascore_pipeline_dag.py
[2026-08-02T14:18:51.795+0000] {processor.py:925} INFO - DAG(s) 'finascore_ml_pipeline' retrieved from /opt/airflow/dags/finascore_pipeline_dag.py
[2026-08-02T14:18:51.863+0000] {logging_mixin.py:190} INFO - [2026-08-02T14:18:51.863+0000] {dag.py:3239} INFO - Sync 1 DAGs
[2026-08-02T14:18:51.925+0000] {logging_mixin.py:190} INFO - [2026-08-02T14:18:51.923+0000] {dag.py:4180} INFO - Setting next_dagrun for finascore_ml_pipeline to 2026-07-26 00:00:00+00:00, run_after=2026-08-02 00:00:00+00:00
[2026-08-02T14:18:51.965+0000] {processor.py:208} INFO - Processing /opt/airflow/dags/finascore_pipeline_dag.py took 0.229 seconds
[2026-08-02T14:19:22.222+0000] {processor.py:186} INFO - Started process (PID=2906) to work on /opt/airflow/dags/finascore_pipeline_dag.py
[2026-08-02T14:19:22.224+0000] {processor.py:914} INFO - Processing file /opt/airflow/dags/finascore_pipeline_dag.py for tasks to queue
[2026-08-02T14:19:22.227+0000] {logging_mixin.py:190} INFO - [2026-08-02T14:19:22.227+0000] {dagbag.py:588} INFO - Filling up the DagBag from /opt/airflow/dags/finascore_pipeline_dag.py
[2026-08-02T14:19:22.248+0000] {processor.py:925} INFO - DAG(s) 'finascore_ml_pipeline' retrieved from /opt/airflow/dags/finascore_pipeline_dag.py
[2026-08-02T14:19:22.310+0000] {logging_mixin.py:190} INFO - [2026-08-02T14:19:22.310+0000] {dag.py:3239} INFO - Sync 1 DAGs
[2026-08-02T14:19:22.377+0000] {logging_mixin.py:190} INFO - [2026-08-02T14:19:22.376+0000] {dag.py:4180} INFO - Setting next_dagrun for finascore_ml_pipeline to 2026-07-26 00:00:00+00:00, run_after=2026-08-02 00:00:00+00:00
[2026-08-02T14:19:22.415+0000] {processor.py:208} INFO - Processing /opt/airflow/dags/finascore_pipeline_dag.py took 0.200 seconds
[2026-08-02T14:19:52.653+0000] {processor.py:186} INFO - Started process (PID=2911) to work on /opt/airflow/dags/finascore_pipeline_dag.py
[2026-08-02T14:19:52.654+0000] {processor.py:914} INFO - Processing file /opt/airflow/dags/finascore_pipeline_dag.py for tasks to queue
[2026-08-02T14:19:52.656+0000] {logging_mixin.py:190} INFO - [2026-08-02T14:19:52.655+0000] {dagbag.py:588} INFO - Filling up the DagBag from /opt/airflow/dags/finascore_pipeline_dag.py
[2026-08-02T14:19:52.677+0000] {processor.py:925} INFO - DAG(s) 'finascore_ml_pipeline' retrieved from /opt/airflow/dags/finascore_pipeline_dag.py
[2026-08-02T14:19:52.726+0000] {logging_mixin.py:190} INFO - [2026-08-02T14:19:52.725+0000] {dag.py:3239} INFO - Sync 1 DAGs
[2026-08-02T14:19:52.771+0000] {logging_mixin.py:190} INFO - [2026-08-02T14:19:52.770+0000] {dag.py:4180} INFO - Setting next_dagrun for finascore_ml_pipeline to 2026-07-26 00:00:00+00:00, run_after=2026-08-02 00:00:00+00:00
[2026-08-02T14:19:52.797+0000] {processor.py:208} INFO - Processing /opt/airflow/dags/finascore_pipeline_dag.py took 0.156 seconds
[2026-08-02T14:20:22.877+0000] {processor.py:186} INFO - Started process (PID=2916) to work on /opt/airflow/dags/finascore_pipeline_dag.py
[2026-08-02T14:20:22.880+0000] {processor.py:914} INFO - Processing file /opt/airflow/dags/finascore_pipeline_dag.py for tasks to queue
[2026-08-02T14:20:22.882+0000] {logging_mixin.py:190} INFO - [2026-08-02T14:20:22.881+0000] {dagbag.py:588} INFO - Filling up the DagBag from /opt/airflow/dags/finascore_pipeline_dag.py
[2026-08-02T14:20:22.918+0000] {processor.py:925} INFO - DAG(s) 'finascore_ml_pipeline' retrieved from /opt/airflow/dags/finascore_pipeline_dag.py
[2026-08-02T14:20:22.998+0000] {logging_mixin.py:190} INFO - [2026-08-02T14:20:22.997+0000] {dag.py:3239} INFO - Sync 1 DAGs
[2026-08-02T14:20:23.060+0000] {logging_mixin.py:190} INFO - [2026-08-02T14:20:23.060+0000] {dag.py:4180} INFO - Setting next_dagrun for finascore_ml_pipeline to 2026-07-26 00:00:00+00:00, run_after=2026-08-02 00:00:00+00:00
[2026-08-02T14:20:23.086+0000] {processor.py:208} INFO - Processing /opt/airflow/dags/finascore_pipeline_dag.py took 0.229 seconds
[2026-08-02T14:20:53.244+0000] {processor.py:186} INFO - Started process (PID=2921) to work on /opt/airflow/dags/finascore_pipeline_dag.py
[2026-08-02T14:20:53.248+0000] {processor.py:914} INFO - Processing file /opt/airflow/dags/finascore_pipeline_dag.py for tasks to queue
[2026-08-02T14:20:53.253+0000] {logging_mixin.py:190} INFO - [2026-08-02T14:20:53.252+0000] {dagbag.py:588} INFO - Filling up the DagBag from /opt/airflow/dags/finascore_pipeline_dag.py
[2026-08-02T14:20:53.280+0000] {processor.py:925} INFO - DAG(s) 'finascore_ml_pipeline' retrieved from /opt/airflow/dags/finascore_pipeline_dag.py
[2026-08-02T14:20:53.341+0000] {logging_mixin.py:190} INFO - [2026-08-02T14:20:53.341+0000] {dag.py:3239} INFO - Sync 1 DAGs
[2026-08-02T14:20:53.374+0000] {logging_mixin.py:190} INFO - [2026-08-02T14:20:53.373+0000] {dag.py:4180} INFO - Setting next_dagrun for finascore_ml_pipeline to 2026-07-26 00:00:00+00:00, run_after=2026-08-02 00:00:00+00:00
[2026-08-02T14:20:53.401+0000] {processor.py:208} INFO - Processing /opt/airflow/dags/finascore_pipeline_dag.py took 0.171 seconds
[2026-08-02T14:21:23.579+0000] {processor.py:186} INFO - Started process (PID=2926) to work on /opt/airflow/dags/finascore_pipeline_dag.py
[2026-08-02T14:21:23.580+0000] {processor.py:914} INFO - Processing file /opt/airflow/dags/finascore_pipeline_dag.py for tasks to queue
[2026-08-02T14:21:23.586+0000] {logging_mixin.py:190} INFO - [2026-08-02T14:21:23.583+0000] {dagbag.py:588} INFO - Filling up the DagBag from /opt/airflow/dags/finascore_pipeline_dag.py
[2026-08-02T14:21:23.622+0000] {processor.py:925} INFO - DAG(s) 'finascore_ml_pipeline' retrieved from /opt/airflow/dags/finascore_pipeline_dag.py
[2026-08-02T14:21:23.705+0000] {logging_mixin.py:190} INFO - [2026-08-02T14:21:23.705+0000] {dag.py:3239} INFO - Sync 1 DAGs
[2026-08-02T14:21:23.793+0000] {logging_mixin.py:190} INFO - [2026-08-02T14:21:23.792+0000] {dag.py:4180} INFO - Setting next_dagrun for finascore_ml_pipeline to 2026-07-26 00:00:00+00:00, run_after=2026-08-02 00:00:00+00:00
[2026-08-02T14:21:23.838+0000] {processor.py:208} INFO - Processing /opt/airflow/dags/finascore_pipeline_dag.py took 0.280 seconds
[2026-08-02T14:21:54.091+0000] {processor.py:186} INFO - Started process (PID=2931) to work on /opt/airflow/dags/finascore_pipeline_dag.py
[2026-08-02T14:21:54.093+0000] {processor.py:914} INFO - Processing file /opt/airflow/dags/finascore_pipeline_dag.py for tasks to queue
[2026-08-02T14:21:54.095+0000] {logging_mixin.py:190} INFO - [2026-08-02T14:21:54.095+0000] {dagbag.py:588} INFO - Filling up the DagBag from /opt/airflow/dags/finascore_pipeline_dag.py
[2026-08-02T14:21:54.131+0000] {processor.py:925} INFO - DAG(s) 'finascore_ml_pipeline' retrieved from /opt/airflow/dags/finascore_pipeline_dag.py
[2026-08-02T14:21:54.195+0000] {logging_mixin.py:190} INFO - [2026-08-02T14:21:54.195+0000] {dag.py:3239} INFO - Sync 1 DAGs
[2026-08-02T14:21:54.239+0000] {logging_mixin.py:190} INFO - [2026-08-02T14:21:54.239+0000] {dag.py:4180} INFO - Setting next_dagrun for finascore_ml_pipeline to 2026-07-26 00:00:00+00:00, run_after=2026-08-02 00:00:00+00:00
[2026-08-02T14:21:54.264+0000] {processor.py:208} INFO - Processing /opt/airflow/dags/finascore_pipeline_dag.py took 0.195 seconds
[2026-08-02T14:22:24.452+0000] {processor.py:186} INFO - Started process (PID=2936) to work on /opt/airflow/dags/finascore_pipeline_dag.py
[2026-08-02T14:22:24.453+0000] {processor.py:914} INFO - Processing file /opt/airflow/dags/finascore_pipeline_dag.py for tasks to queue
[2026-08-02T14:22:24.454+0000] {logging_mixin.py:190} INFO - [2026-08-02T14:22:24.454+0000] {dagbag.py:588} INFO - Filling up the DagBag from /opt/airflow/dags/finascore_pipeline_dag.py
[2026-08-02T14:22:24.472+0000] {processor.py:925} INFO - DAG(s) 'finascore_ml_pipeline' retrieved from /opt/airflow/dags/finascore_pipeline_dag.py
[2026-08-02T14:22:24.512+0000] {logging_mixin.py:190} INFO - [2026-08-02T14:22:24.512+0000] {dag.py:3239} INFO - Sync 1 DAGs
[2026-08-02T14:22:24.542+0000] {logging_mixin.py:190} INFO - [2026-08-02T14:22:24.542+0000] {dag.py:4180} INFO - Setting next_dagrun for finascore_ml_pipeline to 2026-07-26 00:00:00+00:00, run_after=2026-08-02 00:00:00+00:00
[2026-08-02T14:22:24.563+0000] {processor.py:208} INFO - Processing /opt/airflow/dags/finascore_pipeline_dag.py took 0.119 seconds
[2026-08-02T14:22:54.619+0000] {processor.py:186} INFO - Started process (PID=2941) to work on /opt/airflow/dags/finascore_pipeline_dag.py
[2026-08-02T14:22:54.621+0000] {processor.py:914} INFO - Processing file /opt/airflow/dags/finascore_pipeline_dag.py for tasks to queue
[2026-08-02T14:22:54.623+0000] {logging_mixin.py:190} INFO - [2026-08-02T14:22:54.622+0000] {dagbag.py:588} INFO - Filling up the DagBag from /opt/airflow/dags/finascore_pipeline_dag.py
[2026-08-02T14:22:54.652+0000] {processor.py:925} INFO - DAG(s) 'finascore_ml_pipeline' retrieved from /opt/airflow/dags/finascore_pipeline_dag.py
[2026-08-02T14:22:54.721+0000] {logging_mixin.py:190} INFO - [2026-08-02T14:22:54.720+0000] {dag.py:3239} INFO - Sync 1 DAGs
[2026-08-02T14:22:54.773+0000] {logging_mixin.py:190} INFO - [2026-08-02T14:22:54.772+0000] {dag.py:4180} INFO - Setting next_dagrun for finascore_ml_pipeline to 2026-07-26 00:00:00+00:00, run_after=2026-08-02 00:00:00+00:00
[2026-08-02T14:22:54.805+0000] {processor.py:208} INFO - Processing /opt/airflow/dags/finascore_pipeline_dag.py took 0.200 seconds
[2026-08-02T14:23:24.921+0000] {processor.py:186} INFO - Started process (PID=2946) to work on /opt/airflow/dags/finascore_pipeline_dag.py
[2026-08-02T14:23:24.922+0000] {processor.py:914} INFO - Processing file /opt/airflow/dags/finascore_pipeline_dag.py for tasks to queue
[2026-08-02T14:23:24.924+0000] {logging_mixin.py:190} INFO - [2026-08-02T14:23:24.923+0000] {dagbag.py:588} INFO - Filling up the DagBag from /opt/airflow/dags/finascore_pipeline_dag.py
[2026-08-02T14:23:24.944+0000] {processor.py:925} INFO - DAG(s) 'finascore_ml_pipeline' retrieved from /opt/airflow/dags/finascore_pipeline_dag.py
[2026-08-02T14:23:24.994+0000] {logging_mixin.py:190} INFO - [2026-08-02T14:23:24.994+0000] {dag.py:3239} INFO - Sync 1 DAGs
[2026-08-02T14:23:25.034+0000] {logging_mixin.py:190} INFO - [2026-08-02T14:23:25.033+0000] {dag.py:4180} INFO - Setting next_dagrun for finascore_ml_pipeline to 2026-07-26 00:00:00+00:00, run_after=2026-08-02 00:00:00+00:00
[2026-08-02T14:23:25.059+0000] {processor.py:208} INFO - Processing /opt/airflow/dags/finascore_pipeline_dag.py took 0.153 seconds
[2026-08-02T14:23:55.126+0000] {processor.py:186} INFO - Started process (PID=2951) to work on /opt/airflow/dags/finascore_pipeline_dag.py
[2026-08-02T14:23:55.128+0000] {processor.py:914} INFO - Processing file /opt/airflow/dags/finascore_pipeline_dag.py for tasks to queue
[2026-08-02T14:23:55.129+0000] {logging_mixin.py:190} INFO - [2026-08-02T14:23:55.129+0000] {dagbag.py:588} INFO - Filling up the DagBag from /opt/airflow/dags/finascore_pipeline_dag.py
[2026-08-02T14:23:55.144+0000] {processor.py:925} INFO - DAG(s) 'finascore_ml_pipeline' retrieved from /opt/airflow/dags/finascore_pipeline_dag.py
[2026-08-02T14:23:55.184+0000] {logging_mixin.py:190} INFO - [2026-08-02T14:23:55.184+0000] {dag.py:3239} INFO - Sync 1 DAGs
[2026-08-02T14:23:55.214+0000] {logging_mixin.py:190} INFO - [2026-08-02T14:23:55.214+0000] {dag.py:4180} INFO - Setting next_dagrun for finascore_ml_pipeline to 2026-07-26 00:00:00+00:00, run_after=2026-08-02 00:00:00+00:00
[2026-08-02T14:23:55.234+0000] {processor.py:208} INFO - Processing /opt/airflow/dags/finascore_pipeline_dag.py took 0.116 seconds
[2026-08-02T14:24:25.355+0000] {processor.py:186} INFO - Started process (PID=2956) to work on /opt/airflow/dags/finascore_pipeline_dag.py
[2026-08-02T14:24:25.356+0000] {processor.py:914} INFO - Processing file /opt/airflow/dags/finascore_pipeline_dag.py for tasks to queue
[2026-08-02T14:24:25.357+0000] {logging_mixin.py:190} INFO - [2026-08-02T14:24:25.357+0000] {dagbag.py:588} INFO - Filling up the DagBag from /opt/airflow/dags/finascore_pipeline_dag.py
[2026-08-02T14:24:25.374+0000] {processor.py:925} INFO - DAG(s) 'finascore_ml_pipeline' retrieved from /opt/airflow/dags/finascore_pipeline_dag.py
[2026-08-02T14:24:25.411+0000] {logging_mixin.py:190} INFO - [2026-08-02T14:24:25.411+0000] {dag.py:3239} INFO - Sync 1 DAGs
[2026-08-02T14:24:25.443+0000] {logging_mixin.py:190} INFO - [2026-08-02T14:24:25.442+0000] {dag.py:4180} INFO - Setting next_dagrun for finascore_ml_pipeline to 2026-07-26 00:00:00+00:00, run_after=2026-08-02 00:00:00+00:00
[2026-08-02T14:24:25.462+0000] {processor.py:208} INFO - Processing /opt/airflow/dags/finascore_pipeline_dag.py took 0.116 seconds
[2026-08-02T14:24:55.514+0000] {processor.py:186} INFO - Started process (PID=2961) to work on /opt/airflow/dags/finascore_pipeline_dag.py
[2026-08-02T14:24:55.517+0000] {processor.py:914} INFO - Processing file /opt/airflow/dags/finascore_pipeline_dag.py for tasks to queue
[2026-08-02T14:24:55.518+0000] {logging_mixin.py:190} INFO - [2026-08-02T14:24:55.518+0000] {dagbag.py:588} INFO - Filling up the DagBag from /opt/airflow/dags/finascore_pipeline_dag.py
[2026-08-02T14:24:55.534+0000] {processor.py:925} INFO - DAG(s) 'finascore_ml_pipeline' retrieved from /opt/airflow/dags/finascore_pipeline_dag.py
[2026-08-02T14:24:55.570+0000] {logging_mixin.py:190} INFO - [2026-08-02T14:24:55.570+0000] {dag.py:3239} INFO - Sync 1 DAGs
[2026-08-02T14:24:55.598+0000] {logging_mixin.py:190} INFO - [2026-08-02T14:24:55.598+0000] {dag.py:4180} INFO - Setting next_dagrun for finascore_ml_pipeline to 2026-07-26 00:00:00+00:00, run_after=2026-08-02 00:00:00+00:00
[2026-08-02T14:24:55.616+0000] {processor.py:208} INFO - Processing /opt/airflow/dags/finascore_pipeline_dag.py took 0.110 seconds
[2026-08-02T14:25:25.777+0000] {processor.py:186} INFO - Started process (PID=2966) to work on /opt/airflow/dags/finascore_pipeline_dag.py
[2026-08-02T14:25:25.778+0000] {processor.py:914} INFO - Processing file /opt/airflow/dags/finascore_pipeline_dag.py for tasks to queue
[2026-08-02T14:25:25.779+0000] {logging_mixin.py:190} INFO - [2026-08-02T14:25:25.779+0000] {dagbag.py:588} INFO - Filling up the DagBag from /opt/airflow/dags/finascore_pipeline_dag.py
[2026-08-02T14:25:25.796+0000] {processor.py:925} INFO - DAG(s) 'finascore_ml_pipeline' retrieved from /opt/airflow/dags/finascore_pipeline_dag.py
[2026-08-02T14:25:25.838+0000] {logging_mixin.py:190} INFO - [2026-08-02T14:25:25.837+0000] {dag.py:3239} INFO - Sync 1 DAGs
[2026-08-02T14:25:25.867+0000] {logging_mixin.py:190} INFO - [2026-08-02T14:25:25.866+0000] {dag.py:4180} INFO - Setting next_dagrun for finascore_ml_pipeline to 2026-07-26 00:00:00+00:00, run_after=2026-08-02 00:00:00+00:00
[2026-08-02T14:25:25.885+0000] {processor.py:208} INFO - Processing /opt/airflow/dags/finascore_pipeline_dag.py took 0.115 seconds
[2026-08-02T14:25:56.047+0000] {processor.py:186} INFO - Started process (PID=2971) to work on /opt/airflow/dags/finascore_pipeline_dag.py
[2026-08-02T14:25:56.048+0000] {processor.py:914} INFO - Processing file /opt/airflow/dags/finascore_pipeline_dag.py for tasks to queue
[2026-08-02T14:25:56.051+0000] {logging_mixin.py:190} INFO - [2026-08-02T14:25:56.050+0000] {dagbag.py:588} INFO - Filling up the DagBag from /opt/airflow/dags/finascore_pipeline_dag.py
[2026-08-02T14:25:56.068+0000] {processor.py:925} INFO - DAG(s) 'finascore_ml_pipeline' retrieved from /opt/airflow/dags/finascore_pipeline_dag.py
[2026-08-02T14:25:56.106+0000] {logging_mixin.py:190} INFO - [2026-08-02T14:25:56.106+0000] {dag.py:3239} INFO - Sync 1 DAGs
[2026-08-02T14:25:56.138+0000] {logging_mixin.py:190} INFO - [2026-08-02T14:25:56.137+0000] {dag.py:4180} INFO - Setting next_dagrun for finascore_ml_pipeline to 2026-07-26 00:00:00+00:00, run_after=2026-08-02 00:00:00+00:00
[2026-08-02T14:25:56.161+0000] {processor.py:208} INFO - Processing /opt/airflow/dags/finascore_pipeline_dag.py took 0.121 seconds
[2026-08-02T14:26:26.310+0000] {processor.py:186} INFO - Started process (PID=2976) to work on /opt/airflow/dags/finascore_pipeline_dag.py
[2026-08-02T14:26:26.311+0000] {processor.py:914} INFO - Processing file /opt/airflow/dags/finascore_pipeline_dag.py for tasks to queue
[2026-08-02T14:26:26.312+0000] {logging_mixin.py:190} INFO - [2026-08-02T14:26:26.312+0000] {dagbag.py:588} INFO - Filling up the DagBag from /opt/airflow/dags/finascore_pipeline_dag.py
[2026-08-02T14:26:26.328+0000] {processor.py:925} INFO - DAG(s) 'finascore_ml_pipeline' retrieved from /opt/airflow/dags/finascore_pipeline_dag.py
[2026-08-02T14:26:26.369+0000] {logging_mixin.py:190} INFO - [2026-08-02T14:26:26.368+0000] {dag.py:3239} INFO - Sync 1 DAGs
[2026-08-02T14:26:26.396+0000] {logging_mixin.py:190} INFO - [2026-08-02T14:26:26.396+0000] {dag.py:4180} INFO - Setting next_dagrun for finascore_ml_pipeline to 2026-07-26 00:00:00+00:00, run_after=2026-08-02 00:00:00+00:00
[2026-08-02T14:26:26.415+0000] {processor.py:208} INFO - Processing /opt/airflow/dags/finascore_pipeline_dag.py took 0.111 seconds
[2026-08-02T14:26:56.453+0000] {processor.py:186} INFO - Started process (PID=2981) to work on /opt/airflow/dags/finascore_pipeline_dag.py
[2026-08-02T14:26:56.454+0000] {processor.py:914} INFO - Processing file /opt/airflow/dags/finascore_pipeline_dag.py for tasks to queue
[2026-08-02T14:26:56.456+0000] {logging_mixin.py:190} INFO - [2026-08-02T14:26:56.455+0000] {dagbag.py:588} INFO - Filling up the DagBag from /opt/airflow/dags/finascore_pipeline_dag.py
[2026-08-02T14:26:56.472+0000] {processor.py:925} INFO - DAG(s) 'finascore_ml_pipeline' retrieved from /opt/airflow/dags/finascore_pipeline_dag.py
[2026-08-02T14:26:56.509+0000] {logging_mixin.py:190} INFO - [2026-08-02T14:26:56.509+0000] {dag.py:3239} INFO - Sync 1 DAGs
[2026-08-02T14:26:56.540+0000] {logging_mixin.py:190} INFO - [2026-08-02T14:26:56.540+0000] {dag.py:4180} INFO - Setting next_dagrun for finascore_ml_pipeline to 2026-07-26 00:00:00+00:00, run_after=2026-08-02 00:00:00+00:00
[2026-08-02T14:26:56.562+0000] {processor.py:208} INFO - Processing /opt/airflow/dags/finascore_pipeline_dag.py took 0.117 seconds
[2026-08-02T14:27:26.714+0000] {processor.py:186} INFO - Started process (PID=2986) to work on /opt/airflow/dags/finascore_pipeline_dag.py
[2026-08-02T14:27:26.715+0000] {processor.py:914} INFO - Processing file /opt/airflow/dags/finascore_pipeline_dag.py for tasks to queue
[2026-08-02T14:27:26.717+0000] {logging_mixin.py:190} INFO - [2026-08-02T14:27:26.717+0000] {dagbag.py:588} INFO - Filling up the DagBag from /opt/airflow/dags/finascore_pipeline_dag.py
[2026-08-02T14:27:26.735+0000] {processor.py:925} INFO - DAG(s) 'finascore_ml_pipeline' retrieved from /opt/airflow/dags/finascore_pipeline_dag.py
[2026-08-02T14:27:26.774+0000] {logging_mixin.py:190} INFO - [2026-08-02T14:27:26.774+0000] {dag.py:3239} INFO - Sync 1 DAGs
[2026-08-02T14:27:26.804+0000] {logging_mixin.py:190} INFO - [2026-08-02T14:27:26.804+0000] {dag.py:4180} INFO - Setting next_dagrun for finascore_ml_pipeline to 2026-07-26 00:00:00+00:00, run_after=2026-08-02 00:00:00+00:00
[2026-08-02T14:27:26.823+0000] {processor.py:208} INFO - Processing /opt/airflow/dags/finascore_pipeline_dag.py took 0.117 seconds
[2026-08-02T14:27:56.878+0000] {processor.py:186} INFO - Started process (PID=2991) to work on /opt/airflow/dags/finascore_pipeline_dag.py
[2026-08-02T14:27:56.880+0000] {processor.py:914} INFO - Processing file /opt/airflow/dags/finascore_pipeline_dag.py for tasks to queue
[2026-08-02T14:27:56.883+0000] {logging_mixin.py:190} INFO - [2026-08-02T14:27:56.882+0000] {dagbag.py:588} INFO - Filling up the DagBag from /opt/airflow/dags/finascore_pipeline_dag.py
[2026-08-02T14:27:56.909+0000] {processor.py:925} INFO - DAG(s) 'finascore_ml_pipeline' retrieved from /opt/airflow/dags/finascore_pipeline_dag.py
[2026-08-02T14:27:56.953+0000] {logging_mixin.py:190} INFO - [2026-08-02T14:27:56.953+0000] {dag.py:3239} INFO - Sync 1 DAGs
[2026-08-02T14:27:56.981+0000] {logging_mixin.py:190} INFO - [2026-08-02T14:27:56.981+0000] {dag.py:4180} INFO - Setting next_dagrun for finascore_ml_pipeline to 2026-07-26 00:00:00+00:00, run_after=2026-08-02 00:00:00+00:00
[2026-08-02T14:27:57.002+0000] {processor.py:208} INFO - Processing /opt/airflow/dags/finascore_pipeline_dag.py took 0.134 seconds
[2026-08-02T14:28:27.113+0000] {processor.py:186} INFO - Started process (PID=2996) to work on /opt/airflow/dags/finascore_pipeline_dag.py
[2026-08-02T14:28:27.114+0000] {processor.py:914} INFO - Processing file /opt/airflow/dags/finascore_pipeline_dag.py for tasks to queue
[2026-08-02T14:28:27.117+0000] {logging_mixin.py:190} INFO - [2026-08-02T14:28:27.116+0000] {dagbag.py:588} INFO - Filling up the DagBag from /opt/airflow/dags/finascore_pipeline_dag.py
[2026-08-02T14:28:27.137+0000] {processor.py:925} INFO - DAG(s) 'finascore_ml_pipeline' retrieved from /opt/airflow/dags/finascore_pipeline_dag.py
[2026-08-02T14:28:27.177+0000] {logging_mixin.py:190} INFO - [2026-08-02T14:28:27.177+0000] {dag.py:3239} INFO - Sync 1 DAGs
[2026-08-02T14:28:27.205+0000] {logging_mixin.py:190} INFO - [2026-08-02T14:28:27.205+0000] {dag.py:4180} INFO - Setting next_dagrun for finascore_ml_pipeline to 2026-07-26 00:00:00+00:00, run_after=2026-08-02 00:00:00+00:00
[2026-08-02T14:28:27.223+0000] {processor.py:208} INFO - Processing /opt/airflow/dags/finascore_pipeline_dag.py took 0.120 seconds
[2026-08-02T14:28:57.310+0000] {processor.py:186} INFO - Started process (PID=3001) to work on /opt/airflow/dags/finascore_pipeline_dag.py
[2026-08-02T14:28:57.311+0000] {processor.py:914} INFO - Processing file /opt/airflow/dags/finascore_pipeline_dag.py for tasks to queue
[2026-08-02T14:28:57.313+0000] {logging_mixin.py:190} INFO - [2026-08-02T14:28:57.312+0000] {dagbag.py:588} INFO - Filling up the DagBag from /opt/airflow/dags/finascore_pipeline_dag.py
[2026-08-02T14:28:57.343+0000] {processor.py:925} INFO - DAG(s) 'finascore_ml_pipeline' retrieved from /opt/airflow/dags/finascore_pipeline_dag.py
[2026-08-02T14:28:57.388+0000] {logging_mixin.py:190} INFO - [2026-08-02T14:28:57.388+0000] {dag.py:3239} INFO - Sync 1 DAGs
[2026-08-02T14:28:57.417+0000] {logging_mixin.py:190} INFO - [2026-08-02T14:28:57.417+0000] {dag.py:4180} INFO - Setting next_dagrun for finascore_ml_pipeline to 2026-07-26 00:00:00+00:00, run_after=2026-08-02 00:00:00+00:00
[2026-08-02T14:28:57.438+0000] {processor.py:208} INFO - Processing /opt/airflow/dags/finascore_pipeline_dag.py took 0.138 seconds
[2026-08-02T14:29:27.538+0000] {processor.py:186} INFO - Started process (PID=3006) to work on /opt/airflow/dags/finascore_pipeline_dag.py
[2026-08-02T14:29:27.539+0000] {processor.py:914} INFO - Processing file /opt/airflow/dags/finascore_pipeline_dag.py for tasks to queue
[2026-08-02T14:29:27.540+0000] {logging_mixin.py:190} INFO - [2026-08-02T14:29:27.539+0000] {dagbag.py:588} INFO - Filling up the DagBag from /opt/airflow/dags/finascore_pipeline_dag.py
[2026-08-02T14:29:27.573+0000] {processor.py:925} INFO - DAG(s) 'finascore_ml_pipeline' retrieved from /opt/airflow/dags/finascore_pipeline_dag.py
[2026-08-02T14:29:27.634+0000] {logging_mixin.py:190} INFO - [2026-08-02T14:29:27.632+0000] {dag.py:3239} INFO - Sync 1 DAGs
[2026-08-02T14:29:27.671+0000] {logging_mixin.py:190} INFO - [2026-08-02T14:29:27.670+0000] {dag.py:4180} INFO - Setting next_dagrun for finascore_ml_pipeline to 2026-07-26 00:00:00+00:00, run_after=2026-08-02 00:00:00+00:00
[2026-08-02T14:29:27.699+0000] {processor.py:208} INFO - Processing /opt/airflow/dags/finascore_pipeline_dag.py took 0.172 seconds
[2026-08-02T14:29:57.868+0000] {processor.py:186} INFO - Started process (PID=3011) to work on /opt/airflow/dags/finascore_pipeline_dag.py
[2026-08-02T14:29:57.870+0000] {processor.py:914} INFO - Processing file /opt/airflow/dags/finascore_pipeline_dag.py for tasks to queue
[2026-08-02T14:29:57.872+0000] {logging_mixin.py:190} INFO - [2026-08-02T14:29:57.871+0000] {dagbag.py:588} INFO - Filling up the DagBag from /opt/airflow/dags/finascore_pipeline_dag.py
[2026-08-02T14:29:57.894+0000] {processor.py:925} INFO - DAG(s) 'finascore_ml_pipeline' retrieved from /opt/airflow/dags/finascore_pipeline_dag.py
[2026-08-02T14:29:57.953+0000] {logging_mixin.py:190} INFO - [2026-08-02T14:29:57.952+0000] {dag.py:3239} INFO - Sync 1 DAGs
[2026-08-02T14:29:58.001+0000] {logging_mixin.py:190} INFO - [2026-08-02T14:29:58.001+0000] {dag.py:4180} INFO - Setting next_dagrun for finascore_ml_pipeline to 2026-07-26 00:00:00+00:00, run_after=2026-08-02 00:00:00+00:00
[2026-08-02T14:29:58.026+0000] {processor.py:208} INFO - Processing /opt/airflow/dags/finascore_pipeline_dag.py took 0.168 seconds
[2026-08-02T14:30:28.103+0000] {processor.py:186} INFO - Started process (PID=3016) to work on /opt/airflow/dags/finascore_pipeline_dag.py
[2026-08-02T14:30:28.104+0000] {processor.py:914} INFO - Processing file /opt/airflow/dags/finascore_pipeline_dag.py for tasks to queue
[2026-08-02T14:30:28.107+0000] {logging_mixin.py:190} INFO - [2026-08-02T14:30:28.106+0000] {dagbag.py:588} INFO - Filling up the DagBag from /opt/airflow/dags/finascore_pipeline_dag.py
[2026-08-02T14:30:28.136+0000] {processor.py:925} INFO - DAG(s) 'finascore_ml_pipeline' retrieved from /opt/airflow/dags/finascore_pipeline_dag.py
[2026-08-02T14:30:28.197+0000] {logging_mixin.py:190} INFO - [2026-08-02T14:30:28.197+0000] {dag.py:3239} INFO - Sync 1 DAGs
[2026-08-02T14:30:28.246+0000] {logging_mixin.py:190} INFO - [2026-08-02T14:30:28.246+0000] {dag.py:4180} INFO - Setting next_dagrun for finascore_ml_pipeline to 2026-07-26 00:00:00+00:00, run_after=2026-08-02 00:00:00+00:00
[2026-08-02T14:30:28.270+0000] {processor.py:208} INFO - Processing /opt/airflow/dags/finascore_pipeline_dag.py took 0.179 seconds
[2026-08-02T14:30:58.433+0000] {processor.py:186} INFO - Started process (PID=3021) to work on /opt/airflow/dags/finascore_pipeline_dag.py
[2026-08-02T14:30:58.435+0000] {processor.py:914} INFO - Processing file /opt/airflow/dags/finascore_pipeline_dag.py for tasks to queue
[2026-08-02T14:30:58.436+0000] {logging_mixin.py:190} INFO - [2026-08-02T14:30:58.436+0000] {dagbag.py:588} INFO - Filling up the DagBag from /opt/airflow/dags/finascore_pipeline_dag.py
[2026-08-02T14:30:58.452+0000] {processor.py:925} INFO - DAG(s) 'finascore_ml_pipeline' retrieved from /opt/airflow/dags/finascore_pipeline_dag.py
[2026-08-02T14:30:58.490+0000] {logging_mixin.py:190} INFO - [2026-08-02T14:30:58.489+0000] {dag.py:3239} INFO - Sync 1 DAGs
[2026-08-02T14:30:58.520+0000] {logging_mixin.py:190} INFO - [2026-08-02T14:30:58.519+0000] {dag.py:4180} INFO - Setting next_dagrun for finascore_ml_pipeline to 2026-07-26 00:00:00+00:00, run_after=2026-08-02 00:00:00+00:00
[2026-08-02T14:30:58.538+0000] {processor.py:208} INFO - Processing /opt/airflow/dags/finascore_pipeline_dag.py took 0.114 seconds
[2026-08-02T14:31:28.577+0000] {processor.py:186} INFO - Started process (PID=3026) to work on /opt/airflow/dags/finascore_pipeline_dag.py
[2026-08-02T14:31:28.580+0000] {processor.py:914} INFO - Processing file /opt/airflow/dags/finascore_pipeline_dag.py for tasks to queue
[2026-08-02T14:31:28.582+0000] {logging_mixin.py:190} INFO - [2026-08-02T14:31:28.581+0000] {dagbag.py:588} INFO - Filling up the DagBag from /opt/airflow/dags/finascore_pipeline_dag.py
[2026-08-02T14:31:28.598+0000] {processor.py:925} INFO - DAG(s) 'finascore_ml_pipeline' retrieved from /opt/airflow/dags/finascore_pipeline_dag.py
[2026-08-02T14:31:28.636+0000] {logging_mixin.py:190} INFO - [2026-08-02T14:31:28.636+0000] {dag.py:3239} INFO - Sync 1 DAGs
[2026-08-02T14:31:28.664+0000] {logging_mixin.py:190} INFO - [2026-08-02T14:31:28.663+0000] {dag.py:4180} INFO - Setting next_dagrun for finascore_ml_pipeline to 2026-07-26 00:00:00+00:00, run_after=2026-08-02 00:00:00+00:00
[2026-08-02T14:31:28.683+0000] {processor.py:208} INFO - Processing /opt/airflow/dags/finascore_pipeline_dag.py took 0.114 seconds
[2026-08-02T14:31:58.870+0000] {processor.py:186} INFO - Started process (PID=3031) to work on /opt/airflow/dags/finascore_pipeline_dag.py
[2026-08-02T14:31:58.870+0000] {processor.py:914} INFO - Processing file /opt/airflow/dags/finascore_pipeline_dag.py for tasks to queue
[2026-08-02T14:31:58.872+0000] {logging_mixin.py:190} INFO - [2026-08-02T14:31:58.871+0000] {dagbag.py:588} INFO - Filling up the DagBag from /opt/airflow/dags/finascore_pipeline_dag.py
[2026-08-02T14:31:58.888+0000] {processor.py:925} INFO - DAG(s) 'finascore_ml_pipeline' retrieved from /opt/airflow/dags/finascore_pipeline_dag.py
[2026-08-02T14:31:58.925+0000] {logging_mixin.py:190} INFO - [2026-08-02T14:31:58.925+0000] {dag.py:3239} INFO - Sync 1 DAGs
[2026-08-02T14:31:58.957+0000] {logging_mixin.py:190} INFO - [2026-08-02T14:31:58.957+0000] {dag.py:4180} INFO - Setting next_dagrun for finascore_ml_pipeline to 2026-07-26 00:00:00+00:00, run_after=2026-08-02 00:00:00+00:00
[2026-08-02T14:31:58.978+0000] {processor.py:208} INFO - Processing /opt/airflow/dags/finascore_pipeline_dag.py took 0.118 seconds
[2026-08-02T14:32:29.054+0000] {processor.py:186} INFO - Started process (PID=3036) to work on /opt/airflow/dags/finascore_pipeline_dag.py
[2026-08-02T14:32:29.055+0000] {processor.py:914} INFO - Processing file /opt/airflow/dags/finascore_pipeline_dag.py for tasks to queue
[2026-08-02T14:32:29.058+0000] {logging_mixin.py:190} INFO - [2026-08-02T14:32:29.057+0000] {dagbag.py:588} INFO - Filling up the DagBag from /opt/airflow/dags/finascore_pipeline_dag.py
[2026-08-02T14:32:29.087+0000] {processor.py:925} INFO - DAG(s) 'finascore_ml_pipeline' retrieved from /opt/airflow/dags/finascore_pipeline_dag.py
[2026-08-02T14:32:29.142+0000] {logging_mixin.py:190} INFO - [2026-08-02T14:32:29.142+0000] {dag.py:3239} INFO - Sync 1 DAGs
[2026-08-02T14:32:29.191+0000] {logging_mixin.py:190} INFO - [2026-08-02T14:32:29.191+0000] {dag.py:4180} INFO - Setting next_dagrun for finascore_ml_pipeline to 2026-07-26 00:00:00+00:00, run_after=2026-08-02 00:00:00+00:00
[2026-08-02T14:32:29.225+0000] {processor.py:208} INFO - Processing /opt/airflow/dags/finascore_pipeline_dag.py took 0.188 seconds
[2026-08-02T14:32:59.482+0000] {processor.py:186} INFO - Started process (PID=3041) to work on /opt/airflow/dags/finascore_pipeline_dag.py
[2026-08-02T14:32:59.486+0000] {processor.py:914} INFO - Processing file /opt/airflow/dags/finascore_pipeline_dag.py for tasks to queue
[2026-08-02T14:32:59.498+0000] {logging_mixin.py:190} INFO - [2026-08-02T14:32:59.493+0000] {dagbag.py:588} INFO - Filling up the DagBag from /opt/airflow/dags/finascore_pipeline_dag.py
[2026-08-02T14:32:59.619+0000] {processor.py:925} INFO - DAG(s) 'finascore_ml_pipeline' retrieved from /opt/airflow/dags/finascore_pipeline_dag.py
[2026-08-02T14:32:59.774+0000] {logging_mixin.py:190} INFO - [2026-08-02T14:32:59.773+0000] {dag.py:3239} INFO - Sync 1 DAGs
[2026-08-02T14:32:59.895+0000] {logging_mixin.py:190} INFO - [2026-08-02T14:32:59.894+0000] {dag.py:4180} INFO - Setting next_dagrun for finascore_ml_pipeline to 2026-07-26 00:00:00+00:00, run_after=2026-08-02 00:00:00+00:00
[2026-08-02T14:32:59.950+0000] {processor.py:208} INFO - Processing /opt/airflow/dags/finascore_pipeline_dag.py took 0.538 seconds
[2026-08-02T14:33:30.191+0000] {processor.py:186} INFO - Started process (PID=3046) to work on /opt/airflow/dags/finascore_pipeline_dag.py
[2026-08-02T14:33:30.193+0000] {processor.py:914} INFO - Processing file /opt/airflow/dags/finascore_pipeline_dag.py for tasks to queue
[2026-08-02T14:33:30.194+0000] {logging_mixin.py:190} INFO - [2026-08-02T14:33:30.194+0000] {dagbag.py:588} INFO - Filling up the DagBag from /opt/airflow/dags/finascore_pipeline_dag.py
[2026-08-02T14:33:30.217+0000] {processor.py:925} INFO - DAG(s) 'finascore_ml_pipeline' retrieved from /opt/airflow/dags/finascore_pipeline_dag.py
[2026-08-02T14:33:30.272+0000] {logging_mixin.py:190} INFO - [2026-08-02T14:33:30.272+0000] {dag.py:3239} INFO - Sync 1 DAGs
[2026-08-02T14:33:30.307+0000] {logging_mixin.py:190} INFO - [2026-08-02T14:33:30.307+0000] {dag.py:4180} INFO - Setting next_dagrun for finascore_ml_pipeline to 2026-07-26 00:00:00+00:00, run_after=2026-08-02 00:00:00+00:00
[2026-08-02T14:33:30.329+0000] {processor.py:208} INFO - Processing /opt/airflow/dags/finascore_pipeline_dag.py took 0.150 seconds
